case,id,sex,deg,yrdeg,field,startyr,year,rank,admin,salary,rank_order
2,2,M,Other,91,Other,94,94,Assist,0,4743.0,1
3,2,M,Other,91,Other,94,95,Assist,0,4881.0,1
5,6,M,PhD,66,Other,91,91,Full,1,11182.0,3
6,6,M,PhD,66,Other,91,92,Full,1,11507.0,3
7,6,M,PhD,66,Other,91,93,Full,0,11840.0,3
8,6,M,PhD,66,Other,91,94,Full,0,11840.0,3
9,6,M,PhD,66,Other,91,95,Full,0,12184.0,3
10,7,M,PhD,70,Other,71,76,Assist,0,1730.0,1
11,7,M,PhD,70,Other,71,77,Assist,0,1851.0,1
12,7,M,PhD,70,Other,71,78,Assist,0,1981.0,1
13,7,M,PhD,70,Other,71,79,Assoc,0,2237.0,2
14,7,M,PhD,70,Other,71,80,Assoc,0,2410.0,2
15,7,M,PhD,70,Other,71,81,Assoc,0,2639.0,2
16,7,M,PhD,70,Other,71,82,Assoc,0,2639.0,2
17,7,M,PhD,70,Other,71,83,Assoc,0,2784.0,2
18,7,M,PhD,70,Other,71,84,Assoc,0,2973.0,2
19,7,M,PhD,70,Other,71,85,Assoc,0,2973.0,2
20,7,M,PhD,70,Other,71,86,Assoc,0,3063.0,2
21,7,M,PhD,70,Other,71,87,Assoc,0,3217.0,2
22,7,M,PhD,70,Other,71,88,Assoc,0,3406.0,2
23,7,M,PhD,70,Other,71,89,Assoc,0,3643.0,2
24,7,M,PhD,70,Other,71,90,Assoc,0,3814.0,2
25,7,M,PhD,70,Other,71,91,Assoc,0,3991.0,2
26,7,M,PhD,70,Other,71,92,Assoc,0,4165.0,2
27,7,M,PhD,70,Other,71,93,Assoc,0,4286.0,2
28,7,M,PhD,70,Other,71,94,Assoc,0,4286.0,2
29,7,M,PhD,70,Other,71,95,Assoc,0,4604.0,2
31,9,M,PhD,82,Other,87,87,Assist,0,4105.0,1
32,9,M,PhD,82,Other,87,88,Assist,0,4105.0,1
33,9,M,PhD,82,Other,87,89,Assist,0,4393.0,1
34,9,M,PhD,82,Other,87,90,Assoc,0,4800.0,2
35,9,M,PhD,82,Other,87,91,Assoc,0,5022.0,2
36,9,M,PhD,82,Other,87,92,Assoc,0,5168.0,2
37,9,M,PhD,82,Other,87,93,Assoc,0,5318.0,2
38,9,M,PhD,82,Other,87,94,Assoc,0,5318.0,2
39,9,M,PhD,82,Other,87,95,Assoc,0,5472.0,2
40,10,M,PhD,68,Arts,80,80,Assoc,0,3250.0,2
41,10,M,PhD,68,Arts,80,81,Assoc,0,3671.0,2
42,10,M,PhD,68,Arts,80,82,Assoc,0,3831.0,2
43,10,M,PhD,68,Arts,80,83,Assoc,0,4042.0,2
44,10,M,PhD,68,Arts,80,84,Assoc,0,4317.0,2
45,10,M,PhD,68,Arts,80,85,Assoc,0,4317.0,2
46,10,M,PhD,68,Arts,80,86,Assoc,0,4708.0,2
47,10,M,PhD,68,Arts,80,87,Assoc,0,4944.0,2
48,10,M,PhD,68,Arts,80,88,Assoc,0,5015.0,2
49,10,M,PhD,68,Arts,80,89,Assoc,1,5846.0,2
50,10,M,PhD,68,Arts,80,90,Assoc,1,6120.0,2
51,10,M,PhD,68,Arts,80,91,Assoc,1,6590.0,2
52,10,M,PhD,68,Arts,80,92,Assoc,1,6781.0,2
53,10,M,PhD,68,Arts,80,93,Full,1,7180.0,3
54,10,M,PhD,68,Arts,80,94,Full,0,7180.0,3
55,10,M,PhD,68,Arts,80,95,Full,0,7494.0,3
56,12,M,PhD,64,Other,64,76,Full,0,2339.0,3
57,12,M,PhD,64,Other,64,77,Full,0,2502.0,3
58,12,M,PhD,64,Other,64,78,Full,0,2628.0,3
59,12,M,PhD,64,Other,64,79,Full,0,2895.0,3
60,12,M,PhD,64,Other,64,80,Full,0,3058.0,3
61,12,M,PhD,64,Other,64,81,Full,0,3417.0,3
62,12,M,PhD,64,Other,64,82,Full,0,3619.0,3
63,12,M,PhD,64,Other,64,83,Full,0,4798.0,3
64,12,M,PhD,64,Other,64,84,Full,0,5052.0,3
65,12,M,PhD,64,Other,64,85,Full,0,5052.0,3
66,12,M,PhD,64,Other,64,86,Full,0,5203.0,3
67,12,M,PhD,64,Other,64,87,Full,0,5464.0,3
68,12,M,PhD,64,Other,64,88,Full,0,5786.0,3
69,12,M,PhD,64,Other,64,89,Full,0,7743.284,3
70,12,M,PhD,64,Other,64,90,Full,0,8145.0,3
71,12,M,PhD,64,Other,64,91,Full,0,8523.0,3
72,12,M,PhD,64,Other,64,92,Full,0,8770.0,3
73,12,M,PhD,64,Other,64,93,Full,0,9025.0,3
74,12,M,PhD,64,Other,64,94,Full,0,9025.0,3
75,12,M,PhD,64,Other,64,95,Full,0,9286.0,3
76,13,M,PhD,68,Prof,69,76,Assoc,0,1875.0,2
77,13,M,PhD,68,Prof,69,77,Assoc,0,2136.0,2
78,13,M,PhD,68,Prof,69,78,Assoc,0,2256.0,2
79,13,M,PhD,68,Prof,69,79,Assoc,0,2540.0,2
80,13,M,PhD,68,Prof,69,80,Assoc,0,2824.0,2
81,13,M,PhD,68,Prof,69,81,Assoc,0,3137.0,2
82,13,M,PhD,68,Prof,69,82,Full,0,3322.0,3
83,13,M,PhD,68,Prof,69,83,Full,0,3505.0,3
84,13,M,PhD,68,Prof,69,84,Full,0,3742.0,3
85,13,M,PhD,68,Prof,69,85,Full,0,3742.0,3
86,13,M,PhD,68,Prof,69,86,Full,0,4641.0,3
87,13,M,PhD,68,Prof,69,87,Full,0,4874.0,3
88,13,M,PhD,68,Prof,69,88,Full,0,6675.0,3
89,13,M,PhD,68,Prof,69,89,Full,0,7142.0,3
90,13,M,PhD,68,Prof,69,90,Full,0,7475.0,3
91,13,M,PhD,68,Prof,69,91,Full,0,7935.0,3
92,13,M,PhD,68,Prof,69,92,Full,0,8165.0,3
93,13,M,PhD,68,Prof,69,93,Full,0,8402.0,3
94,13,M,PhD,68,Prof,69,94,Full,0,8402.0,3
95,13,M,PhD,68,Prof,69,95,Full,0,8770.0,3
96,14,M,PhD,79,Other,92,92,Assoc,0,8646.0,2
97,14,M,PhD,79,Other,92,93,Assoc,0,8770.0,2
98,14,M,PhD,79,Other,92,94,Full,0,9025.0,3
99,14,M,PhD,79,Other,92,95,Full,0,9477.0,3
100,15,M,PhD,72,Other,91,91,Full,0,4538.0,3
101,15,M,PhD,72,Other,91,92,Full,0,4737.0,3
102,15,M,PhD,72,Other,91,93,Full,0,4875.0,3
103,15,M,PhD,72,Other,91,94,Full,0,4875.0,3
104,15,M,PhD,72,Other,91,95,Full,0,5088.0,3
105,16,M,PhD,73,Other,79,79,Assist,0,1889.0,1
106,16,M,PhD,73,Other,79,80,Assist,0,2037.0,1
107,16,M,PhD,73,Other,79,81,Assist,0,2323.0,1
108,16,M,PhD,73,Other,79,82,Assoc,0,2425.0,2
109,16,M,PhD,73,Other,79,83,Assoc,0,3619.0,2
110,16,M,PhD,73,Other,79,84,Assoc,0,3742.0,2
111,16,M,PhD,73,Other,79,85,Assoc,0,3742.0,2
112,16,M,PhD,73,Other,79,86,Assoc,0,4081.0,2
113,16,M,PhD,73,Other,79,87,Assoc,0,4286.0,2
114,16,M,PhD,73,Other,79,88,Assoc,0,4538.0,2
115,16,M,PhD,73,Other,79,89,Full,0,5290.0,3
116,16,M,PhD,73,Other,79,90,Full,0,6480.0,3
117,16,M,PhD,73,Other,79,91,Full,0,6977.0,3
118,16,M,PhD,73,Other,79,92,Full,0,7180.0,3
119,16,M,PhD,73,Other,79,93,Full,0,7602.0,3
120,16,M,PhD,73,Other,79,94,Full,0,7602.0,3
121,16,M,PhD,73,Other,79,95,Full,0,7935.0,3
122,17,M,PhD,72,Other,72,76,Assist,0,1773.0,1
123,17,M,PhD,72,Other,72,77,Assoc,0,2019.0,2
124,17,M,PhD,72,Other,72,78,Assoc,0,2176.0,2
125,17,M,PhD,72,Other,72,79,Assoc,0,2411.0,2
126,17,M,PhD,72,Other,72,80,Assoc,0,2552.0,2
127,17,M,PhD,72,Other,72,81,Assoc,0,2758.0,2
128,17,M,PhD,72,Other,72,82,Assoc,0,2838.0,2
129,17,M,PhD,72,Other,72,83,Full,0,2994.0,3
130,17,M,PhD,72,Other,72,84,Full,0,3197.0,3
131,17,M,PhD,72,Other,72,85,Full,0,3197.0,3
132,17,M,PhD,72,Other,72,86,Full,0,3293.0,3
133,17,M,PhD,72,Other,72,87,Full,0,3458.0,3
134,17,M,PhD,72,Other,72,88,Full,0,3877.0,3
135,17,M,PhD,72,Other,72,89,Full,0,4520.0,3
136,17,M,PhD,72,Other,72,90,Full,0,4731.0,3
137,17,M,PhD,72,Other,72,91,Full,0,5168.0,3
138,17,M,PhD,72,Other,72,92,Full,0,5318.0,3
139,17,M,PhD,72,Other,72,93,Full,0,5394.0,3
140,17,M,PhD,72,Other,72,94,Full,0,5394.0,3
141,17,M,PhD,72,Other,72,95,Full,0,5472.0,3
142,18,M,PhD,67,Prof,69,76,Assoc,0,2180.0,2
143,18,M,PhD,67,Prof,69,77,Assoc,0,1915.0,2
144,18,M,PhD,67,Prof,69,79,Full,0,2610.0,3
145,18,M,PhD,67,Prof,69,81,Full,0,3178.0,3
146,18,M,PhD,67,Prof,69,82,Full,0,3365.0,3
147,18,M,PhD,67,Prof,69,83,Full,0,3550.0,3
148,18,M,PhD,67,Prof,69,84,Full,0,4013.0,3
149,18,M,PhD,67,Prof,69,85,Full,0,4013.0,3
150,18,M,PhD,67,Prof,69,86,Full,0,4908.0,3
151,18,M,PhD,67,Prof,69,87,Full,0,5155.0,3
152,18,M,PhD,67,Prof,69,88,Full,0,5305.0,3
153,18,M,PhD,67,Prof,69,89,Full,0,5756.0,3
154,18,M,PhD,67,Prof,69,90,Full,0,6025.0,3
155,18,M,PhD,67,Prof,69,91,Full,0,6305.0,3
156,18,M,PhD,67,Prof,69,92,Full,0,6581.0,3
157,18,M,PhD,67,Prof,69,93,Full,0,6772.0,3
158,18,M,PhD,67,Prof,69,94,Full,0,6772.0,3
159,18,M,PhD,67,Prof,69,95,Full,0,7069.0,3
160,19,M,PhD,79,Other,91,91,Assist,0,3221.0,1
161,19,M,PhD,79,Other,91,92,Assist,0,3509.0,1
162,19,M,PhD,79,Other,91,93,Assist,0,3509.0,1
163,19,M,PhD,79,Other,91,94,Assoc,0,3611.0,2
164,19,M,PhD,79,Other,91,95,Assoc,0,4332.0,2
166,21,M,PhD,88,Arts,88,88,Assist,0,2913.0,1
167,21,M,PhD,88,Arts,88,89,Assist,0,3029.0,1
168,21,M,PhD,88,Arts,88,90,Assist,0,3310.0,1
169,21,M,PhD,88,Arts,88,91,Assist,0,3564.0,1
170,21,M,PhD,88,Arts,88,92,Assist,0,3774.0,1
171,21,M,PhD,88,Arts,88,93,Assist,0,3883.0,1
172,21,M,PhD,88,Arts,88,94,Assoc,0,3996.0,2
173,21,M,PhD,88,Arts,88,95,Assoc,0,4171.0,2
174,22,M,PhD,93,Other,93,93,Assist,0,4676.0,1
175,22,M,PhD,93,Other,93,94,Assist,0,4676.0,1
176,22,M,PhD,93,Other,93,95,Assist,0,4881.0,1
177,23,M,PhD,70,Other,70,76,Full,0,2601.818,3
178,23,M,PhD,70,Other,70,77,Full,0,2990.411,3
179,23,M,PhD,70,Other,70,78,Full,0,3195.522,3
180,23,M,PhD,70,Other,70,79,Full,0,3556.0,3
181,23,M,PhD,70,Other,70,80,Full,0,3897.0,3
182,23,M,PhD,70,Other,70,81,Full,0,4358.0,3
183,23,M,PhD,70,Other,70,82,Full,0,4681.0,3
184,23,M,PhD,70,Other,70,84,Full,0,5199.0,3
185,23,M,PhD,70,Other,70,85,Full,0,5199.0,3
186,23,M,PhD,70,Other,70,86,Full,0,6730.0,3
187,23,M,PhD,70,Other,70,87,Full,0,7067.0,3
188,23,M,PhD,70,Other,70,88,Full,0,7377.0,3
189,23,M,PhD,70,Other,70,89,Full,0,8122.0,3
190,23,M,PhD,70,Other,70,90,Full,0,8748.0,3
191,23,M,PhD,70,Other,70,91,Full,0,9420.0,3
192,23,M,PhD,70,Other,70,92,Full,0,9974.0,3
193,23,M,PhD,70,Other,70,93,Full,0,10411.0,3
194,23,M,PhD,70,Other,70,94,Full,0,10411.0,3
195,23,M,PhD,70,Other,70,95,Full,0,10867.0,3
196,24,M,PhD,76,Prof,83,83,Assoc,0,3985.0,2
197,24,M,PhD,76,Prof,83,84,Assoc,0,4195.0,2
198,24,M,PhD,76,Prof,83,85,Assoc,0,4195.0,2
199,24,M,PhD,76,Prof,83,86,Full,0,5354.0,3
200,24,M,PhD,76,Prof,83,87,Full,0,5623.0,3
201,24,M,PhD,76,Prof,83,88,Full,0,5953.0,3
202,24,M,PhD,76,Prof,83,89,Full,0,6462.0,3
203,24,M,PhD,76,Prof,83,90,Full,0,7583.0,3
204,24,M,PhD,76,Prof,83,91,Full,0,8049.0,3
205,24,M,PhD,76,Prof,83,92,Full,0,8402.0,3
206,24,M,PhD,76,Prof,83,93,Full,0,8770.0,3
207,24,M,PhD,76,Prof,83,94,Full,0,8770.0,3
208,24,M,PhD,76,Prof,83,95,Full,0,9420.0,3
209,26,M,PhD,67,Other,71,76,Assoc,0,1908.772,2
210,26,M,PhD,67,Other,71,77,Assoc,0,2097.0,2
211,26,M,PhD,67,Other,71,78,Assoc,0,2176.0,2
212,26,M,PhD,67,Other,71,79,Assoc,0,2454.0,2
213,26,M,PhD,67,Other,71,80,Assoc,0,2642.0,2
214,26,M,PhD,67,Other,71,81,Assoc,0,2838.0,2
215,26,M,PhD,67,Other,71,82,Assoc,0,2920.0,2
216,26,M,PhD,67,Other,71,83,Assoc,0,3081.0,2
217,26,M,PhD,67,Other,71,84,Assoc,0,3484.0,2
218,26,M,PhD,67,Other,71,85,Full,0,3586.0,3
219,26,M,PhD,67,Other,71,86,Full,0,4023.0,3
220,26,M,PhD,67,Other,71,87,Full,0,4225.0,3
221,26,M,PhD,67,Other,71,88,Full,0,4410.0,3
222,26,M,PhD,67,Other,71,89,Full,0,4718.0,3
223,26,M,PhD,67,Other,71,90,Full,0,4800.0,3
224,26,M,PhD,67,Other,71,91,Full,0,4881.0,3
225,26,M,PhD,67,Other,71,92,Full,0,4881.0,3
226,26,M,PhD,67,Other,71,93,Full,0,4951.0,3
227,26,M,PhD,67,Other,71,94,Full,0,4951.0,3
228,26,M,PhD,67,Other,71,95,Full,0,5022.0,3
229,28,M,PhD,92,Prof,93,93,Assist,0,3828.0,1
230,28,M,PhD,92,Prof,93,94,Assist,0,3828.0,1
231,28,M,PhD,92,Prof,93,95,Assist,0,4292.0,1
232,29,M,PhD,80,Other,81,81,Assist,0,1985.0,1
233,29,M,PhD,80,Other,81,85,Assist,0,3223.0,1
234,29,M,PhD,80,Other,81,86,Assist,0,3341.0,1
235,29,M,PhD,80,Other,81,87,Assoc,0,3610.0,2
236,29,M,PhD,80,Other,81,88,Assoc,0,3715.0,2
237,29,M,PhD,80,Other,81,89,Assoc,0,4032.0,2
238,29,M,PhD,80,Other,81,90,Assoc,0,4281.0,2
239,29,M,PhD,80,Other,81,91,Assoc,0,4480.0,2
240,29,M,PhD,80,Other,81,92,Assoc,0,4676.0,2
241,29,M,PhD,80,Other,81,93,Assoc,0,4812.0,2
242,29,M,PhD,80,Other,81,94,Assoc,0,4812.0,2
243,29,M,PhD,80,Other,81,95,Assoc,0,5022.0,2
244,30,M,PhD,78,Other,87,87,Assoc,0,3873.0,2
245,30,M,PhD,78,Other,87,88,Assoc,0,3986.0,2
246,30,M,PhD,78,Other,87,89,Assoc,0,4450.0,2
247,30,M,PhD,78,Other,87,90,Assoc,0,4933.0,2
248,30,M,PhD,78,Other,87,91,Full,0,5624.0,3
249,30,M,PhD,78,Other,87,92,Full,0,6040.0,3
250,30,M,PhD,78,Other,87,93,Full,0,6216.0,3
251,30,M,PhD,78,Other,87,94,Full,0,6216.0,3
252,30,M,PhD,78,Other,87,95,Full,0,6488.0,3
253,31,M,PhD,86,Other,90,90,Assist,0,4220.0,1
254,31,M,PhD,86,Other,90,91,Assist,0,4292.0,1
255,31,M,PhD,86,Other,90,92,Assist,0,4416.0,1
256,31,M,PhD,86,Other,90,93,Assist,0,4610.0,1
257,31,M,PhD,86,Other,90,94,Assoc,0,4743.0,2
258,31,M,PhD,86,Other,90,95,Assoc,0,5022.0,2
261,35,M,PhD,64,Other,65,76,Full,1,3246.0,3
262,35,M,PhD,64,Other,65,77,Full,1,3563.636,3
263,35,M,PhD,64,Other,65,78,Full,0,3672.0,3
264,35,M,PhD,64,Other,65,79,Full,0,4009.0,3
265,35,M,PhD,64,Other,65,80,Full,0,4276.0,3
266,35,M,PhD,64,Other,65,81,Full,0,4681.0,3
267,35,M,PhD,64,Other,65,82,Full,0,5006.061,3
268,35,M,PhD,64,Other,65,83,Full,0,5229.0,3
269,35,M,PhD,64,Other,65,84,Full,0,5504.0,3
270,35,M,PhD,64,Other,65,85,Full,0,5504.0,3
271,35,M,PhD,64,Other,65,86,Full,0,6002.0,3
272,35,M,PhD,64,Other,65,87,Full,0,6304.0,3
273,35,M,PhD,64,Other,65,88,Full,0,6394.0,3
274,35,M,PhD,64,Other,65,89,Full,0,6842.0,3
275,35,M,PhD,64,Other,65,90,Full,0,7162.0,3
276,35,M,PhD,64,Other,65,91,Full,0,7494.0,3
277,35,M,PhD,64,Other,65,92,Full,0,7712.0,3
278,35,M,PhD,64,Other,65,93,Full,0,7935.0,3
279,35,M,PhD,64,Other,65,94,Full,0,7935.0,3
280,35,M,PhD,64,Other,65,95,Full,0,8165.0,3
281,36,M,PhD,67,Prof,73,76,Assoc,1,2052.0,2
282,36,M,PhD,67,Prof,73,77,Assoc,1,2296.0,2
283,36,M,PhD,67,Prof,73,78,Assoc,1,2501.333,2
284,36,M,PhD,67,Prof,73,79,Assoc,1,2850.0,2
285,36,M,PhD,67,Prof,73,80,Assoc,1,3153.333,2
286,36,M,PhD,67,Prof,73,81,Assoc,0,3500.0,2
287,36,M,PhD,67,Prof,73,82,Assoc,0,3517.0,2
288,36,M,PhD,67,Prof,73,83,Assoc,0,3764.0,2
289,36,M,PhD,67,Prof,73,84,Assoc,0,3962.0,2
290,36,M,PhD,67,Prof,73,85,Assoc,0,3962.0,2
291,36,M,PhD,67,Prof,73,86,Assoc,0,4081.0,2
292,36,M,PhD,67,Prof,73,87,Assoc,0,4285.0,2
293,36,M,PhD,67,Prof,73,88,Full,0,4603.0,3
294,36,M,PhD,67,Prof,73,89,Full,0,5068.0,3
295,36,M,PhD,67,Prof,73,90,Full,0,5617.0,3
296,36,M,PhD,67,Prof,73,91,Full,0,6135.0,3
297,36,M,PhD,67,Prof,73,92,Full,0,6313.0,3
298,36,M,PhD,67,Prof,73,93,Full,0,6404.0,3
299,36,M,PhD,67,Prof,73,94,Full,0,6404.0,3
300,36,M,PhD,67,Prof,73,95,Full,0,6684.0,3
301,37,F,PhD,93,Other,93,93,Assist,0,4112.0,1
302,37,F,PhD,93,Other,93,94,Assist,0,4112.0,1
303,37,F,PhD,93,Other,93,95,Assist,0,4292.0,1
305,40,M,PhD,62,Other,70,76,Full,0,2810.0,3
306,40,M,PhD,62,Other,70,77,Full,0,3202.0,3
307,40,M,PhD,62,Other,70,78,Full,0,3434.0,3
308,40,M,PhD,62,Other,70,79,Full,0,3906.0,3
309,40,M,PhD,62,Other,70,80,Full,0,4169.0,3
310,40,M,PhD,62,Other,70,81,Full,0,4548.0,3
311,40,M,PhD,62,Other,70,82,Full,0,4548.0,3
312,40,M,PhD,62,Other,70,83,Full,0,4798.0,3
313,40,M,PhD,62,Other,70,84,Full,0,4981.0,3
314,40,M,PhD,62,Other,70,85,Full,0,4981.0,3
315,40,M,PhD,62,Other,70,86,Full,0,5431.0,3
316,40,M,PhD,62,Other,70,87,Full,0,5703.0,3
317,40,M,PhD,62,Other,70,88,Full,0,6039.0,3
318,40,M,PhD,62,Other,70,89,Full,0,6555.0,3
319,40,M,PhD,62,Other,70,90,Full,0,6861.0,3
320,40,M,PhD,62,Other,70,91,Full,0,7283.0,3
321,40,M,PhD,62,Other,70,92,Full,0,7388.0,3
322,40,M,PhD,62,Other,70,93,Full,0,7494.0,3
323,40,M,PhD,62,Other,70,94,Full,0,7494.0,3
324,40,M,PhD,62,Other,70,95,Full,0,7712.0,3
325,41,M,PhD,66,Other,66,76,Full,0,2171.0,3
326,41,M,PhD,66,Other,66,77,Full,0,2482.0,3
327,41,M,PhD,66,Other,66,78,Full,0,2671.0,3
328,41,M,PhD,66,Other,66,79,Full,0,2986.0,3
329,41,M,PhD,66,Other,66,80,Full,0,3239.0,3
330,41,M,PhD,66,Other,66,81,Full,0,3619.403,3
331,41,M,PhD,66,Other,66,82,Full,0,3723.0,3
332,41,M,PhD,66,Other,66,83,Full,0,3928.0,3
333,41,M,PhD,66,Other,66,84,Full,0,4195.0,3
334,41,M,PhD,66,Other,66,85,Full,0,4195.0,3
335,41,M,PhD,66,Other,66,86,Full,0,4321.0,3
336,41,M,PhD,66,Other,66,87,Full,0,4538.0,3
337,41,M,PhD,66,Other,66,88,Full,0,4669.0,3
338,41,M,PhD,66,Other,66,89,Full,0,4996.0,3
339,41,M,PhD,66,Other,66,90,Full,0,5229.0,3
340,41,M,PhD,66,Other,66,91,Full,0,5794.0,3
341,41,M,PhD,66,Other,66,92,Full,0,6135.0,3
342,41,M,PhD,66,Other,66,93,Full,0,6404.0,3
343,41,M,PhD,66,Other,66,94,Full,0,6404.478,3
344,41,M,PhD,66,Other,66,95,Full,0,7361.0,3
345,42,M,PhD,88,Prof,88,88,Assist,0,4603.0,1
346,42,M,PhD,88,Prof,88,89,Assist,0,4651.0,1
347,42,M,PhD,88,Prof,88,90,Assist,0,5229.0,1
348,42,M,PhD,88,Prof,88,91,Assist,0,5631.0,1
349,42,M,PhD,88,Prof,88,92,Assist,0,5878.0,1
350,42,M,PhD,88,Prof,88,93,Assoc,0,6223.0,2
351,42,M,PhD,88,Prof,88,94,Assoc,0,6223.0,2
352,42,M,PhD,88,Prof,88,95,Assoc,0,6684.0,2
354,45,F,PhD,69,Arts,83,83,Assist,0,2154.0,1
355,45,F,PhD,69,Arts,83,84,Assist,0,2368.0,1
356,45,F,PhD,69,Arts,83,85,Assist,0,2368.0,1
357,45,F,PhD,69,Arts,83,86,Assist,0,2735.0,1
358,45,F,PhD,69,Arts,83,87,Assist,0,2872.0,1
359,45,F,PhD,69,Arts,83,88,Assist,0,2955.0,1
360,45,F,PhD,69,Arts,83,89,Assoc,0,3596.0,2
361,45,F,PhD,69,Arts,83,90,Assoc,0,3711.0,2
362,45,F,PhD,69,Arts,83,91,Assoc,0,4053.0,2
363,45,F,PhD,69,Arts,83,92,Assoc,0,4171.0,2
364,45,F,PhD,69,Arts,83,93,Assoc,0,4231.0,2
365,45,F,PhD,69,Arts,83,94,Assoc,0,4231.0,2
366,45,F,PhD,69,Arts,83,95,Assoc,0,4353.0,2
367,46,M,PhD,77,Arts,87,87,Assist,0,3361.0,1
368,46,M,PhD,77,Arts,87,88,Assist,0,3361.0,1
369,46,M,PhD,77,Arts,87,89,Assoc,0,4269.0,2
370,46,M,PhD,77,Arts,87,90,Assoc,0,4405.0,2
371,46,M,PhD,77,Arts,87,91,Assoc,1,4610.0,2
372,46,M,PhD,77,Arts,87,92,Assoc,1,4812.0,2
373,46,M,PhD,77,Arts,87,93,Full,1,5242.0,3
374,46,M,PhD,77,Arts,87,94,Full,0,5242.0,3
375,46,M,PhD,77,Arts,87,95,Full,0,5394.0,3
376,47,M,PhD,68,Other,68,76,Assoc,0,1838.0,2
377,47,M,PhD,68,Other,68,77,Assoc,0,2096.0,2
378,47,M,PhD,68,Other,68,78,Assoc,0,2278.788,2
379,47,M,PhD,68,Other,68,79,Assoc,0,2540.0,2
380,47,M,PhD,68,Other,68,80,Assoc,0,2732.0,2
381,47,M,PhD,68,Other,68,81,Assoc,0,2962.0,2
382,47,M,PhD,68,Other,68,82,Assoc,0,2962.0,2
383,47,M,PhD,68,Other,68,83,Assoc,0,3125.0,2
384,47,M,PhD,68,Other,68,84,Full,0,3586.0,3
385,47,M,PhD,68,Other,68,85,Full,0,3586.0,3
386,47,M,PhD,68,Other,68,86,Full,0,4023.0,3
387,47,M,PhD,68,Other,68,87,Full,0,4225.0,3
388,47,M,PhD,68,Other,68,88,Full,0,4347.0,3
389,47,M,PhD,68,Other,68,89,Full,0,4718.0,3
390,47,M,PhD,68,Other,68,90,Full,0,4939.0,3
391,47,M,PhD,68,Other,68,91,Full,0,5095.0,3
392,47,M,PhD,68,Other,68,92,Full,0,5168.0,3
393,47,M,PhD,68,Other,68,93,Full,0,5318.0,3
394,47,M,PhD,68,Other,68,94,Full,0,5318.0,3
395,47,M,PhD,68,Other,68,95,Full,0,5712.0,3
396,48,M,PhD,56,Other,90,90,Full,0,11155.0,3
397,48,M,PhD,56,Other,90,91,Full,0,11840.0,3
398,48,M,PhD,56,Other,90,92,Full,0,12184.0,3
399,48,M,PhD,56,Other,90,93,Full,0,12537.0,3
400,48,M,PhD,56,Other,90,94,Full,0,12537.0,3
401,48,M,PhD,56,Other,90,95,Full,0,13086.0,3
402,49,M,PhD,71,Other,73,76,Assist,0,1683.0,1
403,49,M,PhD,71,Other,73,77,Assist,0,1828.0,1
404,49,M,PhD,71,Other,73,78,Assoc,0,2019.0,2
405,49,M,PhD,71,Other,73,79,Assoc,0,2314.925,2
406,49,M,PhD,71,Other,73,80,Assoc,0,2552.0,2
407,49,M,PhD,71,Other,73,81,Assoc,0,2798.0,2
408,49,M,PhD,71,Other,73,82,Assoc,0,2798.0,2
409,49,M,PhD,71,Other,73,83,Assoc,0,2952.0,2
410,49,M,PhD,71,Other,73,84,Assoc,0,3243.0,2
411,49,M,PhD,71,Other,73,85,Assoc,0,3243.0,2
412,49,M,PhD,71,Other,73,86,Assoc,0,3537.0,2
413,49,M,PhD,71,Other,73,87,Full,0,3822.0,3
414,49,M,PhD,71,Other,73,88,Full,0,4047.0,3
415,49,M,PhD,71,Other,73,89,Full,0,4456.0,3
416,49,M,PhD,71,Other,73,90,Full,0,4664.0,3
417,49,M,PhD,71,Other,73,91,Full,0,5095.0,3
418,49,M,PhD,71,Other,73,92,Full,0,5242.0,3
419,49,M,PhD,71,Other,73,93,Full,0,5318.0,3
420,49,M,PhD,71,Other,73,94,Full,0,5318.0,3
421,49,M,PhD,71,Other,73,95,Full,0,5472.0,3
422,51,M,PhD,58,Other,62,76,Full,0,2685.0,3
423,51,M,PhD,58,Other,62,77,Full,0,2888.0,3
424,51,M,PhD,58,Other,62,78,Full,0,3021.0,3
425,51,M,PhD,58,Other,62,79,Full,0,3297.015,3
426,51,M,PhD,58,Other,62,80,Full,0,3597.0,3
427,51,M,PhD,58,Other,62,81,Full,0,3943.0,3
428,51,M,PhD,58,Other,62,82,Full,0,4000.0,3
429,51,M,PhD,58,Other,62,83,Full,0,4220.0,3
430,51,M,PhD,58,Other,62,84,Full,0,4505.0,3
431,51,M,PhD,58,Other,62,85,Full,0,4505.0,3
432,51,M,PhD,58,Other,62,86,Full,0,4641.0,3
433,51,M,PhD,58,Other,62,87,Full,0,4874.0,3
434,51,M,PhD,58,Other,62,88,Full,0,4944.0,3
435,51,M,PhD,58,Other,62,89,Full,0,5366.0,3
436,51,M,PhD,58,Other,62,90,Full,0,5617.0,3
437,51,M,PhD,58,Other,62,91,Full,0,5878.0,3
438,51,M,PhD,58,Other,62,92,Full,0,6048.0,3
439,51,M,PhD,58,Other,62,93,Full,0,6223.0,3
440,51,M,PhD,58,Other,62,94,Full,0,6223.0,3
441,51,M,PhD,58,Other,62,95,Full,0,6496.0,3
442,52,M,PhD,81,Other,89,89,Assist,0,5068.0,1
443,52,M,PhD,81,Other,89,90,Assist,0,5155.0,1
444,52,M,PhD,81,Other,89,91,Assoc,0,6048.0,2
445,52,M,PhD,81,Other,89,92,Assoc,0,6496.0,2
446,52,M,PhD,81,Other,89,93,Assoc,0,6977.0,2
447,52,M,PhD,81,Other,89,94,Assoc,0,6977.0,2
448,52,M,PhD,81,Other,89,95,Assoc,0,7283.0,2
449,53,M,PhD,66,Other,66,76,Full,0,2232.0,3
450,53,M,PhD,66,Other,66,77,Full,0,2460.0,3
451,53,M,PhD,66,Other,66,78,Full,0,2585.0,3
452,53,M,PhD,66,Other,66,79,Full,0,2880.597,3
453,53,M,PhD,66,Other,66,80,Full,0,3253.0,3
454,53,M,PhD,66,Other,66,82,Full,1,3568.0,3
455,53,M,PhD,66,Other,66,83,Full,1,4403.0,3
456,53,M,PhD,66,Other,66,84,Full,1,4771.0,3
457,53,M,PhD,66,Other,66,85,Full,1,4771.0,3
458,53,M,PhD,66,Other,66,86,Full,1,5431.0,3
459,53,M,PhD,66,Other,66,87,Full,1,5703.0,3
460,53,M,PhD,66,Other,66,88,Full,1,6039.0,3
461,53,M,PhD,66,Other,66,89,Full,1,6555.0,3
462,53,M,PhD,66,Other,66,90,Full,1,6861.0,3
463,53,M,PhD,66,Other,66,91,Full,1,7180.0,3
464,53,M,PhD,66,Other,66,92,Full,1,7388.0,3
465,53,M,PhD,66,Other,66,93,Full,1,7823.0,3
466,53,M,PhD,66,Other,66,94,Full,1,7823.0,3
467,53,M,PhD,66,Other,66,95,Full,1,8283.0,3
469,55,M,PhD,91,Other,94,94,Assist,0,4480.0,1
470,55,M,PhD,91,Other,94,95,Assist,0,4676.0,1
471,56,M,PhD,93,Other,93,93,Assist,0,8000.0,1
472,56,M,PhD,93,Other,93,94,Assist,0,8000.0,1
473,56,M,PhD,93,Other,93,95,Assist,0,8232.0,1
474,58,F,PhD,74,Other,75,76,Assist,0,1624.0,1
475,58,F,PhD,74,Other,75,77,Assist,0,1744.0,1
476,58,F,PhD,74,Other,75,78,Assist,0,1936.0,1
477,58,F,PhD,74,Other,75,79,Assist,0,2196.0,1
478,58,F,PhD,74,Other,75,80,Assoc,0,2664.0,2
479,58,F,PhD,74,Other,75,81,Assoc,0,3137.0,2
480,58,F,PhD,74,Other,75,82,Assoc,0,3275.0,2
481,58,F,PhD,74,Other,75,83,Assoc,0,3455.0,2
482,58,F,PhD,74,Other,75,84,Full,0,3962.0,3
483,58,F,PhD,74,Other,75,85,Full,0,3962.0,3
484,58,F,PhD,74,Other,75,86,Full,0,4510.0,3
485,58,F,PhD,74,Other,75,87,Full,0,4736.0,3
486,58,F,PhD,74,Other,75,88,Full,0,4944.0,3
487,58,F,PhD,74,Other,75,89,Full,0,5366.0,3
488,58,F,PhD,74,Other,75,90,Full,0,6764.0,3
489,58,F,PhD,74,Other,75,91,Full,0,6878.0,3
490,58,F,PhD,74,Other,75,92,Full,0,7078.0,3
491,58,F,PhD,74,Other,75,93,Full,0,7283.0,3
492,58,F,PhD,74,Other,75,94,Full,0,7283.0,3
493,58,F,PhD,74,Other,75,95,Full,0,7494.0,3
494,59,F,PhD,89,Arts,90,90,Assist,0,3263.0,1
495,59,F,PhD,89,Arts,90,91,Assist,0,3318.0,1
496,59,F,PhD,89,Arts,90,92,Assist,0,3463.0,1
497,59,F,PhD,89,Arts,90,93,Assist,0,3564.0,1
498,59,F,PhD,89,Arts,90,94,Assist,0,3564.0,1
499,59,F,PhD,89,Arts,90,95,Assist,0,3774.0,1
500,60,M,PhD,79,Other,81,81,Assist,0,2556.0,1
501,60,M,PhD,79,Other,81,82,Assist,0,2642.0,1
502,60,M,PhD,79,Other,81,83,Assist,0,2787.0,1
503,60,M,PhD,79,Other,81,84,Assist,0,2935.0,1
504,60,M,PhD,79,Other,81,85,Assist,0,2935.0,1
505,60,M,PhD,79,Other,81,86,Assist,0,3200.0,1
506,60,M,PhD,79,Other,81,87,Assist,0,3361.0,1
507,60,M,PhD,79,Other,81,88,Assoc,0,4047.0,2
508,60,M,PhD,79,Other,81,89,Assoc,0,4330.0,2
509,60,M,PhD,79,Other,81,90,Assoc,0,4468.0,2
510,60,M,PhD,79,Other,81,91,Assoc,0,4743.0,2
511,60,M,PhD,79,Other,81,92,Assoc,0,4881.0,2
512,60,M,PhD,79,Other,81,93,Assoc,0,5168.0,2
513,60,M,PhD,79,Other,81,94,Assoc,0,5168.0,2
514,60,M,PhD,79,Other,81,95,Assoc,0,5472.0,2
515,61,M,PhD,76,Other,84,84,Assoc,0,3434.0,2
516,61,M,PhD,76,Other,84,85,Assoc,0,3667.0,2
517,61,M,PhD,76,Other,84,86,Assoc,0,4383.0,2
518,61,M,PhD,76,Other,84,87,Full,0,4736.0,3
519,61,M,PhD,76,Other,84,88,Full,0,4736.0,3
520,61,M,PhD,76,Other,84,89,Full,0,6370.0,3
521,61,M,PhD,76,Other,84,90,Full,0,6480.0,3
522,61,M,PhD,76,Other,84,91,Full,0,6878.0,3
523,61,M,PhD,76,Other,84,92,Full,0,7078.0,3
524,61,M,PhD,76,Other,84,93,Full,0,7388.0,3
525,61,M,PhD,76,Other,84,94,Full,0,7388.0,3
526,61,M,PhD,76,Other,84,95,Full,0,8283.0,3
527,62,M,PhD,72,Other,72,76,Assist,0,1712.0,1
528,62,M,PhD,72,Other,72,77,Assist,0,1942.0,1
529,62,M,PhD,72,Other,72,78,Assist,0,2019.0,1
530,62,M,PhD,72,Other,72,79,Assoc,0,2243.0,2
531,62,M,PhD,72,Other,72,80,Assoc,0,2364.179,2
532,62,M,PhD,72,Other,72,81,Assoc,0,2532.0,2
533,62,M,PhD,72,Other,72,82,Assoc,0,2532.0,2
534,62,M,PhD,72,Other,72,83,Assoc,0,2671.0,2
535,62,M,PhD,72,Other,72,84,Assoc,0,2851.0,2
536,62,M,PhD,72,Other,72,85,Assoc,0,2851.0,2
537,62,M,PhD,72,Other,72,86,Assoc,0,3200.0,2
538,62,M,PhD,72,Other,72,87,Assoc,0,3361.0,2
539,62,M,PhD,72,Other,72,88,Assoc,0,3361.0,2
540,62,M,PhD,72,Other,72,89,Assoc,0,3596.0,2
541,62,M,PhD,72,Other,72,90,Assoc,0,3711.0,2
542,62,M,PhD,72,Other,72,91,Assoc,0,3939.0,2
543,62,M,PhD,72,Other,72,92,Assoc,0,3996.0,2
544,62,M,PhD,72,Other,72,93,Assoc,0,4053.0,2
545,62,M,PhD,72,Other,72,94,Assoc,0,4053.0,2
546,62,M,PhD,72,Other,72,95,Assoc,0,4231.0,2
547,63,M,PhD,88,Other,90,90,Assist,0,3818.0,1
548,63,M,PhD,88,Other,90,91,Assist,0,3883.0,1
549,63,M,PhD,88,Other,90,92,Assist,0,3996.0,1
550,63,M,PhD,88,Other,90,93,Assist,0,4112.0,1
551,63,M,PhD,88,Other,90,94,Assist,0,4112.0,1
552,63,M,PhD,88,Other,90,95,Assoc,0,4610.0,2
553,64,M,PhD,64,Other,65,76,Assoc,0,2196.0,2
554,64,M,PhD,64,Other,65,77,Assoc,0,2638.0,2
555,64,M,PhD,64,Other,65,78,Full,0,3156.0,3
556,64,M,PhD,64,Other,65,79,Full,0,3459.0,3
557,64,M,PhD,64,Other,65,80,Full,0,3852.0,3
558,64,M,PhD,64,Other,65,81,Full,0,4485.0,3
559,64,M,PhD,64,Other,65,82,Full,1,4817.0,3
560,64,M,PhD,64,Other,65,83,Full,0,5133.333,3
561,64,M,PhD,64,Other,65,84,Full,1,5997.0,3
562,64,M,PhD,64,Other,65,85,Full,1,5997.0,3
563,64,M,PhD,64,Other,65,86,Full,1,6827.0,3
564,64,M,PhD,64,Other,65,87,Full,1,7169.0,3
565,64,M,PhD,64,Other,65,88,Full,1,7591.0,3
566,64,M,PhD,64,Other,65,89,Full,1,8239.0,3
567,64,M,PhD,64,Other,65,90,Full,0,8748.0,3
568,64,M,PhD,64,Other,65,91,Full,0,9286.0,3
569,64,M,PhD,64,Other,65,92,Full,0,9420.0,3
570,64,M,PhD,64,Other,65,93,Full,0,9693.0,3
571,64,M,PhD,64,Other,65,94,Full,0,9693.0,3
572,64,M,PhD,64,Other,65,95,Full,0,9974.0,3
573,65,M,PhD,70,Prof,85,85,Full,1,7110.0,3
574,65,M,PhD,70,Prof,85,86,Full,1,7323.0,3
575,65,M,PhD,70,Prof,85,87,Full,1,7692.0,3
576,65,M,PhD,70,Prof,85,88,Full,0,8633.0,3
577,65,M,PhD,70,Prof,85,89,Full,0,8977.0,3
578,65,M,PhD,70,Prof,85,90,Full,0,9532.0,3
579,65,M,PhD,70,Prof,85,91,Full,0,9833.0,3
580,65,M,PhD,70,Prof,85,92,Full,0,9974.0,3
581,65,M,PhD,70,Prof,85,93,Full,0,10263.0,3
582,65,M,PhD,70,Prof,85,94,Full,0,10263.0,3
583,65,M,PhD,70,Prof,85,95,Full,0,10411.0,3
584,66,M,PhD,75,Prof,77,77,Assist,0,1834.0,1
585,66,M,PhD,75,Prof,77,78,Assist,0,2019.0,1
586,66,M,PhD,75,Prof,77,79,Assist,0,2243.0,1
587,66,M,PhD,75,Prof,77,80,Assist,0,2507.0,1
588,66,M,PhD,75,Prof,77,81,Assoc,0,2920.0,2
589,66,M,PhD,75,Prof,77,82,Assoc,0,3260.606,2
590,66,M,PhD,75,Prof,77,83,Assoc,0,3710.0,2
591,66,M,PhD,75,Prof,77,84,Assoc,0,4256.0,2
592,66,M,PhD,75,Prof,77,85,Assoc,0,4256.0,2
593,66,M,PhD,75,Prof,77,86,Assoc,0,5129.0,2
594,66,M,PhD,75,Prof,77,87,Full,0,5543.0,3
595,66,M,PhD,75,Prof,77,88,Full,0,5786.0,3
596,66,M,PhD,75,Prof,77,89,Full,0,6462.0,3
597,66,M,PhD,75,Prof,77,90,Full,0,7162.0,3
598,66,M,PhD,75,Prof,77,91,Full,0,7494.0,3
599,66,M,PhD,75,Prof,77,92,Full,0,7823.0,3
600,66,M,PhD,75,Prof,77,93,Full,0,8049.0,3
601,66,M,PhD,75,Prof,77,94,Full,0,8049.0,3
602,66,M,PhD,75,Prof,77,95,Full,0,8165.0,3
603,67,M,PhD,68,Other,88,88,Full,0,9723.0,3
604,67,M,PhD,68,Other,88,89,Full,0,10505.0,3
605,67,M,PhD,68,Other,88,90,Full,1,11478.0,3
606,67,M,PhD,68,Other,88,91,Full,1,12011.0,3
607,67,M,PhD,68,Other,88,92,Full,1,12359.0,3
608,67,M,PhD,68,Other,88,93,Full,1,12718.0,3
609,67,M,PhD,68,Other,88,94,Full,1,12718.0,3
610,67,M,PhD,68,Other,88,95,Full,0,13275.0,3
611,68,M,PhD,77,Other,83,83,Assoc,0,3455.0,2
612,68,M,PhD,77,Other,83,84,Assoc,0,3852.0,2
613,68,M,PhD,77,Other,83,85,Assoc,0,4704.0,2
614,68,M,PhD,77,Other,83,86,Assoc,0,4844.0,2
615,68,M,PhD,77,Other,83,87,Assoc,0,5087.0,2
616,68,M,PhD,77,Other,83,88,Assoc,0,5464.0,2
617,68,M,PhD,77,Other,83,89,Full,0,6649.0,3
618,68,M,PhD,77,Other,83,90,Full,0,7060.0,3
619,68,M,PhD,77,Other,83,91,Full,0,7935.0,3
620,68,M,PhD,77,Other,83,92,Full,0,8402.0,3
621,68,M,PhD,77,Other,83,93,Full,0,8646.0,3
622,68,M,PhD,77,Other,83,94,Full,0,8646.0,3
623,68,M,PhD,77,Other,83,95,Full,0,9128.0,3
624,69,M,PhD,81,Other,81,81,Assist,0,1957.0,1
625,69,M,PhD,81,Other,81,82,Assist,0,2014.0,1
626,69,M,PhD,81,Other,81,84,Assist,0,2472.0,1
627,69,M,PhD,81,Other,81,85,Assist,0,2472.0,1
628,69,M,PhD,81,Other,81,86,Assist,0,2546.0,1
629,69,M,PhD,81,Other,81,87,Assist,0,2674.0,1
630,69,M,PhD,81,Other,81,88,Assist,0,2955.0,1
631,69,M,PhD,81,Other,81,89,Assoc,0,3576.119,2
632,69,M,PhD,81,Other,81,90,Assoc,0,3764.0,2
633,69,M,PhD,81,Other,81,91,Assoc,0,3939.0,2
634,69,M,PhD,81,Other,81,92,Assoc,0,3996.0,2
635,69,M,PhD,81,Other,81,93,Assoc,0,4112.0,2
636,69,M,PhD,81,Other,81,94,Assoc,0,4112.0,2
637,69,M,PhD,81,Other,81,95,Assoc,0,4544.0,2
638,70,F,PhD,83,Other,87,87,Assist,0,3082.0,1
639,70,F,PhD,83,Other,87,88,Assist,0,3217.0,1
640,70,F,PhD,83,Other,87,89,Assist,0,3541.0,1
641,70,F,PhD,83,Other,87,90,Assist,0,3759.0,1
642,70,F,PhD,83,Other,87,91,Assist,0,3991.0,1
643,70,F,PhD,83,Other,87,92,Assist,0,4106.0,1
644,70,F,PhD,83,Other,87,93,Assoc,0,4348.0,2
645,70,F,PhD,83,Other,87,94,Assoc,0,4348.0,2
646,70,F,PhD,83,Other,87,95,Assoc,0,4474.0,2
647,71,M,PhD,61,Other,63,76,Assist,0,1717.0,1
648,71,M,PhD,61,Other,63,77,Assist,0,1623.0,1
649,71,M,PhD,61,Other,63,78,Assist,0,1782.09,1
650,71,M,PhD,61,Other,63,79,Assist,0,1959.0,1
651,71,M,PhD,61,Other,63,80,Assist,0,2121.0,1
652,71,M,PhD,61,Other,63,81,Assist,0,2290.0,1
653,71,M,PhD,61,Other,63,82,Assist,0,2290.0,1
654,71,M,PhD,61,Other,63,83,Assist,0,2416.0,1
655,71,M,PhD,61,Other,63,84,Assist,0,2507.0,1
656,71,M,PhD,61,Other,63,85,Assist,0,2507.0,1
657,71,M,PhD,61,Other,63,86,Assoc,0,2696.0,2
658,71,M,PhD,61,Other,63,87,Assoc,0,2831.0,2
659,71,M,PhD,61,Other,63,88,Assoc,0,3361.0,2
660,71,M,PhD,61,Other,63,89,Assoc,0,3648.0,2
661,71,M,PhD,61,Other,63,90,Assoc,0,3764.0,2
662,71,M,PhD,61,Other,63,91,Assoc,0,3883.0,2
663,71,M,PhD,61,Other,63,92,Assoc,0,3996.0,2
664,71,M,PhD,61,Other,63,93,Assoc,0,4053.0,2
665,71,M,PhD,61,Other,63,94,Assoc,0,4053.0,2
666,71,M,PhD,61,Other,63,95,Assoc,0,4231.0,2
667,72,M,PhD,88,Prof,88,88,Assist,0,4855.0,1
668,72,M,PhD,88,Prof,88,89,Assist,0,4855.0,1
669,72,M,PhD,88,Prof,88,90,Assist,0,5229.0,1
670,72,M,PhD,88,Prof,88,91,Assist,0,5551.0,1
671,72,M,PhD,88,Prof,88,92,Assist,0,5794.0,1
672,72,M,PhD,88,Prof,88,93,Assist,0,6048.0,1
673,72,M,PhD,88,Prof,88,94,Assoc,0,6223.0,2
674,72,M,PhD,88,Prof,88,95,Assoc,0,6404.0,2
675,73,M,PhD,73,Other,73,76,Assist,0,1200.0,1
676,73,M,PhD,73,Other,73,77,Assist,0,1441.0,1
677,73,M,PhD,73,Other,73,78,Assist,0,2000.0,1
678,73,M,PhD,73,Other,73,79,Assoc,0,2210.0,2
679,73,M,PhD,73,Other,73,80,Assoc,0,2381.0,2
680,73,M,PhD,73,Other,73,81,Assoc,0,2677.0,2
681,73,M,PhD,73,Other,73,82,Assoc,0,2876.0,2
682,73,M,PhD,73,Other,73,83,Assoc,0,3034.0,2
683,73,M,PhD,73,Other,73,84,Assoc,0,3240.0,2
684,73,M,PhD,73,Other,73,85,Assoc,0,3240.0,2
685,73,M,PhD,73,Other,73,86,Assoc,0,3533.0,2
686,73,M,PhD,73,Other,73,87,Assoc,0,3711.0,2
687,73,M,PhD,73,Other,73,88,Assoc,0,3711.0,2
688,73,M,PhD,73,Other,73,89,Assoc,0,3970.0,2
689,73,M,PhD,73,Other,73,90,Assoc,0,4155.0,2
690,73,M,PhD,73,Other,73,91,Assoc,0,4348.0,2
691,73,M,PhD,73,Other,73,92,Assoc,0,4538.0,2
692,73,M,PhD,73,Other,73,93,Assoc,0,4670.0,2
693,73,M,PhD,73,Other,73,94,Assoc,0,4670.0,2
694,73,M,PhD,73,Other,73,95,Assoc,0,4875.0,2
695,74,M,PhD,71,Other,72,76,Assoc,0,1743.0,2
696,74,M,PhD,71,Other,72,77,Assoc,0,1980.0,2
697,74,M,PhD,71,Other,72,78,Assoc,0,2097.0,2
698,74,M,PhD,71,Other,72,79,Assoc,0,2285.0,2
699,74,M,PhD,71,Other,72,80,Assoc,0,2507.0,2
700,74,M,PhD,71,Other,72,81,Assoc,0,2758.0,2
701,74,M,PhD,71,Other,72,82,Full,0,3005.0,3
702,74,M,PhD,71,Other,72,83,Full,0,3170.0,3
703,74,M,PhD,71,Other,72,84,Full,0,3386.0,3
704,74,M,PhD,71,Other,72,85,Full,0,3386.0,3
705,74,M,PhD,71,Other,72,86,Full,0,3909.0,3
706,74,M,PhD,71,Other,72,87,Full,0,5556.0,3
707,74,M,PhD,71,Other,72,88,Full,0,5556.0,3
708,74,M,PhD,71,Other,72,89,Full,0,5931.0,3
709,74,M,PhD,71,Other,72,90,Full,0,6297.0,3
710,74,M,PhD,71,Other,72,91,Full,0,6496.0,3
711,74,M,PhD,71,Other,72,92,Full,0,6684.0,3
712,74,M,PhD,71,Other,72,93,Full,0,6878.0,3
713,74,M,PhD,71,Other,72,94,Full,0,6878.0,3
714,74,M,PhD,71,Other,72,95,Full,0,7180.0,3
715,75,M,PhD,72,Other,71,76,Assoc,0,2245.0,2
716,75,M,PhD,72,Other,71,77,Assoc,0,2461.194,2
717,75,M,PhD,72,Other,71,78,Assoc,0,2584.0,2
718,75,M,PhD,72,Other,71,79,Assoc,0,2842.0,2
719,75,M,PhD,72,Other,71,80,Assoc,0,3077.0,2
720,75,M,PhD,72,Other,71,81,Assoc,0,3517.0,2
721,75,M,PhD,72,Other,71,82,Assoc,0,3777.0,2
722,75,M,PhD,72,Other,71,83,Full,0,4468.0,3
723,75,M,PhD,72,Other,71,84,Full,0,5125.0,3
724,75,M,PhD,72,Other,71,85,Full,0,5125.0,3
725,75,M,PhD,72,Other,71,86,Full,0,6447.0,3
726,75,M,PhD,72,Other,71,87,Full,0,6771.0,3
727,75,M,PhD,72,Other,71,88,Full,0,7169.0,3
728,75,M,PhD,72,Other,71,89,Full,0,8122.0,3
729,75,M,PhD,72,Other,71,90,Full,1,8748.0,3
730,75,M,PhD,72,Other,71,91,Full,1,9286.0,3
731,75,M,PhD,72,Other,71,92,Full,1,9693.0,3
732,75,M,PhD,72,Other,71,93,Full,0,10118.0,3
733,75,M,PhD,72,Other,71,94,Full,0,10118.0,3
734,75,M,PhD,72,Other,71,95,Full,0,10442.0,3
735,76,M,PhD,57,Other,65,76,Full,1,3061.0,3
736,76,M,PhD,57,Other,65,77,Full,1,3340.0,3
737,76,M,PhD,57,Other,65,79,Full,1,4060.0,3
738,76,M,PhD,57,Other,65,80,Full,0,4473.134,3
739,76,M,PhD,57,Other,65,81,Full,0,4749.0,3
740,76,M,PhD,57,Other,65,82,Full,0,4817.0,3
741,76,M,PhD,57,Other,65,83,Full,0,5082.0,3
742,76,M,PhD,57,Other,65,84,Full,0,5274.0,3
743,76,M,PhD,57,Other,65,85,Full,0,5274.0,3
744,76,M,PhD,57,Other,65,86,Full,0,5917.0,3
745,76,M,PhD,57,Other,65,87,Full,0,6214.0,3
746,76,M,PhD,57,Other,65,88,Full,0,6304.0,3
747,76,M,PhD,57,Other,65,89,Full,0,6711.94,3
748,76,M,PhD,57,Other,65,90,Full,0,7060.0,3
749,76,M,PhD,57,Other,65,91,Full,0,7388.0,3
750,76,M,PhD,57,Other,65,92,Full,0,7602.0,3
751,76,M,PhD,57,Other,65,93,Full,0,7712.0,3
752,76,M,PhD,57,Other,65,94,Full,0,7712.0,3
753,76,M,PhD,57,Other,65,95,Full,0,7823.0,3
754,77,M,PhD,60,Other,65,76,Full,0,2726.0,3
755,77,M,PhD,60,Other,65,77,Full,0,3021.0,3
756,77,M,PhD,60,Other,65,78,Full,1,3105.0,3
757,77,M,PhD,60,Other,65,79,Full,0,3856.0,3
758,77,M,PhD,60,Other,65,80,Full,0,4062.0,3
759,77,M,PhD,60,Other,65,81,Full,0,4358.0,3
760,77,M,PhD,60,Other,65,82,Full,0,4485.0,3
761,77,M,PhD,60,Other,65,83,Full,0,4732.0,3
762,77,M,PhD,60,Other,65,84,Full,0,5125.0,3
763,77,M,PhD,60,Other,65,85,Full,0,5125.0,3
764,77,M,PhD,60,Other,65,86,Full,0,5917.0,3
765,77,M,PhD,60,Other,65,87,Full,1,6580.0,3
766,77,M,PhD,60,Other,65,88,Full,1,6967.0,3
767,77,M,PhD,60,Other,65,89,Full,1,7671.0,3
768,77,M,PhD,60,Other,65,90,Full,0,8145.0,3
769,77,M,PhD,60,Other,65,91,Full,0,8646.0,3
770,77,M,PhD,60,Other,65,92,Full,0,8896.0,3
771,77,M,PhD,60,Other,65,93,Full,0,9154.0,3
772,77,M,PhD,60,Other,65,94,Full,0,9154.0,3
773,77,M,PhD,60,Other,65,95,Full,0,9420.0,3
774,78,M,PhD,72,Other,83,83,Assist,0,2247.0,1
775,78,M,PhD,72,Other,83,84,Assist,0,2504.0,1
776,78,M,PhD,72,Other,83,85,Assist,0,2504.0,1
777,78,M,PhD,72,Other,83,86,Assist,0,2976.0,1
778,78,M,PhD,72,Other,83,87,Assist,0,3126.0,1
779,78,M,PhD,72,Other,83,88,Assist,0,3310.0,1
780,78,M,PhD,72,Other,83,89,Assoc,0,3858.0,2
781,78,M,PhD,72,Other,83,90,Assoc,0,4276.0,2
782,78,M,PhD,72,Other,83,91,Assoc,0,4604.0,2
783,78,M,PhD,72,Other,83,92,Assoc,0,4806.0,2
784,78,M,PhD,72,Other,83,93,Assoc,0,5016.0,2
785,78,M,PhD,72,Other,83,94,Assoc,0,5016.0,2
786,78,M,PhD,72,Other,83,95,Assoc,0,5236.0,2
787,81,M,PhD,64,Other,64,76,Assoc,0,1910.0,2
788,81,M,PhD,64,Other,64,77,Assoc,0,2097.0,2
789,81,M,PhD,64,Other,64,78,Assoc,0,2176.0,2
790,81,M,PhD,64,Other,64,79,Assoc,0,2369.0,2
791,81,M,PhD,64,Other,64,80,Assoc,0,2507.0,2
792,81,M,PhD,64,Other,64,81,Assoc,0,2758.0,2
793,81,M,PhD,64,Other,64,82,Assoc,0,2758.0,2
794,81,M,PhD,64,Other,64,83,Assoc,0,2910.0,2
795,81,M,PhD,64,Other,64,85,Assoc,0,3020.0,2
796,81,M,PhD,64,Other,64,86,Assoc,0,3110.0,2
797,81,M,PhD,64,Other,64,87,Assoc,0,3266.0,2
798,81,M,PhD,64,Other,64,88,Assoc,0,3361.0,2
799,81,M,PhD,64,Other,64,89,Assoc,0,3648.0,2
800,81,M,PhD,64,Other,64,90,Assoc,0,3764.0,2
801,81,M,PhD,64,Other,64,91,Assoc,0,4053.0,2
802,81,M,PhD,64,Other,64,92,Assoc,0,4292.0,2
803,81,M,PhD,64,Other,64,93,Assoc,0,4416.0,2
804,81,M,PhD,64,Other,64,94,Assoc,0,4416.0,2
805,81,M,PhD,64,Other,64,95,Assoc,0,4544.0,2
806,82,M,PhD,65,Other,69,76,Assoc,0,2018.0,2
807,82,M,PhD,65,Other,69,77,Assoc,0,2216.0,2
808,82,M,PhD,65,Other,69,78,Full,0,2419.0,3
809,82,M,PhD,65,Other,69,79,Full,0,2671.0,3
810,82,M,PhD,65,Other,69,80,Full,0,2869.0,3
811,82,M,PhD,65,Other,69,81,Full,0,3137.0,3
812,82,M,PhD,65,Other,69,82,Full,0,3228.0,3
813,82,M,PhD,65,Other,69,83,Full,0,3406.0,3
814,82,M,PhD,65,Other,69,84,Full,0,3851.0,3
815,82,M,PhD,65,Other,69,85,Full,1,3851.0,3
816,82,M,PhD,65,Other,69,86,Full,1,4575.0,3
817,82,M,PhD,65,Other,69,87,Full,1,4805.0,3
818,82,M,PhD,65,Other,69,88,Full,0,5015.0,3
819,82,M,PhD,65,Other,69,89,Full,0,5522.0,3
820,82,M,PhD,65,Other,69,90,Full,0,5752.239,3
821,82,M,PhD,65,Other,69,91,Full,0,6048.0,3
822,82,M,PhD,65,Other,69,92,Full,1,6590.0,3
823,82,M,PhD,65,Other,69,93,Full,1,6781.0,3
824,82,M,PhD,65,Other,69,94,Full,1,6781.0,3
825,82,M,PhD,65,Other,69,95,Full,1,7180.0,3
826,83,M,PhD,67,Prof,84,84,Full,0,5504.0,3
827,83,M,PhD,67,Prof,84,85,Full,0,5504.0,3
828,83,M,PhD,67,Prof,84,86,Full,0,6002.0,3
829,83,M,PhD,67,Prof,84,87,Full,0,6304.0,3
830,83,M,PhD,67,Prof,84,88,Full,0,6394.0,3
831,83,M,PhD,67,Prof,84,89,Full,0,7040.0,3
832,83,M,PhD,67,Prof,84,90,Full,0,7475.0,3
833,83,M,PhD,67,Prof,84,91,Full,0,7935.0,3
834,83,M,PhD,67,Prof,84,92,Full,0,9420.0,3
835,83,M,PhD,67,Prof,84,93,Full,0,9693.0,3
836,83,M,PhD,67,Prof,84,94,Full,0,9693.0,3
837,83,M,PhD,67,Prof,84,95,Full,0,10118.0,3
838,84,M,PhD,82,Arts,83,83,Assist,0,2186.0,1
839,84,M,PhD,82,Arts,83,84,Assist,0,2401.0,1
840,84,M,PhD,82,Arts,83,85,Assist,0,2401.0,1
841,84,M,PhD,82,Arts,83,87,Assist,0,2998.0,1
842,84,M,PhD,82,Arts,83,88,Assist,0,3085.0,1
843,84,M,PhD,82,Arts,83,89,Assoc,0,3596.0,2
844,84,M,PhD,82,Arts,83,90,Assoc,0,3818.0,2
845,84,M,PhD,82,Arts,83,91,Assoc,0,4112.0,2
846,84,M,PhD,82,Arts,83,92,Assoc,0,5318.0,2
847,84,M,PhD,82,Arts,83,93,Assoc,0,5318.0,2
848,84,M,PhD,82,Arts,83,94,Assoc,0,5318.0,2
849,84,M,PhD,82,Arts,83,95,Full,0,5712.0,3
850,86,F,PhD,94,Other,94,94,Assist,0,4544.0,1
851,86,F,PhD,94,Other,94,95,Assist,0,4610.0,1
852,88,M,PhD,57,Other,61,76,Full,0,2852.0,3
853,88,M,PhD,57,Other,61,77,Full,0,3111.0,3
854,88,M,PhD,57,Other,61,78,Full,0,3248.0,3
855,88,M,PhD,57,Other,61,79,Full,0,3606.0,3
856,88,M,PhD,57,Other,61,80,Full,0,3905.0,3
857,88,M,PhD,57,Other,61,81,Full,0,4274.627,3
858,88,M,PhD,57,Other,61,82,Full,0,4296.0,3
859,88,M,PhD,57,Other,61,83,Full,0,4532.0,3
860,88,M,PhD,57,Other,61,84,Full,0,4771.0,3
861,88,M,PhD,57,Other,61,85,Full,0,4771.0,3
862,88,M,PhD,57,Other,61,86,Full,0,5354.0,3
863,88,M,PhD,57,Other,61,87,Full,0,5623.0,3
864,88,M,PhD,57,Other,61,88,Full,0,5786.0,3
865,88,M,PhD,57,Other,61,89,Full,0,6159.701,3
866,88,M,PhD,57,Other,61,90,Full,0,6480.0,3
867,88,M,PhD,57,Other,61,91,Full,0,6781.0,3
868,88,M,PhD,57,Other,61,92,Full,0,6977.0,3
869,88,M,PhD,57,Other,61,93,Full,0,7180.0,3
870,88,M,PhD,57,Other,61,94,Full,0,7180.0,3
871,88,M,PhD,57,Other,61,95,Full,0,7494.0,3
872,89,M,PhD,58,Other,69,76,Full,0,3102.0,3
873,89,M,PhD,58,Other,69,77,Full,0,3294.0,3
874,89,M,PhD,58,Other,69,78,Full,0,3481.0,3
875,89,M,PhD,58,Other,69,79,Full,0,3856.0,3
876,89,M,PhD,58,Other,69,80,Full,0,4169.0,3
877,89,M,PhD,58,Other,69,81,Full,0,4548.0,3
878,89,M,PhD,58,Other,69,82,Full,0,4817.0,3
879,89,M,PhD,58,Other,69,83,Full,0,5081.0,3
880,89,M,PhD,58,Other,69,84,Full,0,5082.0,3
881,89,M,PhD,58,Other,69,85,Full,0,5427.0,3
882,89,M,PhD,58,Other,69,86,Full,0,6177.0,3
883,89,M,PhD,58,Other,69,87,Full,0,6486.0,3
884,89,M,PhD,58,Other,69,88,Full,0,6675.0,3
885,89,M,PhD,58,Other,69,89,Full,0,7142.0,3
886,89,M,PhD,58,Other,69,90,Full,0,7475.0,3
887,89,M,PhD,58,Other,69,91,Full,0,7823.0,3
888,89,M,PhD,58,Other,69,92,Full,0,7935.0,3
889,89,M,PhD,58,Other,69,93,Full,0,8049.0,3
890,89,M,PhD,58,Other,69,94,Full,0,8049.0,3
891,89,M,PhD,58,Other,69,95,Full,0,8283.0,3
892,90,M,PhD,70,Other,88,88,Full,0,5229.0,3
893,90,M,PhD,70,Other,88,89,Full,0,5283.0,3
894,90,M,PhD,70,Other,88,90,Full,0,6083.0,3
895,90,M,PhD,70,Other,88,91,Full,0,6457.0,3
896,90,M,PhD,70,Other,88,92,Full,0,6740.0,3
897,90,M,PhD,70,Other,88,93,Full,0,6936.0,3
898,90,M,PhD,70,Other,88,94,Full,0,6936.0,3
899,90,M,PhD,70,Other,88,95,Full,1,7239.0,3
900,91,M,PhD,61,Other,69,76,Full,0,2114.925,3
901,91,M,PhD,61,Other,69,77,Full,0,2296.0,3
902,91,M,PhD,61,Other,69,78,Full,0,2378.0,3
903,91,M,PhD,61,Other,69,79,Full,0,2540.0,3
904,91,M,PhD,61,Other,69,80,Full,0,2686.0,3
905,91,M,PhD,61,Other,69,81,Full,0,2838.0,3
906,91,M,PhD,61,Other,69,82,Full,0,2838.0,3
907,91,M,PhD,61,Other,69,83,Full,0,2994.0,3
908,91,M,PhD,61,Other,69,84,Full,0,3386.0,3
909,91,M,PhD,61,Other,69,85,Full,0,3386.0,3
910,91,M,PhD,61,Other,69,86,Full,0,3799.0,3
911,91,M,PhD,61,Other,69,87,Full,0,3990.0,3
912,91,M,PhD,61,Other,69,88,Full,0,4105.0,3
913,91,M,PhD,61,Other,69,89,Full,0,4456.0,3
914,91,M,PhD,61,Other,69,90,Full,0,4533.0,3
915,91,M,PhD,61,Other,69,91,Full,0,4676.0,3
916,91,M,PhD,61,Other,69,92,Full,0,4743.0,3
917,91,M,PhD,61,Other,69,93,Full,0,4743.0,3
918,91,M,PhD,61,Other,69,94,Full,0,4743.0,3
919,91,M,PhD,61,Other,69,95,Full,0,4881.0,3
920,92,M,PhD,68,Other,71,76,Full,0,2388.0,3
921,92,M,PhD,68,Other,71,77,Full,1,2704.0,3
922,92,M,PhD,68,Other,71,78,Full,0,2838.0,3
923,92,M,PhD,68,Other,71,79,Full,0,3160.0,3
924,92,M,PhD,68,Other,71,80,Full,0,3396.0,3
925,92,M,PhD,68,Other,71,81,Full,0,3773.0,3
926,92,M,PhD,68,Other,71,82,Full,0,3882.0,3
927,92,M,PhD,68,Other,71,83,Full,0,4296.0,3
928,92,M,PhD,68,Other,71,84,Full,0,4512.0,3
929,92,M,PhD,68,Other,71,85,Full,0,4562.0,3
930,92,M,PhD,68,Other,71,86,Full,0,5019.0,3
931,92,M,PhD,68,Other,71,87,Full,0,5260.0,3
932,92,M,PhD,68,Other,71,88,Full,0,5405.0,3
933,92,M,PhD,68,Other,71,89,Full,0,5765.0,3
934,92,M,PhD,68,Other,71,90,Full,0,6022.0,3
935,92,M,PhD,68,Other,71,91,Full,0,6405.0,3
936,92,M,PhD,68,Other,71,92,Full,0,6666.0,3
937,92,M,PhD,68,Other,71,93,Full,0,7031.0,3
938,92,M,PhD,68,Other,71,94,Full,0,7281.0,3
939,92,M,PhD,68,Other,71,95,Full,0,8867.0,3
940,93,F,PhD,65,Other,65,76,Full,0,2340.0,3
941,93,F,PhD,65,Other,65,77,Full,0,2628.0,3
942,93,F,PhD,65,Other,65,78,Full,0,2888.0,3
943,93,F,PhD,65,Other,65,79,Full,0,3172.0,3
944,93,F,PhD,65,Other,65,80,Full,0,3398.0,3
945,93,F,PhD,65,Other,65,81,Full,0,3724.0,3
946,93,F,PhD,65,Other,65,82,Full,0,3887.0,3
947,93,F,PhD,65,Other,65,83,Full,0,4101.0,3
948,93,F,PhD,65,Other,65,84,Full,0,4636.0,3
949,93,F,PhD,65,Other,65,85,Full,0,4636.0,3
950,93,F,PhD,65,Other,65,86,Full,0,5751.0,3
951,93,F,PhD,65,Other,65,87,Full,0,6039.0,3
952,93,F,PhD,65,Other,65,88,Full,0,6126.0,3
953,93,F,PhD,65,Other,65,89,Full,0,6555.0,3
954,93,F,PhD,65,Other,65,90,Full,0,6861.0,3
955,93,F,PhD,65,Other,65,91,Full,0,7078.0,3
956,93,F,PhD,65,Other,65,92,Full,0,7283.0,3
957,93,F,PhD,65,Other,65,93,Full,0,7494.0,3
958,93,F,PhD,65,Other,65,94,Full,0,7494.0,3
959,93,F,PhD,65,Other,65,95,Full,0,7712.0,3
960,94,M,PhD,64,Prof,58,76,Assoc,0,1982.0,2
961,94,M,PhD,64,Prof,58,77,Full,0,2256.0,3
962,94,M,PhD,64,Prof,58,78,Full,0,2378.0,3
963,94,M,PhD,64,Prof,58,79,Full,0,2671.0,3
964,94,M,PhD,64,Prof,58,80,Full,0,2869.0,3
965,94,M,PhD,64,Prof,58,81,Full,0,3275.0,3
966,94,M,PhD,64,Prof,58,82,Full,0,3417.0,3
967,94,M,PhD,64,Prof,58,83,Full,0,3658.0,3
968,94,M,PhD,64,Prof,58,84,Full,0,3851.0,3
969,94,M,PhD,64,Prof,58,85,Full,0,3851.0,3
970,94,M,PhD,64,Prof,58,86,Full,0,3966.0,3
971,94,M,PhD,64,Prof,58,87,Full,0,4165.0,3
972,94,M,PhD,64,Prof,58,88,Full,0,4165.0,3
973,94,M,PhD,64,Prof,58,89,Full,0,5068.0,3
974,94,M,PhD,64,Prof,58,90,Full,0,5698.0,3
975,94,M,PhD,64,Prof,58,91,Full,0,6223.0,3
976,94,M,PhD,64,Prof,58,92,Full,0,6223.0,3
977,94,M,PhD,64,Prof,58,93,Full,0,6223.0,3
978,94,M,PhD,64,Prof,58,94,Full,0,6223.0,3
979,94,M,PhD,64,Prof,58,95,Full,0,6223.0,3
980,95,M,PhD,72,Other,86,86,Full,0,6002.0,3
981,95,M,PhD,72,Other,86,87,Full,0,6304.0,3
982,95,M,PhD,72,Other,86,88,Full,0,6486.0,3
983,95,M,PhD,72,Other,86,89,Full,0,6940.0,3
984,95,M,PhD,72,Other,86,90,Full,0,7265.0,3
985,95,M,PhD,72,Other,86,91,Full,0,7602.0,3
986,95,M,PhD,72,Other,86,92,Full,0,7823.0,3
987,95,M,PhD,72,Other,86,93,Full,0,8049.0,3
988,95,M,PhD,72,Other,86,94,Full,0,8049.0,3
989,95,M,PhD,72,Other,86,95,Full,0,8283.0,3
990,96,F,PhD,80,Other,81,81,Assist,0,2258.0,1
991,96,F,PhD,80,Other,81,82,Assist,0,2460.0,1
992,96,F,PhD,80,Other,81,83,Assist,0,2708.0,1
993,96,F,PhD,80,Other,81,84,Assist,0,2935.0,1
994,96,F,PhD,80,Other,81,85,Assist,0,2935.0,1
995,96,F,PhD,80,Other,81,86,Assoc,0,3437.0,2
996,96,F,PhD,80,Other,81,87,Assoc,0,3610.0,2
997,96,F,PhD,80,Other,81,88,Assoc,0,3715.0,2
998,96,F,PhD,80,Other,81,89,Assoc,0,3975.0,2
999,96,F,PhD,80,Other,81,90,Assoc,0,4160.0,2
1000,96,F,PhD,80,Other,81,91,Assoc,0,4292.0,2
1001,96,F,PhD,80,Other,81,92,Assoc,0,4416.0,2
1002,96,F,PhD,80,Other,81,93,Assoc,0,4544.0,2
1003,96,F,PhD,80,Other,81,94,Assoc,0,4544.0,2
1004,96,F,PhD,80,Other,81,95,Assoc,0,4544.0,2
1005,97,M,PhD,75,Other,85,85,Full,0,6260.0,3
1006,97,M,PhD,75,Other,85,86,Full,0,6828.0,3
1007,97,M,PhD,75,Other,85,87,Full,0,7170.0,3
1008,97,M,PhD,75,Other,85,88,Full,0,7377.0,3
1009,97,M,PhD,75,Other,85,89,Full,0,8122.0,3
1010,97,M,PhD,75,Other,85,90,Full,0,8502.0,3
1011,97,M,PhD,75,Other,85,91,Full,0,8896.0,3
1012,97,M,PhD,75,Other,85,92,Full,0,9154.0,3
1013,97,M,PhD,75,Other,85,93,Full,0,9420.0,3
1014,97,M,PhD,75,Other,85,94,Full,0,9420.0,3
1015,97,M,PhD,75,Other,85,95,Full,0,9694.0,3
1016,98,M,PhD,81,Other,84,84,Assist,0,2851.0,1
1017,98,M,PhD,81,Other,84,85,Assist,0,2851.0,1
1018,98,M,PhD,81,Other,84,86,Assist,0,3110.0,1
1019,98,M,PhD,81,Other,84,87,Assist,0,3266.0,1
1020,98,M,PhD,81,Other,84,88,Assoc,0,3610.0,2
1021,98,M,PhD,81,Other,84,89,Assoc,0,3918.0,2
1022,98,M,PhD,81,Other,84,90,Assoc,0,5381.0,2
1023,98,M,PhD,81,Other,84,91,Assoc,0,5472.0,2
1024,98,M,PhD,81,Other,84,92,Assoc,0,5631.0,2
1025,98,M,PhD,81,Other,84,93,Assoc,1,6048.0,2
1026,98,M,PhD,81,Other,84,94,Assoc,1,6048.0,2
1027,98,M,PhD,81,Other,84,95,Assoc,1,6223.0,2
1028,99,M,PhD,90,Arts,90,90,Assist,0,3126.0,1
1029,99,M,PhD,90,Arts,90,91,Assist,0,3225.0,1
1030,99,M,PhD,90,Arts,90,92,Assist,0,3414.0,1
1031,99,M,PhD,90,Arts,90,93,Assist,0,3667.0,1
1032,99,M,PhD,90,Arts,90,94,Assist,0,3667.0,1
1033,99,M,PhD,90,Arts,90,95,Assist,0,3939.0,1
1034,100,M,PhD,74,Arts,75,76,Assist,0,1563.0,1
1035,100,M,PhD,74,Arts,75,77,Assist,0,1791.0,1
1036,100,M,PhD,74,Arts,75,78,Assist,0,1904.0,1
1037,100,M,PhD,74,Arts,75,79,Assist,0,2079.0,1
1038,100,M,PhD,74,Arts,75,80,Assoc,0,2247.0,2
1039,100,M,PhD,74,Arts,75,81,Assoc,0,2413.433,2
1040,100,M,PhD,74,Arts,75,82,Assoc,0,2425.0,2
1041,100,M,PhD,74,Arts,75,83,Assoc,0,2633.0,2
1042,100,M,PhD,74,Arts,75,84,Full,0,3337.0,3
1043,100,M,PhD,74,Arts,75,85,Full,0,3337.0,3
1044,100,M,PhD,74,Arts,75,86,Full,0,3640.0,3
1045,100,M,PhD,74,Arts,75,87,Full,0,3822.0,3
1046,100,M,PhD,74,Arts,75,88,Full,0,4105.0,3
1047,100,M,PhD,74,Arts,75,89,Full,0,4651.0,3
1048,100,M,PhD,74,Arts,75,90,Full,0,5010.0,3
1049,100,M,PhD,74,Arts,75,91,Full,0,5242.0,3
1050,100,M,PhD,74,Arts,75,92,Full,0,5394.0,3
1051,100,M,PhD,74,Arts,75,93,Full,0,5551.0,3
1052,100,M,PhD,74,Arts,75,94,Full,1,5551.0,3
1053,100,M,PhD,74,Arts,75,95,Full,1,5794.0,3
1054,101,F,PhD,74,Other,81,81,Assoc,0,2916.0,2
1055,101,F,PhD,74,Other,81,82,Assoc,0,3000.0,2
1056,101,F,PhD,74,Other,81,83,Assoc,0,3258.0,2
1057,101,F,PhD,74,Other,81,84,Assoc,0,3430.0,2
1058,101,F,PhD,74,Other,81,85,Assoc,0,3430.0,2
1059,101,F,PhD,74,Other,81,86,Assoc,0,3742.0,2
1060,101,F,PhD,74,Other,81,87,Assoc,0,3906.818,2
1061,101,F,PhD,74,Other,81,88,Assoc,0,4042.667,2
1062,101,F,PhD,74,Other,81,89,Assoc,0,4325.0,2
1063,101,F,PhD,74,Other,81,90,Assoc,0,4526.667,2
1064,101,F,PhD,74,Other,81,91,Assoc,0,4737.333,2
1065,101,F,PhD,74,Other,81,92,Assoc,0,4805.455,2
1066,101,F,PhD,74,Other,81,93,Assoc,0,4874.545,2
1067,101,F,PhD,74,Other,81,94,Assoc,0,4876.0,2
1068,101,F,PhD,74,Other,81,95,Assoc,0,5088.0,2
1069,102,M,PhD,73,Other,72,76,Assist,0,1803.0,1
1070,102,M,PhD,73,Other,72,77,Assist,0,2019.0,1
1071,102,M,PhD,73,Other,72,78,Assoc,0,2176.0,2
1072,102,M,PhD,73,Other,72,80,Assoc,0,3278.0,2
1073,102,M,PhD,73,Other,72,81,Assoc,0,3777.0,2
1074,102,M,PhD,73,Other,72,82,Assoc,0,3925.758,2
1075,102,M,PhD,73,Other,72,83,Assoc,0,4101.0,2
1076,102,M,PhD,73,Other,72,84,Full,0,4771.0,3
1077,102,M,PhD,73,Other,72,85,Full,0,4771.0,3
1078,102,M,PhD,73,Other,72,86,Full,0,6265.0,3
1079,102,M,PhD,73,Other,72,87,Full,0,6580.0,3
1080,102,M,PhD,73,Other,72,88,Full,0,6967.0,3
1081,102,M,PhD,73,Other,72,89,Full,0,7562.0,3
1082,102,M,PhD,73,Other,72,90,Full,0,7915.0,3
1083,102,M,PhD,73,Other,72,91,Full,0,8402.0,3
1084,102,M,PhD,73,Other,72,92,Full,0,8523.0,3
1085,102,M,PhD,73,Other,72,93,Full,0,8770.0,3
1086,102,M,PhD,73,Other,72,94,Full,0,8770.0,3
1087,102,M,PhD,73,Other,72,95,Full,0,9025.0,3
1088,103,M,PhD,66,Prof,68,76,Assoc,0,2013.0,2
1089,103,M,PhD,66,Prof,68,77,Assoc,0,2255.0,2
1090,103,M,PhD,66,Prof,68,79,Full,0,2695.0,3
1091,103,M,PhD,66,Prof,68,81,Full,0,3317.0,3
1092,103,M,PhD,66,Prof,68,82,Full,0,3563.0,3
1093,103,M,PhD,66,Prof,68,83,Full,0,3759.0,3
1094,103,M,PhD,66,Prof,68,84,Full,0,4013.0,3
1095,103,M,PhD,66,Prof,68,85,Full,0,4013.0,3
1096,103,M,PhD,66,Prof,68,86,Full,0,4134.0,3
1097,103,M,PhD,66,Prof,68,87,Full,0,4343.0,3
1098,103,M,PhD,66,Prof,68,93,Full,0,7619.0,3
1099,103,M,PhD,66,Prof,68,94,Full,0,7619.0,3
1100,103,M,PhD,66,Prof,68,95,Full,0,8076.0,3
1101,104,M,PhD,67,Other,69,76,Full,1,2642.424,3
1102,104,M,PhD,67,Other,69,77,Full,1,2892.0,3
1103,104,M,PhD,67,Other,69,78,Full,1,3062.0,3
1104,104,M,PhD,67,Other,69,81,Full,1,4354.0,3
1105,104,M,PhD,67,Other,69,82,Full,1,4543.0,3
1106,104,M,PhD,67,Other,69,83,Full,1,5149.0,3
1107,104,M,PhD,67,Other,69,84,Full,1,5577.0,3
1108,104,M,PhD,67,Other,69,85,Full,1,5577.0,3
1109,104,M,PhD,67,Other,69,86,Full,1,6348.0,3
1110,104,M,PhD,67,Other,69,87,Full,1,6668.0,3
1111,104,M,PhD,67,Other,69,88,Full,1,6861.0,3
1112,104,M,PhD,67,Other,69,89,Full,1,7304.478,3
1113,104,M,PhD,67,Other,69,90,Full,1,7681.0,3
1114,104,M,PhD,67,Other,69,91,Full,1,8155.0,3
1115,104,M,PhD,67,Other,69,92,Full,1,8392.0,3
1116,104,M,PhD,67,Other,69,93,Full,1,8635.0,3
1117,104,M,PhD,67,Other,69,94,Full,1,8635.0,3
1118,104,M,PhD,67,Other,69,95,Full,1,9143.0,3
1119,105,M,PhD,63,Prof,79,79,Assoc,0,2368.0,2
1120,105,M,PhD,63,Prof,79,81,Assoc,0,2794.0,2
1121,105,M,PhD,63,Prof,79,82,Assoc,0,2876.0,2
1122,105,M,PhD,63,Prof,79,83,Assoc,0,3077.0,2
1123,105,M,PhD,63,Prof,79,84,Assoc,0,3287.0,2
1124,105,M,PhD,63,Prof,79,85,Full,0,3381.0,3
1125,105,M,PhD,63,Prof,79,86,Full,0,4440.0,3
1126,105,M,PhD,63,Prof,79,87,Full,0,4908.0,3
1127,105,M,PhD,63,Prof,79,88,Full,0,4533.0,3
1128,105,M,PhD,63,Prof,79,89,Full,0,4990.0,3
1129,105,M,PhD,63,Prof,79,90,Full,0,5223.0,3
1130,105,M,PhD,63,Prof,79,91,Full,0,5311.0,3
1131,105,M,PhD,63,Prof,79,92,Full,0,5388.0,3
1132,105,M,PhD,63,Prof,79,93,Full,0,5624.0,3
1133,105,M,PhD,63,Prof,79,94,Full,0,5623.333,3
1134,105,M,PhD,63,Prof,79,95,Full,0,5624.0,3
1135,106,M,PhD,60,Other,66,76,Full,1,3896.0,3
1136,106,M,PhD,60,Other,66,77,Full,1,4269.0,3
1137,106,M,PhD,60,Other,66,78,Full,0,4581.0,3
1138,106,M,PhD,60,Other,66,79,Full,0,4861.194,3
1139,106,M,PhD,60,Other,66,80,Full,0,5133.0,3
1140,106,M,PhD,60,Other,66,81,Full,0,5478.0,3
1141,106,M,PhD,60,Other,66,82,Full,0,5636.0,3
1142,106,M,PhD,60,Other,66,83,Full,0,6031.0,3
1143,106,M,PhD,60,Other,66,84,Full,0,6350.0,3
1144,106,M,PhD,60,Other,66,85,Full,0,6350.0,3
1145,106,M,PhD,60,Other,66,86,Full,0,7438.0,3
1146,106,M,PhD,60,Other,66,87,Full,0,7811.0,3
1147,106,M,PhD,60,Other,66,88,Full,0,7924.0,3
1148,106,M,PhD,60,Other,66,89,Full,0,8600.0,3
1149,106,M,PhD,60,Other,66,90,Full,0,9132.0,3
1150,106,M,PhD,60,Other,66,91,Full,0,9420.0,3
1151,106,M,PhD,60,Other,66,92,Full,0,9693.0,3
1152,106,M,PhD,60,Other,66,93,Full,0,9974.0,3
1153,106,M,PhD,60,Other,66,94,Full,0,9974.0,3
1154,106,M,PhD,60,Other,66,95,Full,0,10263.0,3
1155,107,M,PhD,79,Other,81,81,Assoc,0,3777.0,2
1156,107,M,PhD,79,Other,81,82,Assoc,0,3943.0,2
1157,107,M,PhD,79,Other,81,83,Assoc,0,4280.0,2
1158,107,M,PhD,79,Other,81,84,Full,0,4704.0,3
1159,107,M,PhD,79,Other,81,85,Full,0,4704.0,3
1160,107,M,PhD,79,Other,81,86,Full,0,5509.0,3
1161,107,M,PhD,79,Other,81,87,Full,1,6675.0,3
1162,107,M,PhD,79,Other,81,88,Full,1,7067.0,3
1163,107,M,PhD,79,Other,81,89,Full,1,7671.0,3
1164,107,M,PhD,79,Other,81,90,Full,0,8145.0,3
1165,107,M,PhD,79,Other,81,91,Full,0,8646.0,3
1166,107,M,PhD,79,Other,81,92,Full,0,8646.0,3
1167,107,M,PhD,79,Other,81,93,Full,0,8896.0,3
1168,107,M,PhD,79,Other,81,94,Full,0,8896.0,3
1169,107,M,PhD,79,Other,81,95,Full,0,9154.0,3
1170,108,M,PhD,83,Other,83,83,Assist,0,2952.0,1
1171,108,M,PhD,83,Other,83,84,Assist,0,3197.0,1
1172,108,M,PhD,83,Other,83,85,Assist,0,3197.0,1
1173,108,M,PhD,83,Other,83,86,Assist,0,3293.0,1
1174,108,M,PhD,83,Other,83,87,Assist,0,3458.0,1
1175,108,M,PhD,83,Other,83,88,Assist,0,3990.0,1
1176,108,M,PhD,83,Other,83,89,Assist,0,5068.0,1
1177,108,M,PhD,83,Other,83,90,Assoc,0,5305.0,2
1178,108,M,PhD,83,Other,83,91,Assoc,0,5631.0,2
1179,108,M,PhD,83,Other,83,92,Assoc,0,5878.0,2
1180,108,M,PhD,83,Other,83,93,Assoc,0,6135.0,2
1181,108,M,PhD,83,Other,83,94,Assoc,0,6135.0,2
1182,108,M,PhD,83,Other,83,95,Assoc,0,6590.0,2
1183,109,M,PhD,86,Other,91,91,Assist,0,3221.0,1
1184,109,M,PhD,86,Other,91,92,Assist,0,3362.0,1
1185,109,M,PhD,86,Other,91,93,Assist,0,3509.0,1
1186,109,M,PhD,86,Other,91,94,Assoc,0,3611.0,2
1187,109,M,PhD,86,Other,91,95,Assoc,0,3769.0,2
1188,110,M,PhD,68,Other,72,76,Assoc,0,2053.0,2
1189,110,M,PhD,68,Other,72,77,Full,0,2378.0,3
1190,110,M,PhD,68,Other,72,78,Full,0,2544.0,3
1191,110,M,PhD,68,Other,72,79,Full,0,2850.0,3
1192,110,M,PhD,68,Other,72,80,Full,0,3105.0,3
1193,110,M,PhD,68,Other,72,81,Full,0,3500.0,3
1194,110,M,PhD,68,Other,72,82,Full,0,3671.0,3
1195,110,M,PhD,68,Other,72,83,Full,0,3873.0,3
1196,110,M,PhD,68,Other,72,84,Full,0,5997.0,3
1197,110,M,PhD,68,Other,72,85,Full,0,5997.0,3
1198,110,M,PhD,68,Other,72,86,Full,0,6634.0,3
1199,110,M,PhD,68,Other,72,87,Full,0,6967.0,3
1200,110,M,PhD,68,Other,72,88,Full,0,7272.0,3
1201,110,M,PhD,68,Other,72,89,Full,0,7671.0,3
1202,110,M,PhD,68,Other,72,90,Full,0,8029.0,3
1203,110,M,PhD,68,Other,72,91,Full,0,8402.0,3
1204,110,M,PhD,68,Other,72,92,Full,0,8646.0,3
1205,110,M,PhD,68,Other,72,93,Full,0,8896.0,3
1206,110,M,PhD,68,Other,72,94,Full,0,8896.0,3
1207,110,M,PhD,68,Other,72,95,Full,0,9286.0,3
1208,111,M,PhD,81,Arts,84,84,Assist,0,2301.0,1
1209,111,M,PhD,81,Arts,84,85,Assist,0,2301.0,1
1210,111,M,PhD,81,Arts,84,86,Assist,0,2658.0,1
1211,111,M,PhD,81,Arts,84,87,Assist,0,2791.0,1
1212,111,M,PhD,81,Arts,84,88,Assist,0,2831.0,1
1213,111,M,PhD,81,Arts,84,89,Assist,0,3117.0,1
1214,111,M,PhD,81,Arts,84,90,Assoc,0,3658.0,2
1215,111,M,PhD,81,Arts,84,91,Assoc,0,4053.0,2
1216,111,M,PhD,81,Arts,84,92,Assoc,0,4171.0,2
1217,111,M,PhD,81,Arts,84,93,Assoc,0,4353.0,2
1218,111,M,PhD,81,Arts,84,94,Assoc,0,4353.0,2
1219,111,M,PhD,81,Arts,84,95,Full,0,4812.0,3
1220,112,F,PhD,65,Other,76,76,Assist,0,1714.0,1
1221,112,F,PhD,65,Other,76,77,Assist,0,1828.0,1
1222,112,F,PhD,65,Other,76,78,Assist,0,1904.0,1
1223,112,F,PhD,65,Other,76,79,Assist,0,2120.0,1
1224,112,F,PhD,65,Other,76,80,Assist,0,2290.0,1
1225,112,F,PhD,65,Other,76,81,Assist,0,2460.0,1
1226,112,F,PhD,65,Other,76,82,Assoc,0,2532.0,2
1227,112,F,PhD,65,Other,76,83,Assoc,0,2952.0,2
1228,112,F,PhD,65,Other,76,84,Assoc,0,3197.333,2
1229,112,F,PhD,65,Other,76,85,Assoc,0,3197.333,2
1230,112,F,PhD,65,Other,76,86,Assoc,0,3537.333,2
1231,112,F,PhD,65,Other,76,87,Assoc,0,3715.0,2
1232,112,F,PhD,65,Other,76,88,Assoc,0,3990.667,2
1233,112,F,PhD,65,Other,76,89,Assoc,0,4269.0,2
1234,112,F,PhD,65,Other,76,90,Assoc,0,4468.0,2
1235,112,F,PhD,65,Other,76,91,Assoc,0,4676.0,2
1236,112,F,PhD,65,Other,76,92,Assoc,0,4811.759,2
1237,112,F,PhD,65,Other,76,93,Assoc,0,4881.0,2
1238,112,F,PhD,65,Other,76,94,Assoc,0,4881.0,2
1239,112,F,PhD,65,Other,76,95,Full,0,5168.0,3
1240,113,M,PhD,70,Other,69,76,Assoc,0,2089.0,2
1241,113,M,PhD,70,Other,69,77,Assoc,0,2216.0,2
1242,113,M,PhD,70,Other,69,78,Assoc,0,2296.0,2
1243,113,M,PhD,70,Other,69,79,Assoc,0,2454.0,2
1244,113,M,PhD,70,Other,69,82,Assoc,0,2879.0,2
1245,113,M,PhD,70,Other,69,83,Assoc,0,3156.061,2
1246,113,M,PhD,70,Other,69,84,Assoc,0,3243.0,2
1247,113,M,PhD,70,Other,69,85,Assoc,0,3243.0,2
1248,113,M,PhD,70,Other,69,86,Assoc,0,3341.0,2
1249,113,M,PhD,70,Other,69,87,Assoc,0,3508.0,2
1250,113,M,PhD,70,Other,69,88,Assoc,0,3508.0,2
1251,113,M,PhD,70,Other,69,89,Assoc,0,3700.0,2
1252,113,M,PhD,70,Other,69,90,Assoc,0,3764.0,2
1253,113,M,PhD,70,Other,69,91,Assoc,0,4171.0,2
1254,113,M,PhD,70,Other,69,92,Assoc,0,4171.0,2
1255,113,M,PhD,70,Other,69,93,Assoc,0,4231.0,2
1256,113,M,PhD,70,Other,69,94,Assoc,0,4231.0,2
1257,113,M,PhD,70,Other,69,95,Assoc,0,4416.0,2
1258,114,M,PhD,81,Other,83,83,Assist,0,2595.0,1
1259,114,M,PhD,81,Other,83,84,Assist,0,2770.0,1
1260,114,M,PhD,81,Other,83,85,Assist,0,2770.0,1
1261,114,M,PhD,81,Other,83,86,Assoc,0,3640.0,2
1262,114,M,PhD,81,Other,83,87,Assoc,0,3822.0,2
1263,114,M,PhD,81,Other,83,88,Assoc,0,4874.0,2
1264,114,M,PhD,81,Other,83,89,Full,0,5043.284,3
1265,114,M,PhD,81,Other,83,90,Full,0,5381.0,3
1266,114,M,PhD,81,Other,83,91,Full,0,5712.0,3
1267,114,M,PhD,81,Other,83,92,Full,0,5878.0,3
1268,114,M,PhD,81,Other,83,93,Full,0,6048.0,3
1269,114,M,PhD,81,Other,83,94,Full,0,6048.0,3
1270,114,M,PhD,81,Other,83,95,Full,0,7602.0,3
1271,115,M,PhD,90,Other,93,93,Assist,0,4348.0,1
1272,115,M,PhD,90,Other,93,94,Assist,0,4348.0,1
1273,115,M,PhD,90,Other,93,95,Assist,0,4538.0,1
1274,116,F,PhD,74,Prof,76,76,Assist,0,1676.0,1
1275,116,F,PhD,74,Prof,76,77,Assist,0,1430.0,1
1276,116,F,PhD,74,Prof,76,78,Assist,0,1780.0,1
1277,116,F,PhD,74,Prof,76,79,Assist,0,1944.0,1
1278,116,F,PhD,74,Prof,76,82,Assoc,0,2677.0,2
1279,116,F,PhD,74,Prof,76,83,Assoc,0,3353.0,2
1280,116,F,PhD,74,Prof,76,84,Assoc,0,3581.0,2
1281,116,F,PhD,74,Prof,76,85,Assoc,0,3581.0,2
1282,116,F,PhD,74,Prof,76,86,Assoc,0,4510.0,2
1283,116,F,PhD,74,Prof,76,87,Assoc,0,4736.0,2
1284,116,F,PhD,74,Prof,76,88,Assoc,0,4805.0,2
1285,116,F,PhD,74,Prof,76,89,Assoc,0,5215.0,2
1286,116,F,PhD,74,Prof,76,90,Assoc,0,5458.0,2
1287,116,F,PhD,74,Prof,76,91,Assoc,0,5794.0,2
1288,116,F,PhD,74,Prof,76,92,Assoc,0,5962.0,2
1289,116,F,PhD,74,Prof,76,93,Assoc,0,6135.0,2
1290,116,F,PhD,74,Prof,76,94,Assoc,0,6135.0,2
1291,116,F,PhD,74,Prof,76,95,Assoc,0,6135.0,2
1292,117,M,PhD,70,Other,75,76,Assoc,0,1839.0,2
1293,117,M,PhD,70,Other,75,77,Assoc,0,2058.0,2
1294,117,M,PhD,70,Other,75,78,Assoc,0,2216.0,2
1295,117,M,PhD,70,Other,75,79,Assoc,0,2411.0,2
1296,117,M,PhD,70,Other,75,80,Full,0,2597.0,3
1297,117,M,PhD,70,Other,75,81,Full,0,2838.0,3
1298,117,M,PhD,70,Other,75,82,Full,0,2866.667,3
1299,117,M,PhD,70,Other,75,83,Full,0,2994.0,3
1300,117,M,PhD,70,Other,75,84,Full,0,3197.0,3
1301,117,M,PhD,70,Other,75,85,Full,0,3197.0,3
1302,117,M,PhD,70,Other,75,86,Full,0,3293.0,3
1303,117,M,PhD,70,Other,75,87,Full,0,3458.0,3
1304,117,M,PhD,70,Other,75,88,Full,0,3933.0,3
1305,117,M,PhD,70,Other,75,89,Full,0,4269.0,3
1306,117,M,PhD,70,Other,75,90,Full,0,4343.0,3
1307,117,M,PhD,70,Other,75,91,Full,0,4544.0,3
1308,117,M,PhD,70,Other,75,92,Full,0,4676.0,3
1309,117,M,PhD,70,Other,75,93,Full,0,4676.0,3
1310,117,M,PhD,70,Other,75,94,Full,0,4676.0,3
1311,117,M,PhD,70,Other,75,95,Full,0,4743.0,3
1312,118,M,PhD,81,Arts,83,83,Assist,0,2249.0,1
1313,118,M,PhD,81,Arts,83,84,Assist,0,2472.0,1
1314,118,M,PhD,81,Arts,83,85,Assist,0,2472.0,1
1315,118,M,PhD,81,Arts,83,86,Assist,0,2896.0,1
1316,118,M,PhD,81,Arts,83,87,Assist,0,3041.0,1
1317,118,M,PhD,81,Arts,83,88,Assoc,0,3266.0,2
1318,118,M,PhD,81,Arts,83,89,Assoc,0,3648.0,2
1319,118,M,PhD,81,Arts,83,90,Assoc,0,3929.0,2
1320,118,M,PhD,81,Arts,83,91,Assoc,1,4610.0,2
1321,118,M,PhD,81,Arts,83,92,Assoc,1,4743.0,2
1322,118,M,PhD,81,Arts,83,93,Assoc,1,4881.0,2
1323,118,M,PhD,81,Arts,83,94,Assoc,1,4881.0,2
1324,118,M,PhD,81,Arts,83,95,Assoc,1,5095.0,2
1325,119,M,PhD,66,Other,70,76,Assoc,0,2629.851,2
1326,119,M,PhD,66,Other,70,77,Assoc,0,2888.0,2
1327,119,M,PhD,66,Other,70,78,Full,0,3111.0,3
1328,119,M,PhD,66,Other,70,79,Full,0,3655.0,3
1329,119,M,PhD,66,Other,70,80,Full,0,4010.0,3
1330,119,M,PhD,66,Other,70,81,Full,0,4485.0,3
1331,119,M,PhD,66,Other,70,82,Full,0,4615.0,3
1332,119,M,PhD,66,Other,70,83,Full,0,4869.0,3
1333,119,M,PhD,66,Other,70,84,Full,0,5427.0,3
1334,119,M,PhD,66,Other,70,85,Full,0,5427.0,3
1335,119,M,PhD,66,Other,70,86,Full,0,5917.0,3
1336,119,M,PhD,66,Other,70,87,Full,0,6214.0,3
1337,119,M,PhD,66,Other,70,88,Full,0,6214.0,3
1338,119,M,PhD,66,Other,70,89,Full,0,6555.0,3
1339,119,M,PhD,66,Other,70,90,Full,0,6764.0,3
1340,119,M,PhD,66,Other,70,91,Full,0,6977.0,3
1341,119,M,PhD,66,Other,70,92,Full,0,7078.0,3
1342,119,M,PhD,66,Other,70,93,Full,0,7283.0,3
1343,119,M,PhD,66,Other,70,94,Full,0,7283.0,3
1344,119,M,PhD,66,Other,70,95,Full,0,7494.0,3
1345,120,F,PhD,71,Arts,88,88,Full,0,5235.0,3
1346,120,F,PhD,71,Arts,88,89,Full,0,5495.522,3
1347,120,F,PhD,71,Arts,88,90,Full,1,6120.0,3
1348,120,F,PhD,71,Arts,88,91,Full,1,6404.0,3
1349,120,F,PhD,71,Arts,88,92,Full,1,6590.0,3
1350,120,F,PhD,71,Arts,88,93,Full,0,6781.0,3
1351,120,F,PhD,71,Arts,88,94,Full,0,6781.0,3
1352,120,F,PhD,71,Arts,88,95,Full,0,6977.0,3
1353,121,M,PhD,80,Other,87,87,Assoc,0,3723.0,2
1354,121,M,PhD,80,Other,87,88,Assoc,0,3723.0,2
1355,121,M,PhD,80,Other,87,89,Assoc,0,4032.0,2
1356,121,M,PhD,80,Other,87,90,Assoc,0,4220.0,2
1357,121,M,PhD,80,Other,87,91,Assoc,0,4353.0,2
1358,121,M,PhD,80,Other,87,92,Assoc,0,4480.0,2
1359,121,M,PhD,80,Other,87,93,Assoc,0,4610.0,2
1360,121,M,PhD,80,Other,87,94,Assoc,0,4610.0,2
1361,121,M,PhD,80,Other,87,95,Full,0,4881.0,3
1362,122,M,PhD,80,Other,83,83,Assist,0,2591.0,1
1363,122,M,PhD,80,Other,83,84,Assist,0,2768.0,1
1364,122,M,PhD,80,Other,83,85,Assist,0,2768.0,1
1365,122,M,PhD,80,Other,83,86,Assist,0,3151.0,1
1366,122,M,PhD,80,Other,83,87,Assist,0,3310.0,1
1367,122,M,PhD,80,Other,83,88,Assoc,0,3606.0,2
1368,122,M,PhD,80,Other,83,89,Assoc,0,4085.0,2
1369,122,M,PhD,80,Other,83,90,Assoc,0,4527.0,2
1370,122,M,PhD,80,Other,83,91,Assoc,0,5016.0,2
1371,122,M,PhD,80,Other,83,92,Assoc,0,5311.0,2
1372,122,M,PhD,80,Other,83,93,Full,0,5705.0,3
1373,122,M,PhD,80,Other,83,94,Full,0,5705.0,3
1374,122,M,PhD,80,Other,83,95,Full,0,6127.0,3
1375,123,M,PhD,70,Other,93,93,Full,0,7823.0,3
1376,123,M,PhD,70,Other,93,94,Full,0,7823.0,3
1377,123,M,PhD,70,Other,93,95,Full,1,8402.0,3
1378,124,M,PhD,91,Prof,92,92,Assist,0,5472.0,1
1379,124,M,PhD,91,Prof,92,93,Assist,0,5472.0,1
1380,124,M,PhD,91,Prof,92,94,Assist,0,5472.0,1
1381,124,M,PhD,91,Prof,92,95,Assist,0,7283.0,1
1382,125,M,PhD,61,Arts,61,76,Assoc,0,2089.394,2
1383,125,M,PhD,61,Arts,61,77,Assoc,0,2204.478,2
1384,125,M,PhD,61,Arts,61,78,Assoc,0,2296.0,2
1385,125,M,PhD,61,Arts,61,79,Assoc,0,2454.0,2
1386,125,M,PhD,61,Arts,61,80,Assoc,0,2597.0,2
1387,125,M,PhD,61,Arts,61,81,Assoc,0,2798.0,2
1388,125,M,PhD,61,Arts,61,82,Assoc,0,2838.0,2
1389,125,M,PhD,61,Arts,61,83,Assoc,0,2994.0,2
1390,125,M,PhD,61,Arts,61,84,Assoc,0,3063.0,2
1391,125,M,PhD,61,Arts,61,85,Assoc,0,3063.0,2
1392,125,M,PhD,61,Arts,61,86,Assoc,0,3155.0,2
1393,125,M,PhD,61,Arts,61,87,Assoc,0,3313.0,2
1394,125,M,PhD,61,Arts,61,88,Assoc,0,3313.0,2
1395,125,M,PhD,61,Arts,61,89,Assoc,0,3596.0,2
1396,125,M,PhD,61,Arts,61,90,Assoc,0,3658.0,2
1397,125,M,PhD,61,Arts,61,91,Assoc,0,3828.0,2
1398,125,M,PhD,61,Arts,61,92,Assoc,0,3939.0,2
1399,125,M,PhD,61,Arts,61,93,Assoc,0,3939.0,2
1400,125,M,PhD,61,Arts,61,94,Assoc,0,3939.0,2
1401,125,M,PhD,61,Arts,61,95,Assoc,0,3939.0,2
1402,126,M,PhD,68,Other,71,76,Assist,0,1743.0,1
1403,126,M,PhD,68,Other,71,77,Assoc,0,1942.0,2
1404,126,M,PhD,68,Other,71,78,Assoc,0,2019.0,2
1405,126,M,PhD,68,Other,71,79,Assoc,0,2243.0,2
1406,126,M,PhD,68,Other,71,80,Assoc,0,2420.0,2
1407,126,M,PhD,68,Other,71,81,Assoc,0,2680.0,2
1408,126,M,PhD,68,Other,71,82,Full,0,2838.0,3
1409,126,M,PhD,68,Other,71,83,Full,0,3037.0,3
1410,126,M,PhD,68,Other,71,84,Full,0,3386.0,3
1411,126,M,PhD,68,Other,71,85,Full,0,3386.0,3
1412,126,M,PhD,68,Other,71,86,Full,0,4641.0,3
1413,126,M,PhD,68,Other,71,87,Full,0,4874.0,3
1414,126,M,PhD,68,Other,71,88,Full,0,5015.0,3
1415,126,M,PhD,68,Other,71,89,Full,0,5522.0,3
1416,126,M,PhD,68,Other,71,90,Full,0,5863.0,3
1417,126,M,PhD,68,Other,71,91,Full,0,6404.0,3
1418,126,M,PhD,68,Other,71,92,Full,1,7388.0,3
1419,126,M,PhD,68,Other,71,93,Full,1,7602.0,3
1420,126,M,PhD,68,Other,71,94,Full,1,7602.0,3
1421,126,M,PhD,68,Other,71,95,Full,1,7823.0,3
1422,127,M,PhD,72,Prof,72,76,Assist,0,1366.0,1
1423,127,M,PhD,72,Prof,72,77,Assist,0,1640.0,1
1424,127,M,PhD,72,Prof,72,78,Assist,0,1780.0,1
1425,127,M,PhD,72,Prof,72,79,Assoc,0,2210.0,2
1426,127,M,PhD,72,Prof,72,80,Assoc,0,2381.0,2
1427,127,M,PhD,72,Prof,72,81,Assoc,0,2715.0,2
1428,127,M,PhD,72,Prof,72,82,Assoc,0,2834.0,2
1429,127,M,PhD,72,Prof,72,83,Assoc,0,3450.0,2
1430,127,M,PhD,72,Prof,72,84,Assoc,0,4101.0,2
1431,127,M,PhD,72,Prof,72,85,Assoc,0,4101.0,2
1432,127,M,PhD,72,Prof,72,86,Full,0,5354.0,3
1433,127,M,PhD,72,Prof,72,87,Full,0,5623.0,3
1434,127,M,PhD,72,Prof,72,88,Full,0,5786.0,3
1435,127,M,PhD,72,Prof,72,89,Full,0,6370.0,3
1436,127,M,PhD,72,Prof,72,90,Full,0,7475.0,3
1437,127,M,PhD,72,Prof,72,91,Full,0,7823.0,3
1438,127,M,PhD,72,Prof,72,92,Full,0,8165.0,3
1439,127,M,PhD,72,Prof,72,93,Full,0,8402.0,3
1440,127,M,PhD,72,Prof,72,94,Full,0,8402.0,3
1441,127,M,PhD,72,Prof,72,95,Full,0,8896.0,3
1442,128,M,PhD,75,Other,78,78,Assist,0,1608.0,1
1443,128,M,PhD,75,Other,78,79,Assist,0,1803.0,1
1444,128,M,PhD,75,Other,78,80,Assist,0,1916.0,1
1445,128,M,PhD,75,Other,78,81,Assist,0,2102.0,1
1446,128,M,PhD,75,Other,78,82,Assist,0,2194.0,1
1447,128,M,PhD,75,Other,78,83,Assoc,0,2451.0,2
1448,128,M,PhD,75,Other,78,84,Assoc,0,2851.0,2
1449,128,M,PhD,75,Other,78,85,Assoc,0,2851.0,2
1450,128,M,PhD,75,Other,78,86,Assoc,0,3293.0,2
1451,128,M,PhD,75,Other,78,87,Assoc,0,3458.0,2
1452,128,M,PhD,75,Other,78,88,Assoc,0,3559.0,2
1453,128,M,PhD,75,Other,78,89,Assoc,0,3754.0,2
1454,128,M,PhD,75,Other,78,90,Assoc,0,3873.0,2
1455,128,M,PhD,75,Other,78,91,Assoc,0,4112.0,2
1456,128,M,PhD,75,Other,78,92,Assoc,0,4171.0,2
1457,128,M,PhD,75,Other,78,93,Assoc,0,4231.0,2
1458,128,M,PhD,75,Other,78,94,Full,0,4676.0,3
1459,128,M,PhD,75,Other,78,95,Full,0,4812.0,3
1460,129,M,PhD,88,Arts,91,91,Assist,0,3564.0,1
1461,129,M,PhD,88,Arts,91,92,Assist,0,3564.0,1
1462,129,M,PhD,88,Arts,91,93,Assist,0,3667.0,1
1463,129,M,PhD,88,Arts,91,94,Assist,0,3667.0,1
1464,129,M,PhD,88,Arts,91,95,Assist,0,3774.0,1
1465,130,M,PhD,77,Prof,85,85,Assoc,1,3851.0,2
1466,130,M,PhD,77,Prof,85,86,Assoc,1,4199.0,2
1467,130,M,PhD,77,Prof,85,87,Assoc,1,4410.0,2
1468,130,M,PhD,77,Prof,85,88,Assoc,1,4603.0,2
1469,130,M,PhD,77,Prof,85,89,Assoc,1,5366.0,2
1470,130,M,PhD,77,Prof,85,90,Full,1,6297.0,3
1471,130,M,PhD,77,Prof,85,91,Full,1,6781.0,3
1472,130,M,PhD,77,Prof,85,92,Full,1,7283.0,3
1473,130,M,PhD,77,Prof,85,93,Full,1,7712.0,3
1474,130,M,PhD,77,Prof,85,94,Full,1,7712.0,3
1475,130,M,PhD,77,Prof,85,95,Full,1,8049.0,3
1476,131,M,PhD,78,Other,84,84,Assoc,0,4704.0,2
1477,131,M,PhD,78,Other,84,85,Assoc,0,4704.0,2
1478,131,M,PhD,78,Other,84,86,Assoc,0,5203.0,2
1479,131,M,PhD,78,Other,84,87,Assoc,0,5464.0,2
1480,131,M,PhD,78,Other,84,88,Assoc,0,5703.0,2
1481,131,M,PhD,78,Other,84,89,Assoc,0,6280.0,2
1482,131,M,PhD,78,Other,84,90,Assoc,0,6668.0,2
1483,131,M,PhD,78,Other,84,91,Full,0,8402.0,3
1484,131,M,PhD,78,Other,84,92,Full,0,8402.0,3
1485,131,M,PhD,78,Other,84,93,Full,0,8523.0,3
1486,131,M,PhD,78,Other,84,94,Full,0,8523.0,3
1487,131,M,PhD,78,Other,84,95,Full,1,9693.0,3
1488,132,F,PhD,83,Prof,87,87,Assist,0,3764.0,1
1489,132,F,PhD,83,Prof,87,88,Assist,0,3764.0,1
1490,132,F,PhD,83,Prof,87,89,Assist,0,4085.0,1
1491,132,F,PhD,83,Prof,87,90,Assoc,0,4592.0,2
1492,132,F,PhD,83,Prof,87,91,Assoc,0,4806.0,2
1493,132,F,PhD,83,Prof,87,92,Assoc,1,5962.0,2
1494,132,F,PhD,83,Prof,87,93,Assoc,1,5962.0,2
1495,132,F,PhD,83,Prof,87,94,Assoc,1,5962.0,2
1496,132,F,PhD,83,Prof,87,95,Assoc,1,6135.0,2
1497,133,M,PhD,82,Other,84,84,Assist,0,3063.0,1
1498,133,M,PhD,82,Other,84,85,Assist,0,3063.0,1
1499,133,M,PhD,82,Other,84,86,Assist,0,3487.0,1
1500,133,M,PhD,82,Other,84,87,Assist,0,3662.0,1
1501,133,M,PhD,82,Other,84,88,Assist,0,3877.0,1
1502,133,M,PhD,82,Other,84,89,Assoc,0,4330.0,2
1503,133,M,PhD,82,Other,84,90,Assoc,0,4731.0,2
1504,133,M,PhD,82,Other,84,91,Assoc,0,5168.0,2
1505,133,M,PhD,82,Other,84,92,Full,0,5794.0,3
1506,133,M,PhD,82,Other,84,93,Full,0,6048.0,3
1507,133,M,PhD,82,Other,84,94,Full,0,6048.0,3
1508,133,M,PhD,82,Other,84,95,Full,0,6496.0,3
1509,134,M,PhD,69,Prof,75,76,Assist,0,1682.0,1
1510,134,M,PhD,69,Prof,75,77,Assist,0,1851.0,1
1511,134,M,PhD,69,Prof,75,78,Assoc,0,2068.0,2
1512,134,M,PhD,69,Prof,75,79,Assoc,0,2328.0,2
1513,134,M,PhD,69,Prof,75,80,Assoc,0,2505.0,2
1514,134,M,PhD,69,Prof,75,81,Assoc,0,2794.0,2
1515,134,M,PhD,69,Prof,75,82,Assoc,0,3228.0,2
1516,134,M,PhD,69,Prof,75,83,Assoc,0,3873.0,2
1517,134,M,PhD,69,Prof,75,84,Assoc,0,4195.0,2
1518,134,M,PhD,69,Prof,75,85,Assoc,0,4195.0,2
1519,134,M,PhD,69,Prof,75,86,Assoc,0,4844.0,2
1520,134,M,PhD,69,Prof,75,87,Assoc,0,5087.0,2
1521,134,M,PhD,69,Prof,75,88,Assoc,0,5087.0,2
1522,134,M,PhD,69,Prof,75,89,Full,0,5601.0,3
1523,134,M,PhD,69,Prof,75,90,Full,0,6480.0,3
1524,134,M,PhD,69,Prof,75,91,Full,0,6781.0,3
1525,134,M,PhD,69,Prof,75,92,Full,0,7078.0,3
1526,134,M,PhD,69,Prof,75,93,Full,0,7283.0,3
1527,134,M,PhD,69,Prof,75,94,Full,0,7283.0,3
1528,134,M,PhD,69,Prof,75,95,Full,0,7388.0,3
1529,135,M,PhD,81,Other,90,90,Assoc,0,5229.0,2
1530,135,M,PhD,81,Other,90,91,Assoc,0,5318.0,2
1531,135,M,PhD,81,Other,90,92,Assoc,0,5631.0,2
1532,135,M,PhD,81,Other,90,93,Assoc,0,5794.0,2
1533,135,M,PhD,81,Other,90,94,Assoc,0,5794.0,2
1534,135,M,PhD,81,Other,90,95,Assoc,0,6048.0,2
1535,136,F,PhD,73,Arts,77,77,Assist,0,1472.0,1
1536,136,F,PhD,73,Arts,77,78,Assist,0,1608.0,1
1537,136,F,PhD,73,Arts,77,79,Assist,0,1764.0,1
1538,136,F,PhD,73,Arts,77,80,Assist,0,1875.0,1
1539,136,F,PhD,73,Arts,77,81,Assist,0,2042.0,1
1540,136,F,PhD,73,Arts,77,82,Assist,0,2132.0,1
1541,136,F,PhD,73,Arts,77,83,Assoc,0,2416.0,2
1542,136,F,PhD,73,Arts,77,84,Assoc,0,2851.0,2
1543,136,F,PhD,73,Arts,77,85,Assoc,0,2851.0,2
1544,136,F,PhD,73,Arts,77,86,Assoc,0,2937.0,2
1545,136,F,PhD,73,Arts,77,87,Assoc,0,3085.0,2
1546,136,F,PhD,73,Arts,77,88,Assoc,0,3361.0,2
1547,136,F,PhD,73,Arts,77,89,Full,0,4269.333,3
1548,136,F,PhD,73,Arts,77,90,Full,0,4405.0,3
1549,136,F,PhD,73,Arts,77,91,Full,0,4812.0,3
1550,136,F,PhD,73,Arts,77,92,Full,0,4951.0,3
1551,136,F,PhD,73,Arts,77,93,Full,0,5095.0,3
1552,136,F,PhD,73,Arts,77,94,Full,0,5095.0,3
1553,136,F,PhD,73,Arts,77,95,Full,0,5242.0,3
1554,137,M,PhD,80,Other,88,88,Assoc,0,4500.0,2
1555,137,M,PhD,80,Other,88,89,Assoc,0,4585.0,2
1556,137,M,PhD,80,Other,88,90,Assoc,0,4800.0,2
1557,137,M,PhD,80,Other,88,91,Assoc,0,5095.0,2
1558,137,M,PhD,80,Other,88,92,Full,0,5472.0,3
1559,137,M,PhD,80,Other,88,93,Full,0,5631.0,3
1560,137,M,PhD,80,Other,88,94,Full,0,5631.0,3
1561,137,M,PhD,80,Other,88,95,Full,0,5962.0,3
1562,138,M,PhD,90,Other,89,89,Assist,0,3596.0,1
1563,138,M,PhD,90,Other,89,90,Assist,0,3658.0,1
1564,138,M,PhD,90,Other,89,91,Assist,0,3939.0,1
1565,138,M,PhD,90,Other,89,92,Assist,0,4292.0,1
1566,138,M,PhD,90,Other,89,93,Assoc,0,4743.0,2
1567,138,M,PhD,90,Other,89,94,Assoc,0,4743.0,2
1568,138,M,PhD,90,Other,89,95,Assoc,0,5293.0,2
1569,140,F,PhD,76,Other,85,85,Assist,0,2577.0,1
1570,140,F,PhD,76,Other,85,86,Assist,0,2811.0,1
1571,140,F,PhD,76,Other,85,87,Assist,0,2952.0,1
1572,140,F,PhD,76,Other,85,88,Assist,0,3038.0,1
1573,140,F,PhD,76,Other,85,89,Assoc,0,3392.0,2
1574,140,F,PhD,76,Other,85,90,Assoc,0,3602.0,2
1575,140,F,PhD,76,Other,85,91,Assoc,0,4112.0,2
1576,140,F,PhD,76,Other,85,92,Assoc,0,4171.0,2
1577,140,F,PhD,76,Other,85,93,Assoc,0,4292.0,2
1578,140,F,PhD,76,Other,85,94,Assoc,0,4292.0,2
1579,140,F,PhD,76,Other,85,95,Assoc,0,4416.0,2
1580,141,M,PhD,67,Prof,92,92,Full,0,7388.0,3
1581,141,M,PhD,67,Prof,92,93,Full,0,7494.0,3
1582,141,M,PhD,67,Prof,92,94,Full,0,7494.0,3
1583,141,M,PhD,67,Prof,92,95,Full,0,7813.0,3
1584,142,M,PhD,73,Arts,77,77,Assist,0,1563.0,1
1585,142,M,PhD,73,Arts,77,78,Assist,0,1644.0,1
1586,142,M,PhD,73,Arts,77,79,Assist,0,1842.0,1
1587,142,M,PhD,73,Arts,77,80,Assist,0,2037.0,1
1588,142,M,PhD,73,Arts,77,81,Assist,0,2225.0,1
1589,142,M,PhD,73,Arts,77,82,Assist,0,2357.0,1
1590,142,M,PhD,73,Arts,77,83,Assist,0,2487.0,1
1591,142,M,PhD,73,Arts,77,84,Assoc,0,2935.0,2
1592,142,M,PhD,73,Arts,77,85,Assoc,0,2935.0,2
1593,142,M,PhD,73,Arts,77,86,Assoc,0,3200.0,2
1594,142,M,PhD,73,Arts,77,87,Assoc,0,3361.0,2
1595,142,M,PhD,73,Arts,77,88,Assoc,0,3458.0,2
1596,142,M,PhD,73,Arts,77,89,Assoc,0,3754.0,2
1597,142,M,PhD,73,Arts,77,90,Assoc,0,3986.0,2
1598,142,M,PhD,73,Arts,77,91,Assoc,0,4171.0,2
1599,142,M,PhD,73,Arts,77,92,Assoc,0,4416.0,2
1600,142,M,PhD,73,Arts,77,93,Full,0,4743.0,3
1601,142,M,PhD,73,Arts,77,94,Full,0,4743.0,3
1602,142,M,PhD,73,Arts,77,95,Full,0,5022.0,3
1603,143,M,PhD,85,Other,85,85,Assist,0,2556.0,1
1604,143,M,PhD,85,Other,85,86,Assist,0,2735.0,1
1605,143,M,PhD,85,Other,85,87,Assist,0,2872.0,1
1606,143,M,PhD,85,Other,85,88,Assist,0,2998.0,1
1607,143,M,PhD,85,Other,85,89,Assist,0,3348.0,1
1608,143,M,PhD,85,Other,85,90,Assist,0,3555.0,1
1609,143,M,PhD,85,Other,85,91,Assoc,0,3939.0,2
1610,143,M,PhD,85,Other,85,92,Assoc,0,4053.0,2
1611,143,M,PhD,85,Other,85,93,Assoc,0,4353.0,2
1612,143,M,PhD,85,Other,85,94,Assoc,0,4353.0,2
1613,143,M,PhD,85,Other,85,95,Assoc,0,4610.0,2
1614,144,F,PhD,80,Other,86,86,Assist,0,2811.0,1
1615,144,F,PhD,80,Other,86,87,Assist,0,2952.0,1
1616,144,F,PhD,80,Other,86,88,Assist,0,3082.0,1
1617,144,F,PhD,80,Other,86,89,Assist,0,3344.0,1
1618,144,F,PhD,80,Other,86,90,Assist,0,3500.0,1
1619,144,F,PhD,80,Other,86,91,Assoc,0,3823.0,2
1620,144,F,PhD,80,Other,86,92,Assoc,0,3934.0,2
1621,144,F,PhD,80,Other,86,93,Assoc,0,4048.0,2
1622,144,F,PhD,80,Other,86,94,Assoc,0,4048.0,2
1623,144,F,PhD,80,Other,86,95,Assoc,0,4165.0,2
1624,145,M,PhD,84,Other,91,91,Assoc,0,5168.0,2
1625,145,M,PhD,84,Other,91,92,Assoc,0,5168.0,2
1626,145,M,PhD,84,Other,91,93,Assoc,0,5394.0,2
1627,145,M,PhD,84,Other,91,94,Assoc,0,5394.0,2
1628,145,M,PhD,84,Other,91,95,Assoc,0,5631.0,2
1629,146,F,PhD,67,Other,57,76,Assoc,0,1946.0,2
1630,146,F,PhD,67,Other,57,77,Assoc,0,2256.0,2
1631,146,F,PhD,67,Other,57,78,Assoc,0,2419.0,2
1632,146,F,PhD,67,Other,57,80,Assoc,0,2686.0,2
1633,146,F,PhD,67,Other,57,81,Full,0,3048.0,3
1634,146,F,PhD,67,Other,57,82,Full,0,3182.0,3
1635,146,F,PhD,67,Other,57,83,Full,0,3357.0,3
1636,146,F,PhD,67,Other,57,84,Full,0,3636.0,3
1637,146,F,PhD,67,Other,57,85,Full,0,3636.0,3
1638,146,F,PhD,67,Other,57,86,Full,0,4023.0,3
1639,146,F,PhD,67,Other,57,87,Full,0,4225.0,3
1640,146,F,PhD,67,Other,57,88,Full,0,4347.0,3
1641,146,F,PhD,67,Other,57,89,Full,0,4651.0,3
1642,146,F,PhD,67,Other,57,90,Full,0,4869.0,3
1643,146,F,PhD,67,Other,57,91,Full,0,5095.0,3
1644,146,F,PhD,67,Other,57,92,Full,0,5168.0,3
1645,146,F,PhD,67,Other,57,93,Full,0,5318.0,3
1646,146,F,PhD,67,Other,57,94,Full,0,5318.0,3
1647,146,F,PhD,67,Other,57,95,Full,0,5551.0,3
1648,147,F,PhD,69,Other,68,76,Assoc,0,2053.0,2
1649,147,F,PhD,69,Other,68,77,Assoc,0,2316.0,2
1650,147,F,PhD,69,Other,68,78,Assoc,0,2460.0,2
1651,147,F,PhD,69,Other,68,79,Full,0,2805.0,3
1652,147,F,PhD,69,Other,68,80,Full,0,3057.0,3
1653,147,F,PhD,69,Other,68,81,Full,0,3417.0,3
1654,147,F,PhD,69,Other,68,82,Full,0,3517.0,3
1655,147,F,PhD,69,Other,68,83,Full,0,3710.0,3
1656,147,F,PhD,69,Other,68,84,Full,0,3851.0,3
1657,147,F,PhD,69,Other,68,85,Full,0,3851.0,3
1658,147,F,PhD,69,Other,68,86,Full,0,3966.0,3
1659,147,F,PhD,69,Other,68,87,Full,0,4165.0,3
1660,147,F,PhD,69,Other,68,88,Full,0,4285.0,3
1661,147,F,PhD,69,Other,68,89,Full,0,4651.0,3
1662,147,F,PhD,69,Other,68,90,Full,0,5155.0,3
1663,147,F,PhD,69,Other,68,91,Full,0,5551.0,3
1664,147,F,PhD,69,Other,68,92,Full,0,5878.0,3
1665,147,F,PhD,69,Other,68,93,Full,1,6223.0,3
1666,147,F,PhD,69,Other,68,94,Full,1,6223.0,3
1667,147,F,PhD,69,Other,68,95,Full,1,6828.0,3
1668,148,F,PhD,82,Arts,83,83,Assist,0,2671.0,1
1669,148,F,PhD,82,Arts,83,84,Assist,0,2770.0,1
1670,148,F,PhD,82,Arts,83,85,Assist,0,2770.0,1
1671,148,F,PhD,82,Arts,83,86,Assist,0,3066.0,1
1672,148,F,PhD,82,Arts,83,87,Assoc,0,3313.0,2
1673,148,F,PhD,82,Arts,83,88,Assoc,0,3768.0,2
1674,148,F,PhD,82,Arts,83,89,Assoc,0,4149.0,2
1675,148,F,PhD,82,Arts,83,90,Assoc,0,4405.0,2
1676,148,F,PhD,82,Arts,83,91,Assoc,0,4676.0,2
1677,148,F,PhD,82,Arts,83,92,Assoc,0,4881.0,2
1678,148,F,PhD,82,Arts,83,93,Full,0,6404.0,3
1679,148,F,PhD,82,Arts,83,94,Full,0,6404.0,3
1680,148,F,PhD,82,Arts,83,95,Full,0,6684.0,3
1681,149,F,PhD,81,Other,87,87,Assist,0,3873.0,1
1682,149,F,PhD,81,Other,87,88,Assist,0,3986.0,1
1683,149,F,PhD,81,Other,87,89,Assist,0,4264.0,1
1684,149,F,PhD,81,Other,87,90,Assoc,0,4658.0,2
1685,149,F,PhD,81,Other,87,91,Assoc,0,4945.0,2
1686,149,F,PhD,81,Other,87,92,Assoc,0,5162.0,2
1687,149,F,PhD,81,Other,87,93,Assoc,0,5311.0,2
1688,149,F,PhD,81,Other,87,94,Assoc,0,5311.0,2
1689,149,F,PhD,81,Other,87,95,Assoc,0,5544.0,2
1690,150,M,PhD,81,Arts,87,87,Assoc,0,4047.0,2
1691,150,M,PhD,81,Arts,87,88,Assoc,0,4047.0,2
1692,150,M,PhD,81,Arts,87,89,Assoc,0,5682.0,2
1693,150,M,PhD,81,Arts,87,90,Full,0,5947.0,3
1694,150,M,PhD,81,Arts,87,91,Full,0,6496.0,3
1695,150,M,PhD,81,Arts,87,92,Full,0,6684.0,3
1696,150,M,PhD,81,Arts,87,93,Full,0,7078.146,3
1697,150,M,PhD,81,Arts,87,94,Full,0,7078.0,3
1698,150,M,PhD,81,Arts,87,95,Full,0,7823.0,3
1699,152,M,PhD,88,Prof,88,88,Assist,0,4538.0,1
1700,152,M,PhD,88,Prof,88,89,Assist,0,4786.0,1
1701,152,M,PhD,88,Prof,88,90,Assist,0,5381.0,1
1702,152,M,PhD,88,Prof,88,91,Assist,0,5712.0,1
1703,152,M,PhD,88,Prof,88,92,Assist,0,5962.0,1
1704,152,M,PhD,88,Prof,88,93,Assoc,0,6313.0,2
1705,152,M,PhD,88,Prof,88,94,Assoc,0,6313.0,2
1706,152,M,PhD,88,Prof,88,95,Assoc,0,8049.0,2
1707,153,F,PhD,86,Other,89,89,Assist,0,3254.0,1
1708,153,F,PhD,86,Other,89,90,Assist,0,3310.0,1
1709,153,F,PhD,86,Other,89,91,Assist,0,3463.0,1
1710,153,F,PhD,86,Other,89,92,Assist,0,3615.0,1
1711,153,F,PhD,86,Other,89,93,Assist,0,3720.0,1
1712,153,F,PhD,86,Other,89,94,Assist,0,3720.0,1
1713,153,F,PhD,86,Other,89,95,Assist,0,4053.0,1
1714,154,M,PhD,91,Other,91,91,Assist,0,3939.0,1
1715,154,M,PhD,91,Other,91,92,Assist,0,3939.0,1
1716,154,M,PhD,91,Other,91,93,Assist,0,4053.0,1
1717,154,M,PhD,91,Other,91,94,Assist,0,4053.0,1
1718,154,M,PhD,91,Other,91,95,Assist,0,4353.0,1
1719,155,M,PhD,77,Other,90,90,Assoc,0,4664.0,2
1720,155,M,PhD,77,Other,90,91,Assoc,0,4743.0,2
1721,155,M,PhD,77,Other,90,92,Assoc,0,4951.0,2
1722,155,M,PhD,77,Other,90,93,Assoc,0,5095.0,2
1723,155,M,PhD,77,Other,90,94,Assoc,0,5095.0,2
1724,155,M,PhD,77,Other,90,95,Full,0,5712.0,3
1725,156,F,PhD,74,Other,76,76,Assist,0,1598.0,1
1726,156,F,PhD,74,Other,76,77,Assist,0,1717.0,1
1727,156,F,PhD,74,Other,76,78,Assist,0,1851.0,1
1728,156,F,PhD,74,Other,76,79,Assist,0,2018.0,1
1729,156,F,PhD,74,Other,76,80,Assist,0,2138.0,1
1730,156,F,PhD,74,Other,76,82,Assist,0,2755.0,1
1731,156,F,PhD,74,Other,76,83,Assoc,0,3262.0,2
1732,156,F,PhD,74,Other,76,84,Assoc,0,3569.697,2
1733,156,F,PhD,74,Other,76,85,Assoc,0,3534.0,2
1734,156,F,PhD,74,Other,76,86,Assoc,0,4023.0,2
1735,156,F,PhD,74,Other,76,87,Assoc,0,4225.0,2
1736,156,F,PhD,74,Other,76,88,Assoc,0,4285.0,2
1737,156,F,PhD,74,Other,76,89,Assoc,0,4585.0,2
1738,156,F,PhD,74,Other,76,90,Assoc,0,4869.0,2
1739,156,F,PhD,74,Other,76,91,Full,0,5318.0,3
1740,156,F,PhD,74,Other,76,92,Full,0,5472.0,3
1741,156,F,PhD,74,Other,76,93,Full,0,5631.0,3
1742,156,F,PhD,74,Other,76,94,Full,0,5631.0,3
1743,156,F,PhD,74,Other,76,95,Full,0,5962.0,3
1744,157,M,PhD,87,Other,92,92,Assist,0,3130.0,1
1745,157,M,PhD,87,Other,92,93,Assist,0,3509.0,1
1746,157,M,PhD,87,Other,92,94,Assist,0,3509.0,1
1747,157,M,PhD,87,Other,92,95,Assist,0,3663.0,1
1748,158,M,PhD,87,Prof,89,89,Assist,0,4718.0,1
1749,158,M,PhD,87,Prof,89,90,Assist,0,4800.0,1
1750,158,M,PhD,87,Prof,89,91,Assist,0,5168.0,1
1751,158,M,PhD,87,Prof,89,92,Assist,0,5551.0,1
1752,158,M,PhD,87,Prof,89,93,Assoc,0,5962.0,2
1753,158,M,PhD,87,Prof,89,94,Assoc,0,5962.0,2
1754,158,M,PhD,87,Prof,89,95,Assoc,0,6223.0,2
1755,159,M,PhD,70,Other,67,76,Assoc,0,2303.0,2
1756,159,M,PhD,70,Other,67,77,Assoc,0,2522.0,2
1757,159,M,PhD,70,Other,67,78,Assoc,0,2694.0,2
1758,159,M,PhD,70,Other,67,79,Assoc,0,2997.0,2
1759,159,M,PhD,70,Other,67,80,Full,0,3309.0,3
1760,159,M,PhD,70,Other,67,81,Full,0,3619.0,3
1761,159,M,PhD,70,Other,67,82,Full,0,3777.0,3
1762,159,M,PhD,70,Other,67,83,Full,0,3985.0,3
1763,159,M,PhD,70,Other,67,84,Full,0,4195.0,3
1764,159,M,PhD,70,Other,67,85,Full,0,4195.0,3
1765,159,M,PhD,70,Other,67,86,Full,0,4321.0,3
1766,159,M,PhD,70,Other,67,87,Full,0,4538.0,3
1767,159,M,PhD,70,Other,67,88,Full,0,4669.0,3
1768,159,M,PhD,70,Other,67,89,Full,0,5215.0,3
1769,159,M,PhD,70,Other,67,90,Full,0,5617.0,3
1770,159,M,PhD,70,Other,67,91,Full,0,6223.0,3
1771,159,M,PhD,70,Other,67,92,Full,0,6684.0,3
1772,159,M,PhD,70,Other,67,93,Full,0,6878.0,3
1773,159,M,PhD,70,Other,67,94,Full,0,6878.0,3
1774,159,M,PhD,70,Other,67,95,Full,0,7180.0,3
1776,161,M,PhD,72,Prof,70,76,Assoc,0,1900.0,2
1777,161,M,PhD,72,Prof,70,77,Assoc,0,2136.0,2
1778,161,M,PhD,72,Prof,70,78,Assoc,0,2256.0,2
1779,161,M,PhD,72,Prof,70,79,Assoc,0,2627.0,2
1780,161,M,PhD,72,Prof,70,80,Assoc,0,2824.0,2
1781,161,M,PhD,72,Prof,70,81,Assoc,0,3275.0,2
1782,161,M,PhD,72,Prof,70,82,Assoc,0,3517.0,2
1783,161,M,PhD,72,Prof,70,83,Assoc,0,3928.0,2
1784,161,M,PhD,72,Prof,70,84,Assoc,1,4135.0,2
1785,161,M,PhD,72,Prof,70,85,Assoc,1,4135.0,2
1786,161,M,PhD,72,Prof,70,86,Assoc,1,4259.0,2
1787,161,M,PhD,72,Prof,70,87,Assoc,1,4473.0,2
1788,161,M,PhD,72,Prof,70,88,Assoc,0,4669.0,2
1789,161,M,PhD,72,Prof,70,89,Assoc,0,4925.0,2
1790,161,M,PhD,72,Prof,70,90,Assoc,0,5229.0,2
1791,161,M,PhD,72,Prof,70,91,Assoc,0,5631.0,2
1792,161,M,PhD,72,Prof,70,92,Assoc,0,5878.0,2
1793,161,M,PhD,72,Prof,70,93,Assoc,0,6048.0,2
1794,161,M,PhD,72,Prof,70,94,Assoc,0,6048.0,2
1795,161,M,PhD,72,Prof,70,95,Assoc,0,6135.0,2
1796,162,M,PhD,77,Other,81,81,Assist,0,2194.0,1
1797,162,M,PhD,77,Other,81,82,Assist,0,2290.0,1
1798,162,M,PhD,77,Other,81,83,Assist,0,2451.0,1
1799,162,M,PhD,77,Other,81,84,Assoc,0,3107.0,2
1800,162,M,PhD,77,Other,81,85,Assoc,0,3107.0,2
1801,162,M,PhD,77,Other,81,86,Assoc,0,3487.0,2
1802,162,M,PhD,77,Other,81,87,Assoc,0,3662.0,2
1803,162,M,PhD,77,Other,81,88,Full,0,4047.0,3
1804,162,M,PhD,77,Other,81,89,Full,0,4456.0,3
1805,162,M,PhD,77,Other,81,90,Full,0,4800.0,3
1806,162,M,PhD,77,Other,81,91,Full,0,5318.0,3
1807,162,M,PhD,77,Other,81,92,Full,0,5631.0,3
1808,162,M,PhD,77,Other,81,93,Full,0,5878.0,3
1809,162,M,PhD,77,Other,81,94,Full,0,5878.0,3
1810,162,M,PhD,77,Other,81,95,Full,0,6313.0,3
1811,163,M,PhD,80,Arts,83,83,Assist,0,2154.0,1
1812,163,M,PhD,80,Arts,83,84,Assist,0,2368.0,1
1813,163,M,PhD,80,Arts,83,85,Assist,0,2368.0,1
1814,163,M,PhD,80,Arts,83,86,Assist,0,2735.0,1
1815,163,M,PhD,80,Arts,83,87,Assoc,0,2955.0,2
1816,163,M,PhD,80,Arts,83,88,Assoc,0,3266.0,2
1817,163,M,PhD,80,Arts,83,89,Assoc,0,3700.0,2
1818,163,M,PhD,80,Arts,83,90,Full,0,6120.0,3
1819,163,M,PhD,80,Arts,83,91,Full,0,6223.0,3
1820,163,M,PhD,80,Arts,83,92,Full,0,6404.0,3
1821,163,M,PhD,80,Arts,83,93,Full,0,6684.0,3
1822,163,M,PhD,80,Arts,83,94,Full,0,6684.0,3
1823,163,M,PhD,80,Arts,83,95,Full,0,6977.0,3
1824,164,M,PhD,74,Arts,70,76,Assist,0,1563.0,1
1825,164,M,PhD,74,Arts,70,77,Assist,0,1717.0,1
1826,164,M,PhD,74,Arts,70,78,Assoc,0,1866.0,2
1827,164,M,PhD,74,Arts,70,79,Assoc,0,2120.0,2
1828,164,M,PhD,74,Arts,70,80,Assoc,0,2290.0,2
1829,164,M,PhD,74,Arts,70,81,Assoc,0,2567.0,2
1830,164,M,PhD,74,Arts,70,82,Assoc,0,2706.061,2
1831,164,M,PhD,74,Arts,70,83,Assoc,0,2827.0,2
1832,164,M,PhD,74,Arts,70,84,Assoc,0,3020.0,2
1833,164,M,PhD,74,Arts,70,85,Assoc,0,3020.0,2
1834,164,M,PhD,74,Arts,70,86,Assoc,0,3588.0,2
1835,164,M,PhD,74,Arts,70,87,Assoc,0,3768.0,2
1836,164,M,PhD,74,Arts,70,88,Assoc,0,3933.0,2
1837,164,M,PhD,74,Arts,70,89,Full,0,4330.0,3
1838,164,M,PhD,74,Arts,70,90,Full,0,4731.0,3
1839,164,M,PhD,74,Arts,70,91,Full,0,5168.0,3
1840,164,M,PhD,74,Arts,70,92,Full,1,5962.0,3
1841,164,M,PhD,74,Arts,70,93,Full,1,6135.0,3
1842,164,M,PhD,74,Arts,70,94,Full,1,6135.0,3
1843,164,M,PhD,74,Arts,70,95,Full,1,6590.0,3
1844,165,M,PhD,69,Other,70,76,Assoc,0,1623.0,2
1845,165,M,PhD,69,Other,70,77,Assoc,0,1791.0,2
1846,165,M,PhD,69,Other,70,78,Assoc,0,1904.0,2
1847,165,M,PhD,69,Other,70,79,Assoc,0,2120.0,2
1848,165,M,PhD,69,Other,70,80,Assoc,0,2290.667,2
1849,165,M,PhD,69,Other,70,81,Assoc,0,2605.0,2
1850,165,M,PhD,69,Other,70,82,Assoc,0,2719.0,2
1851,165,M,PhD,69,Other,70,83,Full,0,2952.0,3
1852,165,M,PhD,69,Other,70,84,Full,0,3243.0,3
1853,165,M,PhD,69,Other,70,85,Full,0,3243.0,3
1854,165,M,PhD,69,Other,70,86,Full,0,3909.0,3
1855,165,M,PhD,69,Other,70,87,Full,0,4105.0,3
1856,165,M,PhD,69,Other,70,88,Full,0,4165.0,3
1857,165,M,PhD,69,Other,70,89,Full,0,4456.0,3
1858,165,M,PhD,69,Other,70,90,Full,0,4664.0,3
1859,165,M,PhD,69,Other,70,91,Full,0,4881.0,3
1860,165,M,PhD,69,Other,70,92,Full,0,4951.0,3
1861,165,M,PhD,69,Other,70,93,Full,0,5095.0,3
1862,165,M,PhD,69,Other,70,94,Full,0,5095.0,3
1863,165,M,PhD,69,Other,70,95,Full,0,5318.0,3
1864,166,M,PhD,61,Other,61,76,Full,0,2643.0,3
1865,166,M,PhD,61,Other,61,77,Full,0,2888.0,3
1866,166,M,PhD,61,Other,61,78,Full,0,2976.0,3
1867,166,M,PhD,61,Other,61,79,Full,0,3267.0,3
1868,166,M,PhD,61,Other,61,80,Full,0,3546.0,3
1869,166,M,PhD,61,Other,61,81,Full,0,4000.0,3
1870,166,M,PhD,61,Other,61,82,Full,0,4116.0,3
1871,166,M,PhD,61,Other,61,83,Full,0,4342.0,3
1872,166,M,PhD,61,Other,61,84,Full,0,4636.0,3
1873,166,M,PhD,61,Other,61,85,Full,0,4636.0,3
1874,166,M,PhD,61,Other,61,86,Full,0,5509.0,3
1875,166,M,PhD,61,Other,61,87,Full,0,5786.0,3
1876,166,M,PhD,61,Other,61,88,Full,0,5953.0,3
1877,166,M,PhD,61,Other,61,89,Full,0,6370.0,3
1878,166,M,PhD,61,Other,61,90,Full,0,6668.0,3
1879,166,M,PhD,61,Other,61,91,Full,0,6977.0,3
1880,166,M,PhD,61,Other,61,92,Full,0,7078.0,3
1881,166,M,PhD,61,Other,61,93,Full,0,7283.0,3
1882,166,M,PhD,61,Other,61,94,Full,0,7283.0,3
1883,166,M,PhD,61,Other,61,95,Full,0,7388.0,3
1884,167,M,PhD,86,Other,84,84,Assist,0,3955.0,1
1885,167,M,PhD,86,Other,84,85,Assist,0,3955.0,1
1886,167,M,PhD,86,Other,84,86,Assist,0,4844.0,1
1887,167,M,PhD,86,Other,84,87,Assist,0,5087.0,1
1888,167,M,PhD,86,Other,84,88,Assist,0,5387.0,1
1889,167,M,PhD,86,Other,84,89,Assist,0,6016.0,1
1890,167,M,PhD,86,Other,84,90,Assist,0,6297.0,1
1891,167,M,PhD,86,Other,84,91,Assist,0,7078.0,1
1892,167,M,PhD,86,Other,84,92,Assoc,0,7602.0,2
1893,167,M,PhD,86,Other,84,93,Assoc,0,8049.0,2
1894,167,M,PhD,86,Other,84,94,Assoc,0,8049.0,2
1895,167,M,PhD,86,Other,84,95,Assoc,0,8691.0,2
1896,168,M,PhD,60,Other,60,76,Full,0,2160.0,3
1897,168,M,PhD,60,Other,60,77,Full,0,2337.0,3
1898,168,M,PhD,60,Other,60,78,Full,0,2419.0,3
1899,168,M,PhD,60,Other,60,79,Full,0,2658.209,3
1900,168,M,PhD,60,Other,60,80,Full,0,2824.0,3
1901,168,M,PhD,60,Other,60,81,Full,0,3092.0,3
1902,168,M,PhD,60,Other,60,82,Full,0,3092.0,3
1903,168,M,PhD,60,Other,60,83,Full,0,3262.0,3
1904,168,M,PhD,60,Other,60,84,Full,0,3586.0,3
1905,168,M,PhD,60,Other,60,85,Full,0,3586.0,3
1906,168,M,PhD,60,Other,60,86,Full,0,4259.0,3
1907,168,M,PhD,60,Other,60,87,Full,0,4473.0,3
1908,168,M,PhD,60,Other,60,88,Full,0,4603.0,3
1909,168,M,PhD,60,Other,60,89,Full,0,4996.0,3
1910,168,M,PhD,60,Other,60,90,Full,0,5229.0,3
1911,168,M,PhD,60,Other,60,91,Full,0,5394.0,3
1912,168,M,PhD,60,Other,60,92,Full,0,5551.0,3
1913,168,M,PhD,60,Other,60,93,Full,0,5631.0,3
1914,168,M,PhD,60,Other,60,94,Full,0,5631.0,3
1915,168,M,PhD,60,Other,60,95,Full,0,5962.0,3
1916,170,M,PhD,73,Arts,76,76,Assist,0,1472.0,1
1917,170,M,PhD,73,Arts,76,77,Assist,0,1572.0,1
1918,170,M,PhD,73,Arts,76,79,Assist,0,1881.0,1
1919,170,M,PhD,73,Arts,76,80,Assoc,0,2079.0,2
1920,170,M,PhD,73,Arts,76,81,Assoc,0,2258.0,2
1921,170,M,PhD,73,Arts,76,82,Assoc,0,2258.0,2
1922,170,M,PhD,73,Arts,76,83,Assoc,0,2523.0,2
1923,170,M,PhD,73,Arts,76,84,Assoc,0,2770.0,2
1924,170,M,PhD,73,Arts,76,85,Assoc,0,2770.0,2
1925,170,M,PhD,73,Arts,76,86,Assoc,0,3066.0,2
1926,170,M,PhD,73,Arts,76,87,Assoc,0,3220.0,2
1927,170,M,PhD,73,Arts,76,88,Assoc,0,3266.0,2
1928,170,M,PhD,73,Arts,76,89,Assoc,0,3577.612,2
1929,170,M,PhD,73,Arts,76,90,Assoc,0,3658.0,2
1930,170,M,PhD,73,Arts,76,91,Assoc,0,3828.0,2
1931,170,M,PhD,73,Arts,76,92,Assoc,0,3996.0,2
1932,170,M,PhD,73,Arts,76,93,Assoc,0,4053.0,2
1933,170,M,PhD,73,Arts,76,94,Assoc,0,4053.0,2
1934,170,M,PhD,73,Arts,76,95,Assoc,0,4292.0,2
1935,171,M,PhD,81,Other,92,92,Assoc,0,5016.0,2
1936,171,M,PhD,81,Other,92,93,Assoc,0,5016.0,2
1937,171,M,PhD,81,Other,92,94,Assoc,0,5016.0,2
1938,171,M,PhD,81,Other,92,95,Assoc,0,5162.0,2
1939,172,M,PhD,73,Other,74,76,Assoc,0,1743.0,2
1940,172,M,PhD,73,Other,74,77,Assoc,0,1942.0,2
1941,172,M,PhD,73,Other,74,78,Assoc,0,2097.0,2
1942,172,M,PhD,73,Other,74,79,Assoc,0,2411.0,2
1943,172,M,PhD,73,Other,74,80,Full,0,2824.0,3
1944,172,M,PhD,73,Other,74,81,Full,0,2788.0,3
1945,172,M,PhD,73,Other,74,82,Full,0,3228.0,3
1946,172,M,PhD,73,Other,74,83,Full,0,3505.0,3
1947,172,M,PhD,73,Other,74,84,Full,0,3851.0,3
1948,172,M,PhD,73,Other,74,85,Full,0,3851.0,3
1949,172,M,PhD,73,Other,74,86,Full,0,4199.0,3
1950,172,M,PhD,73,Other,74,87,Full,0,4410.0,3
1951,172,M,PhD,73,Other,74,88,Full,0,4538.0,3
1952,172,M,PhD,73,Other,74,89,Full,0,5188.06,3
1953,172,M,PhD,73,Other,74,90,Full,0,5305.0,3
1954,172,M,PhD,73,Other,74,91,Full,0,5472.0,3
1955,172,M,PhD,73,Other,74,92,Full,0,5962.0,3
1956,172,M,PhD,73,Other,74,93,Full,0,6135.0,3
1957,172,M,PhD,73,Other,74,94,Full,0,6135.0,3
1958,172,M,PhD,73,Other,74,95,Full,0,6496.0,3
1959,173,F,PhD,82,Arts,82,82,Assist,0,2189.0,1
1960,173,F,PhD,82,Arts,82,83,Assist,0,2416.0,1
1961,173,F,PhD,82,Arts,82,84,Assist,0,2544.0,1
1962,173,F,PhD,82,Arts,82,85,Assist,0,2544.0,1
1963,173,F,PhD,82,Arts,82,86,Assist,0,2620.0,1
1964,173,F,PhD,82,Arts,82,87,Assist,0,2751.0,1
1965,173,F,PhD,82,Arts,82,88,Assoc,0,3266.0,2
1966,173,F,PhD,82,Arts,82,89,Assoc,0,3700.0,2
1967,173,F,PhD,82,Arts,82,90,Assoc,0,3929.0,2
1968,173,F,PhD,82,Arts,82,91,Assoc,0,4171.0,2
1969,173,F,PhD,82,Arts,82,92,Assoc,0,4292.0,2
1970,173,F,PhD,82,Arts,82,93,Assoc,0,4480.0,2
1971,173,F,PhD,82,Arts,82,94,Assoc,0,4480.0,2
1972,173,F,PhD,82,Arts,82,95,Full,0,4812.0,3
1973,174,M,PhD,73,Other,67,76,Full,1,3354.0,3
1974,174,M,PhD,73,Other,67,77,Full,0,3624.0,3
1975,174,M,PhD,73,Other,67,78,Full,0,3769.333,3
1976,174,M,PhD,73,Other,67,79,Full,0,4164.0,3
1977,174,M,PhD,73,Other,67,80,Full,0,4495.0,3
1978,174,M,PhD,73,Other,67,81,Full,0,5028.0,3
1979,174,M,PhD,73,Other,67,82,Full,0,5174.0,3
1980,174,M,PhD,73,Other,67,83,Full,0,5459.0,3
1981,174,M,PhD,73,Other,67,84,Full,0,5746.0,3
1982,174,M,PhD,73,Other,67,85,Full,0,5746.0,3
1983,174,M,PhD,73,Other,67,86,Full,0,6265.0,3
1984,174,M,PhD,73,Other,67,87,Full,0,6580.0,3
1985,174,M,PhD,73,Other,67,88,Full,0,6675.0,3
1986,174,M,PhD,73,Other,67,89,Full,0,7005.97,3
1987,174,M,PhD,73,Other,67,90,Full,0,7265.0,3
1988,174,M,PhD,73,Other,67,91,Full,0,7494.0,3
1989,174,M,PhD,73,Other,67,92,Full,0,7712.0,3
1990,174,M,PhD,73,Other,67,93,Full,0,7823.0,3
1991,174,M,PhD,73,Other,67,94,Full,0,7823.0,3
1992,174,M,PhD,73,Other,67,95,Full,0,7935.0,3
1993,177,M,PhD,82,Other,87,87,Assist,0,3409.0,1
1994,177,M,PhD,82,Other,87,88,Assist,0,3409.0,1
1995,177,M,PhD,82,Other,87,89,Assist,0,3648.0,1
1996,177,M,PhD,82,Other,87,90,Assist,0,3818.0,1
1997,177,M,PhD,82,Other,87,91,Assist,0,4053.0,1
1998,177,M,PhD,82,Other,87,92,Assoc,0,4480.0,2
1999,177,M,PhD,82,Other,87,93,Assoc,0,5242.0,2
2000,177,M,PhD,82,Other,87,94,Assoc,0,5242.0,2
2001,177,M,PhD,82,Other,87,95,Assoc,0,5712.0,2
2002,179,M,PhD,85,Prof,85,85,Assist,0,3962.0,1
2003,179,M,PhD,85,Prof,85,86,Assist,0,4081.0,1
2004,179,M,PhD,85,Prof,85,87,Assist,0,4285.0,1
2005,179,M,PhD,85,Prof,85,88,Assist,0,4347.0,1
2006,179,M,PhD,85,Prof,85,89,Assist,0,4651.0,1
2007,179,M,PhD,85,Prof,85,90,Assoc,0,5458.0,2
2008,179,M,PhD,85,Prof,85,91,Assoc,0,5794.0,2
2009,179,M,PhD,85,Prof,85,92,Assoc,0,5962.0,2
2010,179,M,PhD,85,Prof,85,93,Assoc,0,6223.0,2
2011,179,M,PhD,85,Prof,85,94,Assoc,0,6223.0,2
2012,179,M,PhD,85,Prof,85,95,Full,0,6781.0,3
2013,180,M,PhD,67,Other,67,76,Assoc,0,1839.0,2
2014,180,M,PhD,67,Other,67,77,Assoc,0,2097.0,2
2015,180,M,PhD,67,Other,67,78,Assoc,0,2216.0,2
2016,180,M,PhD,67,Other,67,79,Assoc,0,2454.0,2
2017,180,M,PhD,67,Other,67,80,Assoc,0,2597.0,2
2018,180,M,PhD,67,Other,67,81,Assoc,0,2879.0,2
2019,180,M,PhD,67,Other,67,82,Full,0,3005.0,3
2020,180,M,PhD,67,Other,67,83,Full,0,3216.0,3
2021,180,M,PhD,67,Other,67,84,Full,0,3386.0,3
2022,180,M,PhD,67,Other,67,85,Full,0,3386.0,3
2023,180,M,PhD,67,Other,67,86,Full,0,4199.0,3
2024,180,M,PhD,67,Other,67,87,Full,1,4736.0,3
2025,180,M,PhD,67,Other,67,88,Full,1,4874.0,3
2026,180,M,PhD,67,Other,67,89,Full,1,5522.0,3
2027,180,M,PhD,67,Other,67,90,Full,1,5947.0,3
2028,180,M,PhD,67,Other,67,91,Full,1,6404.0,3
2029,180,M,PhD,67,Other,67,92,Full,0,6590.0,3
2030,180,M,PhD,67,Other,67,93,Full,0,6781.0,3
2031,180,M,PhD,67,Other,67,94,Full,0,6781.0,3
2032,180,M,PhD,67,Other,67,95,Full,1,7712.0,3
2033,181,M,PhD,70,Prof,73,76,Assist,0,1366.0,1
2034,181,M,PhD,70,Prof,73,77,Assist,0,1640.0,1
2035,181,M,PhD,70,Prof,73,78,Assist,0,1780.0,1
2036,181,M,PhD,70,Prof,73,79,Assoc,0,2210.0,2
2037,181,M,PhD,70,Prof,73,80,Assoc,0,2381.0,2
2038,181,M,PhD,70,Prof,73,81,Assoc,0,2714.0,2
2039,181,M,PhD,70,Prof,73,82,Assoc,0,2834.0,2
2040,181,M,PhD,70,Prof,73,83,Assoc,0,3401.0,2
2041,181,M,PhD,70,Prof,73,84,Assoc,0,3737.0,2
2042,181,M,PhD,70,Prof,73,85,Full,0,3845.0,3
2043,181,M,PhD,70,Prof,73,86,Full,0,4440.0,3
2044,181,M,PhD,70,Prof,73,87,Full,0,4664.0,3
2045,181,M,PhD,70,Prof,73,88,Full,0,5225.0,3
2046,181,M,PhD,70,Prof,73,89,Full,0,5601.0,3
2047,181,M,PhD,70,Prof,73,90,Full,0,6388.0,3
2048,181,M,PhD,70,Prof,73,91,Full,0,6878.0,3
2049,181,M,PhD,70,Prof,73,92,Full,0,7078.0,3
2050,181,M,PhD,70,Prof,73,93,Full,0,7283.0,3
2051,181,M,PhD,70,Prof,73,94,Full,0,7283.0,3
2052,181,M,PhD,70,Prof,73,95,Full,0,7602.0,3
2053,183,M,PhD,78,Prof,78,78,Assist,0,1866.0,1
2054,183,M,PhD,78,Prof,78,79,Assist,0,2068.0,1
2055,183,M,PhD,78,Prof,78,80,Assist,0,2258.0,1
2056,183,M,PhD,78,Prof,78,81,Assist,0,2528.0,1
2057,183,M,PhD,78,Prof,78,82,Assist,0,2639.0,1
2058,183,M,PhD,78,Prof,78,83,Assist,0,3605.0,1
2059,183,M,PhD,78,Prof,78,84,Assist,0,4018.0,1
2060,183,M,PhD,78,Prof,78,85,Assoc,0,4195.0,2
2061,183,M,PhD,78,Prof,78,86,Assoc,0,4641.0,2
2062,183,M,PhD,78,Prof,78,87,Assoc,0,4874.0,2
2063,183,M,PhD,78,Prof,78,88,Assoc,0,5087.0,2
2064,183,M,PhD,78,Prof,78,89,Assoc,0,5522.0,2
2065,183,M,PhD,78,Prof,78,90,Assoc,0,6297.0,2
2066,183,M,PhD,78,Prof,78,91,Assoc,0,6590.0,2
2067,183,M,PhD,78,Prof,78,92,Assoc,0,6977.0,2
2068,183,M,PhD,78,Prof,78,93,Assoc,0,7180.0,2
2069,183,M,PhD,78,Prof,78,94,Assoc,0,7180.0,2
2070,183,M,PhD,78,Prof,78,95,Assoc,0,7388.0,2
2071,184,M,PhD,90,Prof,93,93,Assist,0,5794.0,1
2072,184,M,PhD,90,Prof,93,94,Assist,0,5794.0,1
2073,184,M,PhD,90,Prof,93,95,Assist,0,6048.0,1
2074,185,M,PhD,72,Prof,81,81,Assist,0,2129.0,1
2075,185,M,PhD,72,Prof,81,82,Assist,0,2255.0,1
2076,185,M,PhD,72,Prof,81,83,Assist,0,2414.0,1
2077,185,M,PhD,72,Prof,81,86,Assoc,0,3482.0,2
2078,185,M,PhD,72,Prof,81,87,Assoc,0,3658.0,2
2079,185,M,PhD,72,Prof,81,88,Assoc,0,3929.0,2
2080,185,M,PhD,72,Prof,81,89,Assoc,0,4264.0,2
2081,185,M,PhD,72,Prof,81,90,Assoc,0,4592.0,2
2082,185,M,PhD,72,Prof,81,91,Assoc,0,6040.0,2
2083,185,M,PhD,72,Prof,81,92,Assoc,0,6581.0,2
2084,185,M,PhD,72,Prof,81,93,Assoc,0,6590.0,2
2085,185,M,PhD,72,Prof,81,94,Assoc,0,6590.0,2
2086,185,M,PhD,72,Prof,81,95,Full,0,7078.0,3
2087,186,M,PhD,57,Arts,62,76,Full,0,2837.313,3
2088,186,M,PhD,57,Arts,62,77,Full,0,3111.0,3
2089,186,M,PhD,57,Arts,62,79,Full,0,3655.0,3
2090,186,M,PhD,57,Arts,62,80,Full,0,3957.0,3
2091,186,M,PhD,57,Arts,62,81,Full,0,4296.0,3
2092,186,M,PhD,57,Arts,62,82,Full,0,4485.0,3
2093,186,M,PhD,57,Arts,62,83,Full,0,4778.788,3
2094,186,M,PhD,57,Arts,62,84,Full,0,4981.0,3
2095,186,M,PhD,57,Arts,62,85,Full,0,4981.0,3
2096,186,M,PhD,57,Arts,62,86,Full,0,5509.0,3
2097,186,M,PhD,57,Arts,62,87,Full,0,5786.0,3
2098,186,M,PhD,57,Arts,62,88,Full,0,6039.0,3
2099,186,M,PhD,57,Arts,62,89,Full,0,6370.0,3
2100,186,M,PhD,57,Arts,62,90,Full,0,6635.821,3
2101,186,M,PhD,57,Arts,62,91,Full,0,6878.0,3
2102,186,M,PhD,57,Arts,62,92,Full,0,7078.0,3
2103,186,M,PhD,57,Arts,62,93,Full,0,7180.0,3
2104,186,M,PhD,57,Arts,62,94,Full,0,7180.0,3
2105,186,M,PhD,57,Arts,62,95,Full,0,7494.0,3
2106,187,M,PhD,85,Other,88,88,Full,0,5010.0,3
2107,187,M,PhD,85,Other,88,89,Full,0,5359.0,3
2108,187,M,PhD,85,Other,88,90,Full,0,5610.0,3
2109,187,M,PhD,85,Other,88,91,Full,0,6040.0,3
2110,187,M,PhD,85,Other,88,92,Full,0,6396.0,3
2111,187,M,PhD,85,Other,88,93,Full,0,6581.0,3
2112,187,M,PhD,85,Other,88,94,Full,0,6581.0,3
2113,187,M,PhD,85,Other,88,95,Full,0,6772.0,3
2114,188,F,PhD,73,Other,83,83,Assist,0,2869.0,1
2115,188,F,PhD,73,Other,83,84,Assist,0,2935.0,1
2116,188,F,PhD,73,Other,83,85,Assist,0,2935.0,1
2117,188,F,PhD,73,Other,83,86,Assist,0,3022.0,1
2118,188,F,PhD,73,Other,83,87,Assist,0,3174.0,1
2119,188,F,PhD,73,Other,83,88,Assist,0,3313.0,1
2120,188,F,PhD,73,Other,83,89,Assist,0,3975.0,1
2121,188,F,PhD,73,Other,83,90,Assoc,0,4281.0,2
2122,188,F,PhD,73,Other,83,91,Assoc,0,4480.0,2
2123,188,F,PhD,73,Other,83,92,Assoc,0,4544.0,2
2124,188,F,PhD,73,Other,83,93,Assoc,0,4610.0,2
2125,188,F,PhD,73,Other,83,94,Assoc,0,4610.0,2
2126,188,F,PhD,73,Other,83,95,Assoc,0,4743.0,2
2127,189,M,PhD,72,Other,75,76,Assoc,0,1743.0,2
2128,189,M,PhD,72,Other,75,77,Assoc,0,2019.0,2
2129,189,M,PhD,72,Other,75,78,Assoc,1,2419.0,2
2130,189,M,PhD,72,Other,75,79,Assoc,1,2986.0,2
2131,189,M,PhD,72,Other,75,80,Full,1,3250.0,3
2132,189,M,PhD,72,Other,75,81,Full,0,3550.746,3
2133,189,M,PhD,72,Other,75,82,Full,0,3831.0,3
2134,189,M,PhD,72,Other,75,83,Full,0,4160.0,3
2135,189,M,PhD,72,Other,75,84,Full,0,4442.0,3
2136,189,M,PhD,72,Other,75,85,Full,0,4442.0,3
2137,189,M,PhD,72,Other,75,86,Full,0,4844.0,3
2138,189,M,PhD,72,Other,75,87,Full,0,5087.0,3
2139,189,M,PhD,72,Other,75,88,Full,0,5235.0,3
2140,189,M,PhD,72,Other,75,89,Full,0,5522.0,3
2141,189,M,PhD,72,Other,75,90,Full,0,5938.806,3
2142,189,M,PhD,72,Other,75,91,Full,0,5878.0,3
2143,189,M,PhD,72,Other,75,92,Full,0,6048.0,3
2144,189,M,PhD,72,Other,75,93,Full,0,6135.0,3
2145,189,M,PhD,72,Other,75,94,Full,0,6135.0,3
2146,189,M,PhD,72,Other,75,95,Full,0,6313.0,3
2147,190,M,PhD,86,Other,92,92,Assist,0,4416.0,1
2148,190,M,PhD,86,Other,92,93,Assist,0,4416.0,1
2149,190,M,PhD,86,Other,92,94,Assist,0,4416.0,1
2150,190,M,PhD,86,Other,92,95,Assist,0,4676.0,1
2151,191,M,PhD,71,Other,72,76,Assist,0,1830.0,1
2152,191,M,PhD,71,Other,72,77,Assist,0,2050.0,1
2153,191,M,PhD,71,Other,72,78,Assist,0,2214.0,1
2154,191,M,PhD,71,Other,72,79,Assist,0,2500.0,1
2155,191,M,PhD,71,Other,72,80,Assoc,0,2793.0,2
2156,191,M,PhD,71,Other,72,81,Assoc,0,3132.0,2
2157,191,M,PhD,71,Other,72,82,Assoc,0,3317.0,2
2158,191,M,PhD,71,Other,72,83,Assoc,0,3500.0,2
2159,191,M,PhD,71,Other,72,84,Assoc,0,3837.0,2
2160,191,M,PhD,71,Other,72,85,Assoc,1,3837.0,2
2161,191,M,PhD,71,Other,72,86,Assoc,1,3949.0,2
2162,191,M,PhD,71,Other,72,87,Full,0,4281.0,3
2163,191,M,PhD,71,Other,72,88,Full,0,4405.0,3
2164,191,M,PhD,71,Other,72,89,Full,0,4645.0,3
2165,191,M,PhD,71,Other,72,90,Full,0,4725.0,3
2166,191,M,PhD,71,Other,72,91,Full,0,5088.0,3
2167,191,M,PhD,71,Other,72,92,Full,0,5311.0,3
2168,191,M,PhD,71,Other,72,93,Full,0,5465.0,3
2169,191,M,PhD,71,Other,72,94,Full,0,5465.0,3
2170,191,M,PhD,71,Other,72,95,Full,0,5705.0,3
2171,192,M,PhD,89,Other,93,93,Assist,0,3559.0,1
2172,192,M,PhD,89,Other,93,94,Assist,0,3559.0,1
2173,192,M,PhD,89,Other,93,95,Assist,0,3715.0,1
2174,194,M,PhD,72,Arts,76,76,Assist,0,1472.0,1
2175,194,M,PhD,72,Arts,76,77,Assist,0,1608.0,1
2176,194,M,PhD,72,Arts,76,78,Assist,0,1717.0,1
2177,194,M,PhD,72,Arts,76,79,Assoc,0,2028.358,2
2178,194,M,PhD,72,Arts,76,80,Assoc,1,2247.0,2
2179,194,M,PhD,72,Arts,76,81,Assoc,1,2532.0,2
2180,194,M,PhD,72,Arts,76,83,Assoc,0,2787.0,2
2181,194,M,PhD,72,Arts,76,84,Assoc,0,3063.0,2
2182,194,M,PhD,72,Arts,76,85,Assoc,0,3063.0,2
2183,194,M,PhD,72,Arts,76,86,Assoc,0,3437.0,2
2184,194,M,PhD,72,Arts,76,87,Assoc,0,3610.0,2
2185,194,M,PhD,72,Arts,76,88,Full,0,3877.0,3
2186,194,M,PhD,72,Arts,76,89,Full,0,4456.0,3
2187,194,M,PhD,72,Arts,76,90,Full,0,4731.0,3
2188,194,M,PhD,72,Arts,76,91,Full,0,5095.0,3
2189,194,M,PhD,72,Arts,76,92,Full,0,5551.0,3
2190,194,M,PhD,72,Arts,76,93,Full,0,5962.0,3
2191,194,M,PhD,72,Arts,76,94,Full,0,5962.0,3
2192,194,M,PhD,72,Arts,76,95,Full,0,6223.0,3
2193,195,M,PhD,91,Other,94,94,Assist,0,4053.0,1
2194,195,M,PhD,91,Other,94,95,Assist,0,4171.0,1
2195,196,F,PhD,89,Other,91,91,Assist,0,3883.0,1
2196,196,F,PhD,89,Other,91,92,Assist,0,3883.0,1
2197,196,F,PhD,89,Other,91,93,Assist,0,3996.0,1
2198,196,F,PhD,89,Other,91,94,Assist,0,3996.0,1
2199,196,F,PhD,89,Other,91,95,Assist,0,4231.0,1
2200,197,M,PhD,86,Prof,87,87,Assist,0,4603.0,1
2201,197,M,PhD,86,Prof,87,88,Assist,0,4603.0,1
2202,197,M,PhD,86,Prof,87,89,Assist,0,4925.0,1
2203,197,M,PhD,86,Prof,87,90,Assist,0,5537.0,1
2204,197,M,PhD,86,Prof,87,91,Assist,0,5794.0,1
2205,197,M,PhD,86,Prof,87,92,Assist,0,6048.0,1
2206,197,M,PhD,86,Prof,87,93,Assoc,0,6404.0,2
2207,197,M,PhD,86,Prof,87,94,Assoc,0,6404.0,2
2208,197,M,PhD,86,Prof,87,95,Assoc,0,6590.0,2
2209,198,M,PhD,83,Prof,83,83,Assist,0,3406.0,1
2210,198,M,PhD,83,Prof,83,84,Assist,0,3636.0,1
2211,198,M,PhD,83,Prof,83,85,Assist,0,3636.0,1
2212,198,M,PhD,83,Prof,83,86,Assist,0,4139.0,1
2213,198,M,PhD,83,Prof,83,87,Assist,0,4347.0,1
2214,198,M,PhD,83,Prof,83,88,Assist,0,4347.0,1
2215,198,M,PhD,83,Prof,83,89,Assoc,0,4786.0,2
2216,198,M,PhD,83,Prof,83,90,Assoc,0,5082.0,2
2217,198,M,PhD,83,Prof,83,91,Assoc,0,5394.0,2
2218,198,M,PhD,83,Prof,83,92,Assoc,0,5631.0,2
2219,198,M,PhD,83,Prof,83,93,Assoc,0,5712.0,2
2220,198,M,PhD,83,Prof,83,94,Assoc,0,5712.0,2
2221,198,M,PhD,83,Prof,83,95,Assoc,0,5878.0,2
2223,200,M,PhD,67,Other,86,86,Full,1,6721.0,3
2224,200,M,PhD,67,Other,86,87,Full,1,7060.0,3
2225,200,M,PhD,67,Other,86,88,Full,1,7369.0,3
2226,200,M,PhD,67,Other,86,89,Full,1,7883.0,3
2227,200,M,PhD,67,Other,86,90,Full,1,8252.0,3
2228,200,M,PhD,67,Other,86,91,Full,1,8635.0,3
2229,200,M,PhD,67,Other,86,92,Full,1,8907.0,3
2230,200,M,PhD,67,Other,86,93,Full,1,9143.0,3
2231,200,M,PhD,67,Other,86,94,Full,1,9143.0,3
2232,200,M,PhD,67,Other,86,95,Full,1,10342.0,3
2233,201,M,PhD,69,Arts,69,76,Assoc,0,1803.0,2
2234,201,M,PhD,69,Arts,69,77,Assoc,0,2058.0,2
2235,201,M,PhD,69,Arts,69,78,Assoc,0,2176.0,2
2236,201,M,PhD,69,Arts,69,79,Assoc,0,2411.0,2
2237,201,M,PhD,69,Arts,69,80,Assoc,0,2597.0,2
2238,201,M,PhD,69,Arts,69,81,Full,0,2920.0,3
2239,201,M,PhD,69,Arts,69,83,Full,0,3310.0,3
2240,201,M,PhD,69,Arts,69,84,Full,0,3586.0,3
2241,201,M,PhD,69,Arts,69,85,Full,0,3586.0,3
2242,201,M,PhD,69,Arts,69,86,Full,0,4383.0,3
2243,201,M,PhD,69,Arts,69,87,Full,0,4603.0,3
2244,201,M,PhD,69,Arts,69,88,Full,0,4736.0,3
2245,201,M,PhD,69,Arts,69,89,Full,0,5068.0,3
2246,201,M,PhD,69,Arts,69,90,Full,1,5780.0,3
2247,201,M,PhD,69,Arts,69,91,Full,1,6048.0,3
2248,201,M,PhD,69,Arts,69,92,Full,1,6223.0,3
2249,201,M,PhD,69,Arts,69,93,Full,1,6404.0,3
2250,201,M,PhD,69,Arts,69,94,Full,1,6404.0,3
2251,201,M,PhD,69,Arts,69,95,Full,1,6781.0,3
2252,202,M,PhD,75,Prof,91,91,Assoc,0,7274.0,2
2253,202,M,PhD,75,Prof,91,92,Assoc,0,7588.0,2
2254,202,M,PhD,75,Prof,91,93,Assoc,0,7868.0,2
2255,202,M,PhD,75,Prof,91,94,Assoc,0,7868.0,2
2256,202,M,PhD,75,Prof,91,95,Assoc,0,8230.0,2
2257,203,M,PhD,75,Other,84,84,Assoc,0,4468.0,2
2258,203,M,PhD,75,Other,84,85,Assoc,0,4468.0,2
2259,203,M,PhD,75,Other,84,86,Full,0,6488.0,3
2260,203,M,PhD,75,Other,84,87,Full,0,6781.0,3
2261,203,M,PhD,75,Other,84,88,Full,0,7235.0,3
2262,203,M,PhD,75,Other,84,89,Full,0,7142.0,3
2263,203,M,PhD,75,Other,84,90,Full,0,8281.0,3
2264,203,M,PhD,75,Other,84,91,Full,0,9089.0,3
2265,203,M,PhD,75,Other,84,92,Full,0,9576.0,3
2266,203,M,PhD,75,Other,84,93,Full,0,9286.0,3
2267,203,M,PhD,75,Other,84,94,Full,0,9286.0,3
2268,203,M,PhD,75,Other,84,95,Full,0,9687.0,3
2269,205,M,PhD,92,Other,92,92,Assist,0,7778.0,1
2270,205,M,PhD,92,Other,92,93,Assist,0,7778.0,1
2271,205,M,PhD,92,Other,92,94,Assist,0,7778.0,1
2272,205,M,PhD,92,Other,92,95,Assist,0,8392.0,1
2273,206,M,PhD,78,Other,81,81,Assist,0,2420.0,1
2274,206,M,PhD,78,Other,81,82,Assist,0,2567.0,1
2275,206,M,PhD,78,Other,81,83,Assist,0,2708.0,1
2276,206,M,PhD,78,Other,81,84,Assist,0,3020.0,1
2277,206,M,PhD,78,Other,81,85,Assist,0,3020.0,1
2278,206,M,PhD,78,Other,81,86,Assoc,0,3537.0,2
2279,206,M,PhD,78,Other,81,87,Assoc,0,3715.0,2
2280,206,M,PhD,78,Other,81,88,Assoc,0,3822.0,2
2281,206,M,PhD,78,Other,81,89,Assoc,0,4208.0,2
2282,206,M,PhD,78,Other,81,90,Assoc,0,4405.0,2
2283,206,M,PhD,78,Other,81,91,Assoc,0,4676.0,2
2284,206,M,PhD,78,Other,81,92,Assoc,0,4812.0,2
2285,206,M,PhD,78,Other,81,93,Assoc,0,4951.0,2
2286,206,M,PhD,78,Other,81,94,Assoc,0,4951.0,2
2287,206,M,PhD,78,Other,81,95,Full,0,5472.0,3
2288,207,M,PhD,71,Prof,84,84,Assoc,0,4571.0,2
2289,207,M,PhD,71,Prof,84,85,Assoc,0,4636.0,2
2290,207,M,PhD,71,Prof,84,86,Assoc,0,5056.0,2
2291,207,M,PhD,71,Prof,84,87,Full,0,5464.0,3
2292,207,M,PhD,71,Prof,84,88,Full,0,5703.0,3
2293,207,M,PhD,71,Prof,84,89,Full,0,6280.0,3
2294,207,M,PhD,71,Prof,84,90,Full,0,7162.0,3
2295,207,M,PhD,71,Prof,84,91,Full,0,7602.0,3
2296,207,M,PhD,71,Prof,84,92,Full,0,7935.0,3
2297,207,M,PhD,71,Prof,84,93,Full,0,8283.0,3
2298,207,M,PhD,71,Prof,84,94,Full,0,8283.0,3
2299,207,M,PhD,71,Prof,84,95,Full,0,8646.0,3
2300,208,M,PhD,63,Other,78,78,Full,1,4000.0,3
2301,208,M,PhD,63,Other,78,79,Full,1,4435.0,3
2302,208,M,PhD,63,Other,78,80,Full,1,4772.0,3
2303,208,M,PhD,63,Other,78,81,Full,1,5241.0,3
2304,208,M,PhD,63,Other,78,82,Full,1,5341.0,3
2305,208,M,PhD,63,Other,78,83,Full,1,5954.0,3
2306,208,M,PhD,63,Other,78,84,Full,1,6553.0,3
2307,208,M,PhD,63,Other,78,85,Full,1,6553.0,3
2308,208,M,PhD,63,Other,78,86,Full,1,7126.0,3
2309,208,M,PhD,63,Other,78,87,Full,1,7126.0,3
2310,208,M,PhD,63,Other,78,88,Full,1,7701.0,3
2311,208,M,PhD,63,Other,78,89,Full,1,8271.0,3
2312,208,M,PhD,63,Other,78,90,Full,1,9067.0,3
2313,208,M,PhD,63,Other,78,91,Full,1,9611.0,3
2314,208,M,PhD,63,Other,78,92,Full,1,10326.0,3
2315,208,M,PhD,63,Other,78,93,Full,1,10668.0,3
2316,208,M,PhD,63,Other,78,94,Full,1,10668.0,3
2317,208,M,PhD,63,Other,78,95,Full,0,10668.0,3
2318,209,M,PhD,57,Other,61,76,Full,0,2267.0,3
2319,209,M,PhD,57,Other,61,77,Full,0,2419.0,3
2320,209,M,PhD,57,Other,61,78,Full,0,2502.0,3
2321,209,M,PhD,57,Other,61,79,Full,0,2715.0,3
2322,209,M,PhD,57,Other,61,80,Full,0,2869.0,3
2323,209,M,PhD,57,Other,61,81,Full,0,3048.0,3
2324,209,M,PhD,57,Other,61,82,Full,0,3048.0,3
2325,209,M,PhD,57,Other,61,83,Full,0,3216.0,3
2326,209,M,PhD,57,Other,61,84,Full,0,3386.0,3
2327,209,M,PhD,57,Other,61,85,Full,0,3386.0,3
2328,209,M,PhD,57,Other,61,86,Full,0,3487.0,3
2329,209,M,PhD,57,Other,61,87,Full,0,3662.0,3
2330,209,M,PhD,57,Other,61,88,Full,0,3877.0,3
2331,209,M,PhD,57,Other,61,89,Full,0,4456.0,3
2332,209,M,PhD,57,Other,61,90,Full,0,4598.0,3
2333,209,M,PhD,57,Other,61,91,Full,0,5095.0,3
2334,209,M,PhD,57,Other,61,92,Full,0,5472.0,3
2335,209,M,PhD,57,Other,61,93,Full,0,5631.0,3
2336,209,M,PhD,57,Other,61,94,Full,0,5631.0,3
2337,209,M,PhD,57,Other,61,95,Full,0,6135.0,3
2338,210,M,PhD,62,Other,63,76,Full,0,2196.0,3
2339,210,M,PhD,62,Other,63,77,Full,0,2378.0,3
2340,210,M,PhD,62,Other,63,78,Full,0,2502.0,3
2341,210,M,PhD,62,Other,63,79,Full,0,2759.0,3
2342,210,M,PhD,62,Other,63,80,Full,0,2917.0,3
2343,210,M,PhD,62,Other,63,81,Full,0,3228.0,3
2344,210,M,PhD,62,Other,63,82,Full,0,3228.0,3
2345,210,M,PhD,62,Other,63,84,Full,0,3795.0,3
2346,210,M,PhD,62,Other,63,85,Full,0,3795.0,3
2347,210,M,PhD,62,Other,63,86,Full,0,3909.0,3
2348,210,M,PhD,62,Other,63,87,Full,0,4105.0,3
2349,210,M,PhD,62,Other,63,88,Full,1,4225.0,3
2350,210,M,PhD,62,Other,63,89,Full,1,4651.0,3
2351,210,M,PhD,62,Other,63,90,Full,1,4869.0,3
2352,210,M,PhD,62,Other,63,91,Full,1,5318.0,3
2353,210,M,PhD,62,Other,63,92,Full,1,5472.0,3
2354,210,M,PhD,62,Other,63,93,Full,1,5631.0,3
2355,210,M,PhD,62,Other,63,94,Full,1,5631.0,3
2356,210,M,PhD,62,Other,63,95,Full,0,6048.0,3
2357,211,M,PhD,65,Prof,75,76,Assoc,0,2160.0,2
2358,211,M,PhD,65,Prof,75,77,Assoc,0,2337.0,2
2359,211,M,PhD,65,Prof,75,78,Assoc,0,2460.0,2
2360,211,M,PhD,65,Prof,75,79,Assoc,1,2805.0,2
2361,211,M,PhD,65,Prof,75,80,Assoc,1,3058.0,2
2362,211,M,PhD,65,Prof,75,81,Assoc,1,3568.0,2
2363,211,M,PhD,65,Prof,75,82,Assoc,0,3568.0,2
2364,211,M,PhD,65,Prof,75,83,Assoc,0,3873.0,2
2365,211,M,PhD,65,Prof,75,84,Assoc,0,4135.0,2
2366,211,M,PhD,65,Prof,75,85,Assoc,0,4135.0,2
2367,211,M,PhD,65,Prof,75,86,Assoc,0,4259.0,2
2368,211,M,PhD,65,Prof,75,87,Assoc,0,4473.0,2
2369,211,M,PhD,65,Prof,75,88,Assoc,0,4669.0,2
2370,211,M,PhD,65,Prof,75,89,Assoc,0,4996.0,2
2371,211,M,PhD,65,Prof,75,90,Full,0,5305.0,3
2372,211,M,PhD,65,Prof,75,91,Full,0,5794.0,3
2373,211,M,PhD,65,Prof,75,92,Full,0,5962.0,3
2374,211,M,PhD,65,Prof,75,93,Full,0,6135.0,3
2375,211,M,PhD,65,Prof,75,94,Full,0,6134.693,3
2376,211,M,PhD,65,Prof,75,95,Full,0,6223.0,3
2377,212,F,PhD,92,Other,92,92,Assist,0,3939.0,1
2378,212,F,PhD,92,Other,92,93,Assist,0,3939.0,1
2379,212,F,PhD,92,Other,92,94,Assist,0,3939.0,1
2380,212,F,PhD,92,Other,92,95,Assist,0,4171.0,1
2381,213,F,PhD,73,Other,91,91,Assoc,0,3878.0,2
2382,213,F,PhD,73,Other,91,92,Assoc,0,3991.0,2
2383,213,F,PhD,73,Other,91,93,Assoc,0,4106.0,2
2384,213,F,PhD,73,Other,91,94,Assoc,0,4106.0,2
2385,213,F,PhD,73,Other,91,95,Assoc,0,4225.0,2
2386,214,M,PhD,71,Arts,71,76,Assoc,0,1803.0,2
2387,214,M,PhD,71,Arts,71,77,Assoc,0,1942.0,2
2388,214,M,PhD,71,Arts,71,78,Assoc,0,1992.105,2
2389,214,M,PhD,71,Arts,71,79,Assoc,0,2202.0,2
2390,214,M,PhD,71,Arts,71,80,Assoc,0,2420.0,2
2391,214,M,PhD,71,Arts,71,81,Full,0,2879.0,3
2392,214,M,PhD,71,Arts,71,82,Full,0,2962.0,3
2393,214,M,PhD,71,Arts,71,83,Full,0,3156.061,3
2394,214,M,PhD,71,Arts,71,84,Full,0,3337.0,3
2395,214,M,PhD,71,Arts,71,85,Full,0,3337.0,3
2396,214,M,PhD,71,Arts,71,86,Full,0,3966.0,3
2397,214,M,PhD,71,Arts,71,87,Full,0,4165.0,3
2398,214,M,PhD,71,Arts,71,88,Full,1,4285.0,3
2399,214,M,PhD,71,Arts,71,89,Full,0,4585.0,3
2400,214,M,PhD,71,Arts,71,90,Full,0,4939.0,3
2401,214,M,PhD,71,Arts,71,91,Full,0,5631.0,3
2402,214,M,PhD,71,Arts,71,92,Full,0,5794.0,3
2403,214,M,PhD,71,Arts,71,93,Full,0,6977.0,3
2404,214,M,PhD,71,Arts,71,94,Full,0,6977.0,3
2405,214,M,PhD,71,Arts,71,95,Full,0,7180.0,3
2406,215,F,PhD,94,Arts,94,94,Assist,0,3828.0,1
2407,215,F,PhD,94,Arts,94,95,Assist,0,3939.0,1
2408,216,M,PhD,65,Other,92,92,Full,0,11826.0,3
2409,216,M,PhD,65,Other,92,93,Full,0,11826.0,3
2410,216,M,PhD,65,Other,92,94,Full,0,11826.0,3
2411,216,M,PhD,65,Other,92,95,Full,0,12344.0,3
2412,217,M,PhD,69,Prof,86,86,Full,0,9484.0,3
2413,217,M,PhD,69,Prof,86,87,Full,0,9960.0,3
2414,217,M,PhD,69,Prof,86,88,Full,0,9960.0,3
2415,217,M,PhD,69,Prof,86,89,Full,0,10657.0,3
2416,217,M,PhD,69,Prof,86,90,Full,0,11315.0,3
2417,217,M,PhD,69,Prof,86,91,Full,0,12011.0,3
2418,217,M,PhD,69,Prof,86,92,Full,0,12184.0,3
2419,217,M,PhD,69,Prof,86,93,Full,0,12537.0,3
2420,217,M,PhD,69,Prof,86,94,Full,0,12537.0,3
2421,217,M,PhD,69,Prof,86,95,Full,0,12901.0,3
2422,218,M,PhD,85,Other,91,91,Assist,0,3510.0,1
2423,218,M,PhD,85,Other,91,92,Assist,0,3508.333,1
2424,218,M,PhD,85,Other,91,93,Assist,0,3509.0,1
2425,218,M,PhD,85,Other,91,94,Assist,0,3510.0,1
2426,218,M,PhD,85,Other,91,95,Assist,0,3509.0,1
2427,219,M,PhD,64,Other,64,76,Assoc,0,1982.0,2
2428,219,M,PhD,64,Other,64,77,Assoc,0,2096.0,2
2429,219,M,PhD,64,Other,64,78,Assoc,0,2176.0,2
2430,219,M,PhD,64,Other,64,79,Assoc,0,2454.0,2
2431,219,M,PhD,64,Other,64,80,Assoc,0,2642.0,2
2432,219,M,PhD,64,Other,64,81,Assoc,0,2838.0,2
2433,219,M,PhD,64,Other,64,82,Assoc,0,2879.0,2
2434,219,M,PhD,64,Other,64,83,Assoc,0,3081.0,2
2435,219,M,PhD,64,Other,64,84,Assoc,0,3290.0,2
2436,219,M,PhD,64,Other,64,85,Assoc,0,3290.0,2
2437,219,M,PhD,64,Other,64,86,Assoc,0,3588.0,2
2438,219,M,PhD,64,Other,64,87,Assoc,0,3768.0,2
2439,219,M,PhD,64,Other,64,88,Assoc,0,3933.0,2
2440,219,M,PhD,64,Other,64,89,Assoc,0,4149.0,2
2441,219,M,PhD,64,Other,64,90,Assoc,0,4281.0,2
2442,219,M,PhD,64,Other,64,91,Assoc,0,4480.0,2
2443,219,M,PhD,64,Other,64,92,Assoc,0,4676.0,2
2444,219,M,PhD,64,Other,64,93,Assoc,0,4743.0,2
2445,219,M,PhD,64,Other,64,94,Assoc,0,4743.0,2
2446,219,M,PhD,64,Other,64,95,Assoc,0,4951.0,2
2447,220,F,PhD,73,Other,73,76,Assist,0,1639.0,1
2448,220,F,PhD,73,Other,73,77,Assist,0,1797.0,1
2449,220,F,PhD,73,Other,73,78,Assist,0,1731.0,1
2450,220,F,PhD,73,Other,73,79,Assist,0,1922.0,1
2451,220,F,PhD,73,Other,73,80,Assoc,0,2124.0,2
2452,220,F,PhD,73,Other,73,81,Assoc,0,2122.667,2
2453,220,F,PhD,73,Other,73,82,Assoc,0,2388.0,2
2454,220,F,PhD,73,Other,73,83,Assoc,0,2668.0,2
2455,220,F,PhD,73,Other,73,84,Assoc,0,2848.0,2
2456,220,F,PhD,73,Other,73,85,Full,0,2931.0,3
2457,220,F,PhD,73,Other,73,86,Full,0,3583.0,3
2458,220,F,PhD,73,Other,73,87,Full,0,3764.0,3
2459,220,F,PhD,73,Other,73,88,Full,0,3986.0,3
2460,220,F,PhD,73,Other,73,89,Full,0,4264.0,3
2461,220,F,PhD,73,Other,73,90,Full,0,4337.0,3
2462,220,F,PhD,73,Other,73,91,Full,0,4538.0,3
2463,220,F,PhD,73,Other,73,92,Full,0,4670.0,3
2464,220,F,PhD,73,Other,73,93,Full,1,5016.0,3
2465,220,F,PhD,73,Other,73,94,Full,0,4737.0,3
2466,220,F,PhD,73,Other,73,95,Full,0,4875.0,3
2467,221,M,PhD,85,Other,89,89,Assist,0,3396.0,1
2468,221,M,PhD,85,Other,89,90,Assist,0,3455.0,1
2469,221,M,PhD,85,Other,89,91,Assist,0,3667.0,1
2470,221,M,PhD,85,Other,89,92,Assist,0,3883.0,1
2471,221,M,PhD,85,Other,89,93,Assist,0,4053.0,1
2472,221,M,PhD,85,Other,89,94,Assist,0,4053.0,1
2473,221,M,PhD,85,Other,89,95,Assoc,0,4610.0,2
2474,222,F,PhD,92,Other,94,94,Assist,0,3459.0,1
2475,222,F,PhD,92,Other,94,95,Assist,0,3823.333,1
2476,225,M,PhD,74,Other,79,79,Assist,0,2040.0,1
2477,225,M,PhD,74,Other,79,80,Assist,0,2162.0,1
2478,225,M,PhD,74,Other,79,81,Assoc,0,2567.0,2
2479,225,M,PhD,74,Other,79,82,Assoc,0,2758.0,2
2480,225,M,PhD,74,Other,79,83,Assoc,0,2910.0,2
2481,225,M,PhD,74,Other,79,84,Assoc,0,3290.0,2
2482,225,M,PhD,74,Other,79,85,Assoc,0,3290.0,2
2483,225,M,PhD,74,Other,79,86,Full,0,3909.0,3
2484,225,M,PhD,74,Other,79,87,Full,0,4105.0,3
2485,225,M,PhD,74,Other,79,88,Full,0,4410.0,3
2486,225,M,PhD,74,Other,79,89,Full,0,4718.0,3
2487,225,M,PhD,74,Other,79,90,Full,0,4939.0,3
2488,225,M,PhD,74,Other,79,91,Full,0,5242.0,3
2489,225,M,PhD,74,Other,79,92,Full,0,5472.0,3
2490,225,M,PhD,74,Other,79,93,Full,0,5631.0,3
2491,225,M,PhD,74,Other,79,94,Full,0,5631.0,3
2492,225,M,PhD,74,Other,79,95,Full,0,5962.0,3
2493,227,M,PhD,86,Prof,92,92,Assoc,0,5712.0,2
2494,227,M,PhD,86,Prof,92,93,Assoc,0,6048.0,2
2495,227,M,PhD,86,Prof,92,94,Assoc,0,6048.0,2
2496,227,M,PhD,86,Prof,92,95,Assoc,0,6404.0,2
2497,228,M,PhD,72,Other,75,76,Assist,0,1322.0,1
2498,228,M,PhD,72,Other,75,77,Assist,0,1574.0,1
2499,228,M,PhD,72,Other,75,78,Assist,0,1693.939,1
2500,228,M,PhD,72,Other,75,79,Assist,0,1944.0,1
2501,228,M,PhD,72,Other,75,80,Assoc,0,2376.0,2
2502,228,M,PhD,72,Other,75,81,Assoc,0,2719.0,2
2503,228,M,PhD,72,Other,75,82,Assoc,0,3034.848,2
2504,228,M,PhD,72,Other,75,83,Assoc,0,3170.0,2
2505,228,M,PhD,72,Other,75,84,Assoc,0,3534.0,2
2506,228,M,PhD,72,Other,75,85,Full,0,3636.0,3
2507,228,M,PhD,72,Other,75,86,Full,0,4446.0,3
2508,228,M,PhD,72,Other,75,87,Full,0,4669.0,3
2509,228,M,PhD,72,Other,75,88,Full,0,4874.0,3
2510,228,M,PhD,72,Other,75,89,Full,0,5290.0,3
2511,228,M,PhD,72,Other,75,90,Full,0,5617.0,3
2512,228,M,PhD,72,Other,75,91,Full,0,6135.0,3
2513,228,M,PhD,72,Other,75,92,Full,0,6313.0,3
2514,228,M,PhD,72,Other,75,93,Full,0,6496.0,3
2515,228,M,PhD,72,Other,75,94,Full,0,6496.0,3
2516,228,M,PhD,72,Other,75,95,Full,0,6781.0,3
2517,232,M,PhD,59,Other,60,76,Full,0,2549.0,3
2518,232,M,PhD,59,Other,60,77,Full,0,2795.522,3
2519,232,M,PhD,59,Other,60,78,Full,0,2964.0,3
2520,232,M,PhD,59,Other,60,79,Full,0,3260.0,3
2521,232,M,PhD,59,Other,60,80,Full,0,3579.0,3
2522,232,M,PhD,59,Other,60,81,Full,0,4174.0,3
2523,232,M,PhD,59,Other,60,82,Full,0,4485.0,3
2524,232,M,PhD,59,Other,60,83,Full,0,5206.061,3
2525,232,M,PhD,59,Other,60,84,Full,0,5746.0,3
2526,232,M,PhD,59,Other,60,85,Full,0,5746.0,3
2527,232,M,PhD,59,Other,60,86,Full,1,6540.0,3
2528,232,M,PhD,59,Other,60,87,Full,1,6868.0,3
2529,232,M,PhD,59,Other,60,88,Full,1,7875.0,3
2530,232,M,PhD,59,Other,60,89,Full,1,9051.0,3
2531,232,M,PhD,59,Other,60,90,Full,0,8704.478,3
2532,232,M,PhD,59,Other,60,91,Full,0,9820.0,3
2533,232,M,PhD,59,Other,60,92,Full,0,9952.0,3
2534,232,M,PhD,59,Other,60,93,Full,0,9286.0,3
2535,232,M,PhD,59,Other,60,94,Full,0,9286.0,3
2536,232,M,PhD,59,Other,60,95,Full,0,9421.0,3
2537,233,M,PhD,71,Prof,76,76,Assoc,0,1806.0,2
2538,233,M,PhD,71,Prof,76,77,Assoc,1,2152.0,2
2539,233,M,PhD,71,Prof,76,78,Assoc,1,2380.0,2
2540,233,M,PhD,71,Prof,76,79,Assoc,1,2674.0,2
2541,233,M,PhD,71,Prof,76,80,Assoc,1,2957.0,2
2542,233,M,PhD,71,Prof,76,81,Full,0,3307.463,3
2543,233,M,PhD,71,Prof,76,82,Full,0,3322.0,3
2544,233,M,PhD,71,Prof,76,83,Full,1,4099.0,3
2545,233,M,PhD,71,Prof,76,84,Full,1,4279.0,3
2546,233,M,PhD,71,Prof,76,85,Full,1,4290.0,3
2547,233,M,PhD,71,Prof,76,86,Full,0,4446.0,3
2548,233,M,PhD,71,Prof,76,87,Full,0,4669.0,3
2549,233,M,PhD,71,Prof,76,88,Full,0,4669.0,3
2550,233,M,PhD,71,Prof,76,89,Full,0,4925.0,3
2551,233,M,PhD,71,Prof,76,90,Full,0,5229.0,3
2552,233,M,PhD,71,Prof,76,91,Full,0,5394.0,3
2553,233,M,PhD,71,Prof,76,92,Full,0,5472.0,3
2554,233,M,PhD,71,Prof,76,93,Full,0,5631.0,3
2555,233,M,PhD,71,Prof,76,94,Full,0,5631.0,3
2556,233,M,PhD,71,Prof,76,95,Full,0,5794.0,3
2557,234,M,PhD,63,Other,86,86,Full,0,7126.0,3
2558,234,M,PhD,63,Other,86,87,Full,0,7483.0,3
2559,234,M,PhD,63,Other,86,88,Full,0,7591.0,3
2560,234,M,PhD,63,Other,86,89,Full,0,8239.0,3
2561,234,M,PhD,63,Other,86,90,Full,0,8748.0,3
2562,234,M,PhD,63,Other,86,91,Full,0,9025.0,3
2563,234,M,PhD,63,Other,86,92,Full,0,9154.0,3
2564,234,M,PhD,63,Other,86,93,Full,0,9286.0,3
2565,234,M,PhD,63,Other,86,94,Full,0,9286.0,3
2566,234,M,PhD,63,Other,86,95,Full,0,9556.0,3
2567,236,F,PhD,72,Other,74,76,Assist,0,1562.0,1
2568,236,F,PhD,72,Other,74,77,Assist,0,1680.0,1
2569,236,F,PhD,72,Other,74,78,Assist,0,1754.0,1
2570,236,F,PhD,72,Other,74,79,Assist,0,2039.0,1
2571,236,F,PhD,72,Other,74,80,Assist,0,2162.0,1
2572,236,F,PhD,72,Other,74,81,Assoc,0,2391.0,2
2573,236,F,PhD,72,Other,74,82,Assoc,0,2496.0,2
2574,236,F,PhD,72,Other,74,83,Assoc,0,2748.0,2
2575,236,F,PhD,72,Other,74,84,Assoc,0,3020.0,2
2576,236,F,PhD,72,Other,74,85,Assoc,0,3020.0,2
2577,236,F,PhD,72,Other,74,86,Full,0,3745.0,3
2578,236,F,PhD,72,Other,74,87,Full,0,3933.0,3
2579,236,F,PhD,72,Other,74,88,Full,0,4225.0,3
2580,236,F,PhD,72,Other,74,89,Full,0,4520.0,3
2581,236,F,PhD,72,Other,74,90,Full,0,4800.0,3
2582,236,F,PhD,72,Other,74,91,Full,0,6135.0,3
2583,236,F,PhD,72,Other,74,92,Full,0,6590.0,3
2584,236,F,PhD,72,Other,74,93,Full,0,6781.0,3
2585,236,F,PhD,72,Other,74,94,Full,0,6781.0,3
2586,236,F,PhD,72,Other,74,95,Full,0,6977.0,3
2588,238,M,PhD,63,Arts,62,76,Full,0,2726.0,3
2589,238,M,PhD,63,Arts,62,77,Full,0,2932.0,3
2590,238,M,PhD,63,Arts,62,78,Full,0,3021.0,3
2591,238,M,PhD,63,Arts,62,79,Full,0,3314.0,3
2592,238,M,PhD,63,Arts,62,80,Full,0,3546.0,3
2593,238,M,PhD,63,Arts,62,81,Full,0,3922.388,3
2594,238,M,PhD,63,Arts,62,82,Full,0,4057.0,3
2595,238,M,PhD,63,Arts,62,84,Full,0,4442.0,3
2596,238,M,PhD,63,Arts,62,85,Full,0,4442.0,3
2597,238,M,PhD,63,Arts,62,86,Full,0,4575.0,3
2598,238,M,PhD,63,Arts,62,87,Full,0,4805.0,3
2599,238,M,PhD,63,Arts,62,88,Full,0,4874.0,3
2600,238,M,PhD,63,Arts,62,89,Full,0,5215.0,3
2601,238,M,PhD,63,Arts,62,90,Full,0,5381.0,3
2602,238,M,PhD,63,Arts,62,91,Full,0,5712.0,3
2603,238,M,PhD,63,Arts,62,92,Full,0,5878.0,3
2604,238,M,PhD,63,Arts,62,93,Full,0,5962.0,3
2605,238,M,PhD,63,Arts,62,94,Full,0,5962.0,3
2606,238,M,PhD,63,Arts,62,95,Full,0,6135.0,3
2607,239,M,PhD,70,Other,78,78,Assist,0,2056.0,1
2608,239,M,PhD,70,Other,78,79,Assist,0,2378.0,1
2609,239,M,PhD,70,Other,78,80,Assist,0,2605.0,1
2610,239,M,PhD,70,Other,78,81,Assist,0,2962.0,1
2611,239,M,PhD,70,Other,78,82,Assoc,0,3182.0,2
2612,239,M,PhD,70,Other,78,83,Assoc,0,3357.0,2
2613,239,M,PhD,70,Other,78,84,Assoc,0,3586.0,2
2614,239,M,PhD,70,Other,78,85,Assoc,0,4089.0,2
2615,239,M,PhD,70,Other,78,86,Assoc,0,4353.0,2
2616,239,M,PhD,70,Other,78,87,Assoc,0,4571.0,2
2617,239,M,PhD,70,Other,78,88,Assoc,0,5026.0,2
2618,239,M,PhD,70,Other,78,89,Assoc,1,5392.0,2
2619,239,M,PhD,70,Other,78,90,Assoc,1,5680.0,2
2620,239,M,PhD,70,Other,78,91,Assoc,0,5318.0,2
2621,239,M,PhD,70,Other,78,92,Assoc,0,5712.0,2
2622,239,M,PhD,70,Other,78,93,Full,0,6223.0,3
2623,239,M,PhD,70,Other,78,94,Full,0,6223.0,3
2624,239,M,PhD,70,Other,78,95,Full,0,6382.0,3
2625,241,F,PhD,78,Other,88,88,Assist,0,3174.0,1
2626,241,F,PhD,78,Other,88,89,Assist,0,3596.0,1
2627,241,F,PhD,78,Other,88,90,Assist,0,3818.0,1
2628,241,F,PhD,78,Other,88,91,Assoc,0,4292.0,2
2629,241,F,PhD,78,Other,88,92,Assoc,0,4610.0,2
2630,241,F,PhD,78,Other,88,93,Assoc,0,4881.0,2
2631,241,F,PhD,78,Other,88,94,Assoc,0,4881.0,2
2632,241,F,PhD,78,Other,88,95,Assoc,0,5242.0,2
2633,242,F,PhD,93,Prof,93,93,Assist,0,4445.0,1
2634,242,F,PhD,93,Prof,93,94,Assist,0,4445.0,1
2635,242,F,PhD,93,Prof,93,95,Assist,0,4588.0,1
2636,243,M,PhD,78,Prof,78,78,Assist,0,1866.0,1
2637,243,M,PhD,78,Prof,78,79,Assist,0,2079.0,1
2638,243,M,PhD,78,Prof,78,80,Assist,0,2290.0,1
2639,243,M,PhD,78,Prof,78,81,Assist,0,2642.0,1
2640,243,M,PhD,78,Prof,78,82,Assist,0,2758.0,1
2641,243,M,PhD,78,Prof,78,83,Assist,0,3658.0,1
2642,243,M,PhD,78,Prof,78,84,Assoc,0,3962.0,2
2643,243,M,PhD,78,Prof,78,85,Assoc,0,3962.0,2
2644,243,M,PhD,78,Prof,78,86,Assoc,0,4510.0,2
2645,243,M,PhD,78,Prof,78,87,Assoc,0,4736.0,2
2646,243,M,PhD,78,Prof,78,88,Assoc,0,4874.0,2
2647,243,M,PhD,78,Prof,78,89,Assoc,0,5215.0,2
2648,243,M,PhD,78,Prof,78,90,Assoc,0,5617.0,2
2649,243,M,PhD,78,Prof,78,91,Assoc,0,6313.0,2
2650,243,M,PhD,78,Prof,78,92,Full,0,6684.0,3
2651,243,M,PhD,78,Prof,78,93,Full,0,6878.0,3
2652,243,M,PhD,78,Prof,78,94,Full,0,6878.0,3
2653,243,M,PhD,78,Prof,78,95,Full,0,7494.0,3
2654,244,M,PhD,64,Other,67,76,Assoc,0,2196.0,2
2655,244,M,PhD,64,Other,67,77,Assoc,0,2419.0,2
2656,244,M,PhD,64,Other,67,78,Assoc,0,2628.0,2
2657,244,M,PhD,64,Other,67,79,Full,0,3032.0,3
2658,244,M,PhD,64,Other,67,80,Full,0,3348.0,3
2659,244,M,PhD,64,Other,67,81,Full,0,3777.0,3
2660,244,M,PhD,64,Other,67,82,Full,0,3777.0,3
2661,244,M,PhD,64,Other,67,83,Full,0,3985.0,3
2662,244,M,PhD,64,Other,67,84,Full,0,4256.0,3
2663,244,M,PhD,64,Other,67,85,Full,0,4256.0,3
2664,244,M,PhD,64,Other,67,86,Full,0,5203.0,3
2665,244,M,PhD,64,Other,67,87,Full,0,5464.0,3
2666,244,M,PhD,64,Other,67,88,Full,0,5623.0,3
2667,244,M,PhD,64,Other,67,89,Full,0,5846.0,3
2668,244,M,PhD,64,Other,67,90,Full,0,6120.0,3
2669,244,M,PhD,64,Other,67,91,Full,0,6781.0,3
2670,244,M,PhD,64,Other,67,92,Full,0,6878.0,3
2671,244,M,PhD,64,Other,67,93,Full,0,6977.0,3
2672,244,M,PhD,64,Other,67,94,Full,0,6977.0,3
2673,244,M,PhD,64,Other,67,95,Full,0,7180.0,3
2674,245,M,PhD,71,Prof,87,87,Full,1,8029.0,3
2675,245,M,PhD,71,Prof,87,88,Full,1,8262.0,3
2676,245,M,PhD,71,Prof,87,89,Full,1,8966.0,3
2677,245,M,PhD,71,Prof,87,90,Full,1,9796.0,3
2678,245,M,PhD,71,Prof,87,91,Full,1,10054.0,3
2679,245,M,PhD,71,Prof,87,92,Full,1,11826.0,3
2680,245,M,PhD,71,Prof,87,94,Full,1,12522.0,3
2681,245,M,PhD,71,Prof,87,95,Full,1,13258.0,3
2682,246,M,PhD,73,Other,75,76,Assist,0,1652.0,1
2683,246,M,PhD,73,Other,75,77,Assist,0,1904.0,1
2684,246,M,PhD,73,Other,75,78,Assoc,0,2097.0,2
2685,246,M,PhD,73,Other,75,79,Assoc,0,2369.0,2
2686,246,M,PhD,73,Other,75,80,Assoc,0,2642.0,2
2687,246,M,PhD,73,Other,75,81,Assoc,0,2920.0,2
2688,246,M,PhD,73,Other,75,82,Assoc,0,3092.0,2
2689,246,M,PhD,73,Other,75,83,Full,0,3357.0,3
2690,246,M,PhD,73,Other,75,84,Full,0,3742.0,3
2691,246,M,PhD,73,Other,75,85,Full,0,3742.0,3
2692,246,M,PhD,73,Other,75,86,Full,0,4844.0,3
2693,246,M,PhD,73,Other,75,87,Full,0,5087.0,3
2694,246,M,PhD,73,Other,75,88,Full,0,5235.0,3
2695,246,M,PhD,73,Other,75,89,Full,0,7244.0,3
2696,246,M,PhD,73,Other,75,90,Full,0,7369.0,3
2697,246,M,PhD,73,Other,75,91,Full,0,7712.0,3
2698,246,M,PhD,73,Other,75,92,Full,0,7935.0,3
2699,246,M,PhD,73,Other,75,93,Full,0,8165.0,3
2700,246,M,PhD,73,Other,75,94,Full,0,8165.0,3
2701,246,M,PhD,73,Other,75,95,Full,0,8402.0,3
2702,247,M,PhD,75,Arts,81,81,Assist,0,2000.0,1
2703,247,M,PhD,75,Arts,81,82,Assist,0,2290.0,1
2704,247,M,PhD,75,Arts,81,83,Assist,0,2451.0,1
2705,247,M,PhD,75,Arts,81,84,Assist,0,2732.0,1
2706,247,M,PhD,75,Arts,81,85,Assoc,0,2811.0,2
2707,247,M,PhD,75,Arts,81,86,Assoc,0,3437.0,2
2708,247,M,PhD,75,Arts,81,87,Assoc,0,3610.0,2
2709,247,M,PhD,75,Arts,81,88,Assoc,0,3768.0,2
2710,247,M,PhD,75,Arts,81,89,Assoc,0,4090.0,2
2711,247,M,PhD,75,Arts,81,90,Assoc,0,5229.0,2
2712,247,M,PhD,75,Arts,81,91,Assoc,0,5318.0,2
2713,247,M,PhD,75,Arts,81,92,Full,0,5631.0,3
2714,247,M,PhD,75,Arts,81,93,Full,0,5712.0,3
2715,247,M,PhD,75,Arts,81,94,Full,0,5712.0,3
2716,247,M,PhD,75,Arts,81,95,Full,0,6048.0,3
2717,248,M,PhD,91,Prof,91,91,Assist,0,5472.0,1
2718,248,M,PhD,91,Prof,91,92,Assist,0,5551.0,1
2719,248,M,PhD,91,Prof,91,93,Assist,0,5712.0,1
2720,248,M,PhD,91,Prof,91,94,Assist,0,5712.0,1
2721,248,M,PhD,91,Prof,91,95,Assist,0,6223.0,1
2722,249,M,PhD,74,Other,87,87,Assoc,0,4410.0,2
2723,249,M,PhD,74,Other,87,88,Assoc,0,4410.0,2
2724,249,M,PhD,74,Other,87,89,Assoc,0,4718.0,2
2725,249,M,PhD,74,Other,87,90,Assoc,0,4939.0,2
2726,249,M,PhD,74,Other,87,91,Assoc,0,5095.0,2
2727,249,M,PhD,74,Other,87,92,Assoc,0,5168.0,2
2728,249,M,PhD,74,Other,87,93,Assoc,0,5318.0,2
2729,249,M,PhD,74,Other,87,94,Assoc,0,5318.0,2
2730,249,M,PhD,74,Other,87,95,Assoc,0,5472.0,2
2731,250,F,PhD,70,Arts,73,76,Assoc,0,1683.0,2
2732,250,F,PhD,70,Arts,73,77,Assoc,0,1942.0,2
2733,250,F,PhD,70,Arts,73,78,Assoc,1,2216.0,2
2734,250,F,PhD,70,Arts,73,79,Assoc,1,2497.0,2
2735,250,F,PhD,70,Arts,73,80,Assoc,1,2732.0,2
2736,250,F,PhD,70,Arts,73,81,Full,1,3112.0,3
2737,250,F,PhD,70,Arts,73,82,Full,1,3275.0,3
2738,250,F,PhD,70,Arts,73,83,Full,1,3505.0,3
2739,250,F,PhD,70,Arts,73,84,Full,0,3723.881,3
2740,250,F,PhD,70,Arts,73,85,Full,1,3742.0,3
2741,250,F,PhD,70,Arts,73,86,Full,1,4321.0,3
2742,250,F,PhD,70,Arts,73,87,Full,1,4538.0,3
2743,250,F,PhD,70,Arts,73,88,Full,0,5208.955,3
2744,250,F,PhD,70,Arts,73,89,Full,0,5601.0,3
2745,250,F,PhD,70,Arts,73,90,Full,0,5863.0,3
2746,250,F,PhD,70,Arts,73,91,Full,0,6135.0,3
2747,250,F,PhD,70,Arts,73,92,Full,0,6313.0,3
2748,250,F,PhD,70,Arts,73,93,Full,0,6404.0,3
2749,250,F,PhD,70,Arts,73,94,Full,0,6404.0,3
2750,250,F,PhD,70,Arts,73,95,Full,0,6684.0,3
2751,252,M,PhD,84,Prof,84,84,Assist,0,3742.0,1
2752,252,M,PhD,84,Prof,84,85,Assist,0,3742.0,1
2753,252,M,PhD,84,Prof,84,86,Assist,0,4199.0,1
2754,252,M,PhD,84,Prof,84,87,Assist,0,4410.0,1
2755,252,M,PhD,84,Prof,84,88,Assist,0,4736.0,1
2756,252,M,PhD,84,Prof,84,89,Assoc,0,5443.0,2
2757,252,M,PhD,84,Prof,84,90,Assoc,0,6002.985,2
2758,252,M,PhD,84,Prof,84,91,Assoc,0,6404.0,2
2759,252,M,PhD,84,Prof,84,92,Assoc,0,6684.0,2
2760,252,M,PhD,84,Prof,84,93,Assoc,0,6878.0,2
2761,252,M,PhD,84,Prof,84,94,Full,0,7078.0,3
2762,252,M,PhD,84,Prof,84,95,Full,0,8770.0,3
2763,253,F,PhD,82,Other,92,92,Assoc,0,4610.0,2
2764,253,F,PhD,82,Other,92,93,Assoc,0,4610.0,2
2765,253,F,PhD,82,Other,92,94,Assoc,0,4610.0,2
2766,253,F,PhD,82,Other,92,95,Assoc,0,4812.0,2
2767,254,M,PhD,55,Other,56,76,Full,0,3475.0,3
2768,254,M,PhD,55,Other,56,77,Full,0,3818.0,3
2769,254,M,PhD,55,Other,56,78,Full,0,3818.0,3
2770,254,M,PhD,55,Other,56,79,Full,0,4217.0,3
2771,254,M,PhD,55,Other,56,80,Full,0,4778.0,3
2772,254,M,PhD,55,Other,56,81,Full,0,5174.0,3
2773,254,M,PhD,55,Other,56,82,Full,0,5174.0,3
2774,254,M,PhD,55,Other,56,83,Full,0,5779.0,3
2775,254,M,PhD,55,Other,56,84,Full,0,6084.0,3
2776,254,M,PhD,55,Other,56,85,Full,0,6084.0,3
2777,254,M,PhD,55,Other,56,86,Full,0,7764.0,3
2778,254,M,PhD,55,Other,56,87,Full,0,8153.0,3
2779,254,M,PhD,55,Other,56,88,Full,1,8757.0,3
2780,254,M,PhD,55,Other,56,89,Full,1,9505.0,3
2781,254,M,PhD,55,Other,56,90,Full,1,10092.0,3
2782,254,M,PhD,55,Other,56,91,Full,1,10713.0,3
2783,254,M,PhD,55,Other,56,92,Full,1,11024.0,3
2784,254,M,PhD,55,Other,56,93,Full,0,11343.0,3
2785,254,M,PhD,55,Other,56,94,Full,0,11343.0,3
2786,254,M,PhD,55,Other,56,95,Full,0,11507.0,3
2787,255,M,PhD,67,Arts,67,76,Assist,0,1652.0,1
2788,255,M,PhD,67,Arts,67,77,Assist,0,1754.0,1
2789,255,M,PhD,67,Arts,67,78,Assist,0,1904.0,1
2790,255,M,PhD,67,Arts,67,79,Assist,0,2079.0,1
2791,255,M,PhD,67,Arts,67,80,Assist,0,2205.0,1
2792,255,M,PhD,67,Arts,67,81,Assist,0,2357.0,1
2793,255,M,PhD,67,Arts,67,82,Assist,0,2425.0,1
2794,255,M,PhD,67,Arts,67,83,Assist,0,2558.0,1
2795,255,M,PhD,67,Arts,67,84,Assist,0,2694.0,1
2796,255,M,PhD,67,Arts,67,85,Assist,0,2694.0,1
2797,255,M,PhD,67,Arts,67,86,Assist,0,2774.0,1
2798,255,M,PhD,67,Arts,67,87,Assist,0,2913.0,1
2799,255,M,PhD,67,Arts,67,88,Assist,0,3085.0,1
2800,255,M,PhD,67,Arts,67,89,Assist,0,3301.0,1
2801,255,M,PhD,67,Arts,67,90,Assist,0,3357.0,1
2802,255,M,PhD,67,Arts,67,91,Assist,0,3828.0,1
2803,255,M,PhD,67,Arts,67,92,Assist,0,3828.0,1
2804,255,M,PhD,67,Arts,67,93,Assist,0,3939.0,1
2805,255,M,PhD,67,Arts,67,94,Assist,0,3939.0,1
2806,255,M,PhD,67,Arts,67,95,Assist,0,4292.0,1
2807,256,M,PhD,67,Other,70,76,Assoc,0,1982.0,2
2808,256,M,PhD,67,Other,70,77,Assoc,0,2136.0,2
2809,256,M,PhD,67,Other,70,78,Assoc,0,2216.0,2
2810,256,M,PhD,67,Other,70,79,Assoc,0,2411.0,2
2811,256,M,PhD,67,Other,70,80,Assoc,0,2597.0,2
2812,256,M,PhD,67,Other,70,81,Assoc,0,2823.881,2
2813,256,M,PhD,67,Other,70,82,Assoc,0,2962.0,2
2814,256,M,PhD,67,Other,70,83,Full,0,3310.0,3
2815,256,M,PhD,67,Other,70,84,Full,0,3742.0,3
2816,256,M,PhD,67,Other,70,85,Full,0,3742.0,3
2817,256,M,PhD,67,Other,70,86,Full,0,3854.0,3
2818,256,M,PhD,67,Other,70,87,Full,0,4047.0,3
2819,256,M,PhD,67,Other,70,88,Full,0,4047.0,3
2820,256,M,PhD,67,Other,70,89,Full,0,4456.0,3
2821,256,M,PhD,67,Other,70,90,Full,0,4533.0,3
2822,256,M,PhD,67,Other,70,91,Full,0,4676.0,3
2823,256,M,PhD,67,Other,70,92,Full,0,4676.0,3
2824,256,M,PhD,67,Other,70,93,Full,0,4676.0,3
2825,256,M,PhD,67,Other,70,94,Full,0,4676.0,3
2826,256,M,PhD,67,Other,70,95,Full,0,4676.0,3
2827,257,F,PhD,93,Other,93,93,Assist,0,5022.0,1
2828,257,F,PhD,93,Other,93,94,Assist,0,5022.0,1
2829,257,F,PhD,93,Other,93,95,Assist,0,5242.0,1
2831,259,F,PhD,85,Other,91,91,Assist,0,5095.0,1
2832,259,F,PhD,85,Other,91,92,Assist,0,5242.0,1
2833,259,F,PhD,85,Other,91,93,Assoc,0,5631.0,2
2834,259,F,PhD,85,Other,91,94,Assoc,0,5631.0,2
2835,259,F,PhD,85,Other,91,95,Assoc,0,6048.0,2
2836,260,F,PhD,89,Other,91,91,Assist,0,3939.0,1
2837,260,F,PhD,89,Other,91,92,Assist,0,3939.0,1
2838,260,F,PhD,89,Other,91,93,Assist,0,4053.0,1
2839,260,F,PhD,89,Other,91,94,Assist,0,4053.0,1
2840,260,F,PhD,89,Other,91,95,Assist,0,4112.0,1
2841,261,F,PhD,70,Other,72,76,Assist,0,1574.0,1
2842,261,F,PhD,70,Other,72,77,Assist,0,1715.0,1
2843,261,F,PhD,70,Other,72,78,Assist,0,1800.0,1
2844,261,F,PhD,70,Other,72,79,Assist,0,2000.0,1
2845,261,F,PhD,70,Other,72,80,Assist,0,2152.0,1
2846,261,F,PhD,70,Other,72,81,Assist,0,2353.0,1
2847,261,F,PhD,70,Other,72,82,Assist,0,2492.0,1
2848,261,F,PhD,70,Other,72,83,Assist,0,2630.0,1
2849,261,F,PhD,70,Other,72,84,Assoc,0,3016.0,2
2850,261,F,PhD,70,Other,72,85,Assoc,0,3016.0,2
2851,261,F,PhD,70,Other,72,86,Assoc,0,3384.0,2
2852,261,F,PhD,70,Other,72,87,Assoc,0,3555.0,2
2853,261,F,PhD,70,Other,72,88,Assoc,0,3764.0,2
2854,261,F,PhD,70,Other,72,89,Assoc,0,4264.0,2
2855,261,F,PhD,70,Other,72,90,Assoc,0,4527.0,2
2856,261,F,PhD,70,Other,72,91,Full,0,4945.0,3
2857,261,F,PhD,70,Other,72,92,Full,0,5236.0,3
2858,261,F,PhD,70,Other,72,93,Full,0,6488.0,3
2859,261,F,PhD,70,Other,72,94,Full,0,6488.0,3
2860,261,F,PhD,70,Other,72,95,Full,0,6870.0,3
2861,262,M,PhD,63,Other,74,76,Full,1,2928.0,3
2862,262,M,PhD,63,Other,74,77,Full,1,3191.0,3
2863,262,M,PhD,63,Other,74,78,Full,1,3322.0,3
2864,262,M,PhD,63,Other,74,79,Full,1,3628.0,3
2865,262,M,PhD,63,Other,74,80,Full,1,3871.0,3
2866,262,M,PhD,63,Other,74,81,Full,0,4421.0,3
2867,262,M,PhD,63,Other,74,82,Full,0,4421.0,3
2868,262,M,PhD,63,Other,74,83,Full,0,4664.0,3
2869,262,M,PhD,63,Other,74,84,Full,0,4771.0,3
2870,262,M,PhD,63,Other,74,85,Full,0,4771.0,3
2871,262,M,PhD,63,Other,74,86,Full,0,4914.0,3
2872,262,M,PhD,63,Other,74,87,Full,0,5160.0,3
2873,262,M,PhD,63,Other,74,88,Full,0,5160.0,3
2874,262,M,PhD,63,Other,74,89,Full,0,5366.0,3
2875,262,M,PhD,63,Other,74,90,Full,0,5458.0,3
2876,262,M,PhD,63,Other,74,91,Full,0,5551.0,3
2877,262,M,PhD,63,Other,74,92,Full,0,5712.0,3
2878,262,M,PhD,63,Other,74,93,Full,0,5878.0,3
2879,262,M,PhD,63,Other,74,94,Full,0,5878.0,3
2880,262,M,PhD,63,Other,74,95,Full,0,6123.0,3
2881,264,M,PhD,58,Prof,53,76,Full,0,2936.0,3
2882,264,M,PhD,58,Prof,53,77,Full,0,3294.0,3
2883,264,M,PhD,58,Prof,53,78,Full,0,3481.0,3
2884,264,M,PhD,58,Prof,53,79,Full,0,3906.0,3
2885,264,M,PhD,58,Prof,53,80,Full,0,4222.0,3
2886,264,M,PhD,58,Prof,53,81,Full,0,4886.0,3
2887,264,M,PhD,58,Prof,53,82,Full,0,5248.0,3
2888,264,M,PhD,58,Prof,53,83,Full,0,5617.0,3
2889,264,M,PhD,58,Prof,53,84,Full,0,5997.0,3
2890,264,M,PhD,58,Prof,53,85,Full,0,5997.0,3
2891,264,M,PhD,58,Prof,53,86,Full,0,7126.0,3
2892,264,M,PhD,58,Prof,53,87,Full,0,7483.0,3
2893,264,M,PhD,58,Prof,53,88,Full,0,7700.0,3
2894,264,M,PhD,58,Prof,53,89,Full,0,8239.0,3
2895,264,M,PhD,58,Prof,53,90,Full,0,9532.0,3
2896,264,M,PhD,58,Prof,53,91,Full,0,10118.0,3
2897,264,M,PhD,58,Prof,53,92,Full,0,10561.0,3
2898,264,M,PhD,58,Prof,53,93,Full,0,10867.0,3
2899,264,M,PhD,58,Prof,53,94,Full,0,10867.0,3
2900,264,M,PhD,58,Prof,53,95,Full,0,11343.0,3
2901,265,M,PhD,75,Other,85,85,Full,0,4505.0,3
2902,265,M,PhD,75,Other,85,86,Full,0,4641.0,3
2903,265,M,PhD,75,Other,85,87,Full,0,5160.0,3
2904,265,M,PhD,75,Other,85,88,Full,0,4939.0,3
2905,265,M,PhD,75,Other,85,89,Full,0,5931.0,3
2906,265,M,PhD,75,Other,85,90,Full,1,6960.0,3
2907,265,M,PhD,75,Other,85,91,Full,1,7602.0,3
2908,265,M,PhD,75,Other,85,92,Full,0,7195.0,3
2909,265,M,PhD,75,Other,85,93,Full,0,7388.0,3
2910,265,M,PhD,75,Other,85,94,Full,0,7388.0,3
2911,265,M,PhD,75,Other,85,95,Full,0,7602.0,3
2912,266,M,PhD,77,Arts,78,78,Assist,0,1608.0,1
2913,266,M,PhD,77,Arts,78,79,Assist,0,1764.0,1
2914,266,M,PhD,77,Arts,78,80,Assist,0,1875.0,1
2915,266,M,PhD,77,Arts,78,81,Assist,0,2042.0,1
2916,266,M,PhD,77,Arts,78,82,Assist,0,2102.0,1
2917,266,M,PhD,77,Arts,78,83,Assist,0,2315.0,1
2918,266,M,PhD,77,Arts,78,84,Assist,0,2507.0,1
2919,266,M,PhD,77,Arts,78,85,Assoc,0,2581.0,2
2920,266,M,PhD,77,Arts,78,86,Assoc,0,2855.0,2
2921,266,M,PhD,77,Arts,78,87,Assoc,0,2998.0,2
2922,266,M,PhD,77,Arts,78,88,Assoc,0,3361.0,2
2923,266,M,PhD,77,Arts,78,89,Assoc,0,3754.0,2
2924,266,M,PhD,77,Arts,78,90,Assoc,0,3873.0,2
2925,266,M,PhD,77,Arts,78,91,Assoc,0,4053.0,2
2926,266,M,PhD,77,Arts,78,92,Assoc,0,4171.0,2
2927,266,M,PhD,77,Arts,78,93,Assoc,0,4292.0,2
2928,266,M,PhD,77,Arts,78,94,Assoc,0,4292.0,2
2929,266,M,PhD,77,Arts,78,95,Assoc,0,4353.0,2
2930,267,M,PhD,90,Other,91,91,Assist,0,3130.0,1
2931,267,M,PhD,90,Other,91,92,Assist,0,3221.0,1
2932,267,M,PhD,90,Other,91,93,Assist,0,3314.0,1
2933,267,M,PhD,90,Other,91,94,Assist,0,3663.0,1
2934,267,M,PhD,90,Other,91,95,Assist,0,3769.0,1
2935,269,M,PhD,76,Other,80,80,Assist,0,2079.0,1
2936,269,M,PhD,76,Other,80,81,Assist,0,2255.0,1
2937,269,M,PhD,76,Other,80,82,Assist,0,2255.0,1
2938,269,M,PhD,76,Other,80,83,Assist,0,2482.0,1
2939,269,M,PhD,76,Other,80,84,Assoc,0,2977.0,2
2940,269,M,PhD,76,Other,80,85,Assoc,0,2977.0,2
2941,269,M,PhD,76,Other,80,86,Assoc,0,3487.0,2
2942,269,M,PhD,76,Other,80,87,Assoc,0,3662.0,2
2943,269,M,PhD,76,Other,80,88,Full,0,4944.0,3
2944,269,M,PhD,76,Other,80,89,Full,0,5290.0,3
2945,269,M,PhD,76,Other,80,90,Full,0,5617.0,3
2946,269,M,PhD,76,Other,80,91,Full,0,5794.0,3
2947,269,M,PhD,76,Other,80,92,Full,0,5962.0,3
2948,269,M,PhD,76,Other,80,93,Full,0,6223.0,3
2949,269,M,PhD,76,Other,80,94,Full,0,6223.0,3
2950,269,M,PhD,76,Other,80,95,Full,0,6496.0,3
2951,270,M,PhD,76,Prof,83,83,Assist,0,2642.0,1
2952,270,M,PhD,76,Prof,83,84,Assist,0,2892.0,1
2953,270,M,PhD,76,Prof,83,85,Assist,0,2892.0,1
2954,270,M,PhD,76,Prof,83,86,Assist,0,3487.0,1
2955,270,M,PhD,76,Prof,83,87,Assoc,0,3768.0,2
2956,270,M,PhD,76,Prof,83,88,Assoc,0,3933.0,2
2957,270,M,PhD,76,Prof,83,89,Assoc,0,4393.0,2
2958,270,M,PhD,76,Prof,83,90,Assoc,0,4800.0,2
2959,270,M,PhD,76,Prof,83,91,Assoc,0,5318.0,2
2960,270,M,PhD,76,Prof,83,92,Assoc,0,5551.0,2
2961,270,M,PhD,76,Prof,83,93,Assoc,0,5631.0,2
2962,270,M,PhD,76,Prof,83,94,Assoc,0,5631.0,2
2963,270,M,PhD,76,Prof,83,95,Assoc,0,5794.0,2
2964,271,M,PhD,75,Other,80,80,Assist,0,2200.0,1
2965,271,M,PhD,75,Other,80,81,Assist,0,2425.0,1
2966,271,M,PhD,75,Other,80,82,Assist,0,2567.0,1
2967,271,M,PhD,75,Other,80,83,Assist,0,2827.0,1
2968,271,M,PhD,75,Other,80,84,Assist,0,3107.0,1
2969,271,M,PhD,75,Other,80,85,Assoc,0,3197.0,2
2970,271,M,PhD,75,Other,80,86,Assoc,0,3692.0,2
2971,271,M,PhD,75,Other,80,87,Assoc,0,3877.0,2
2972,271,M,PhD,75,Other,80,88,Assoc,0,4105.0,2
2973,271,M,PhD,75,Other,80,89,Assoc,0,4456.0,2
2974,271,M,PhD,75,Other,80,90,Full,0,4844.776,3
2975,271,M,PhD,75,Other,80,91,Full,0,5095.0,3
2976,271,M,PhD,75,Other,80,92,Full,0,5095.0,3
2977,271,M,PhD,75,Other,80,93,Full,0,5242.0,3
2978,271,M,PhD,75,Other,80,94,Full,0,5242.0,3
2979,271,M,PhD,75,Other,80,95,Full,0,5712.0,3
2981,273,M,PhD,78,Arts,80,80,Assist,0,1889.0,1
2982,273,M,PhD,78,Arts,80,81,Assist,0,2163.0,1
2983,273,M,PhD,78,Arts,80,82,Assist,0,2323.0,1
2984,273,M,PhD,78,Arts,80,83,Assist,0,2451.0,1
2985,273,M,PhD,78,Arts,80,84,Assist,0,2617.0,1
2986,273,M,PhD,78,Arts,80,85,Assist,0,2617.0,1
2987,273,M,PhD,78,Arts,80,86,Assoc,1,4199.0,2
2988,273,M,PhD,78,Arts,80,87,Assoc,1,4410.0,2
2989,273,M,PhD,78,Arts,80,88,Assoc,1,4669.0,2
2990,273,M,PhD,78,Arts,80,89,Assoc,1,6842.0,2
2991,273,M,PhD,78,Arts,80,90,Assoc,1,6960.0,2
2992,273,M,PhD,78,Arts,80,91,Assoc,1,7388.0,2
2993,273,M,PhD,78,Arts,80,92,Assoc,1,7935.0,2
2994,273,M,PhD,78,Arts,80,93,Assoc,1,8165.0,2
2995,273,M,PhD,78,Arts,80,94,Assoc,1,8165.0,2
2996,273,M,PhD,78,Arts,80,95,Assoc,0,8283.0,2
2997,275,F,PhD,90,Prof,90,90,Assist,0,5010.0,1
2998,275,F,PhD,90,Prof,90,91,Assist,0,5095.0,1
2999,275,F,PhD,90,Prof,90,92,Assist,0,5318.0,1
3000,275,F,PhD,90,Prof,90,93,Assist,0,5551.0,1
3001,275,F,PhD,90,Prof,90,94,Assist,0,5551.0,1
3002,275,F,PhD,90,Prof,90,95,Assoc,0,6048.0,2
3003,276,M,PhD,71,Other,86,86,Full,0,6348.0,3
3004,276,M,PhD,71,Other,86,87,Full,0,6668.0,3
3005,276,M,PhD,71,Other,86,88,Full,0,7591.0,3
3006,276,M,PhD,71,Other,86,89,Full,0,8358.0,3
3007,276,M,PhD,71,Other,86,90,Full,0,8874.0,3
3008,276,M,PhD,71,Other,86,91,Full,0,9154.0,3
3009,276,M,PhD,71,Other,86,92,Full,0,9420.0,3
3010,276,M,PhD,71,Other,86,93,Full,0,9693.0,3
3011,276,M,PhD,71,Other,86,94,Full,0,9693.0,3
3012,276,M,PhD,71,Other,86,95,Full,0,10118.0,3
3013,278,F,PhD,82,Other,81,81,Assist,0,1902.0,1
3014,278,F,PhD,82,Other,81,82,Assist,0,2014.0,1
3015,278,F,PhD,82,Other,81,83,Assist,0,2218.0,1
3016,278,F,PhD,82,Other,81,84,Assist,0,2472.0,1
3017,278,F,PhD,82,Other,81,86,Assist,0,2546.0,1
3018,278,F,PhD,82,Other,81,87,Assist,0,2674.0,1
3019,278,F,PhD,82,Other,81,88,Assist,0,3085.0,1
3020,278,F,PhD,82,Other,81,89,Assoc,0,3596.0,2
3021,278,F,PhD,82,Other,81,90,Assoc,0,3744.776,2
3022,278,F,PhD,82,Other,81,91,Assoc,0,3939.0,2
3023,278,F,PhD,82,Other,81,92,Assoc,0,3996.0,2
3024,278,F,PhD,82,Other,81,93,Assoc,0,4112.0,2
3025,278,F,PhD,82,Other,81,94,Assoc,0,4112.0,2
3026,278,F,PhD,82,Other,81,95,Assoc,0,4292.0,2
3027,279,M,PhD,88,Prof,92,92,Assist,0,3611.0,1
3028,279,M,PhD,88,Prof,92,93,Assist,0,3611.0,1
3029,279,M,PhD,88,Prof,92,94,Assist,0,3611.0,1
3030,279,M,PhD,88,Prof,92,95,Assist,0,4225.0,1
3031,280,M,PhD,58,Other,66,76,Full,0,2936.0,3
3032,280,M,PhD,58,Other,66,77,Full,0,3340.0,3
3033,280,M,PhD,58,Other,66,78,Full,0,3434.0,3
3034,280,M,PhD,58,Other,66,79,Full,0,3805.0,3
3035,280,M,PhD,58,Other,66,80,Full,0,4115.0,3
3036,280,M,PhD,58,Other,66,81,Full,0,4548.0,3
3037,280,M,PhD,58,Other,66,82,Full,0,4749.0,3
3038,280,M,PhD,58,Other,66,83,Full,0,5010.0,3
3039,280,M,PhD,58,Other,66,84,Full,0,5274.0,3
3040,280,M,PhD,58,Other,66,85,Full,0,5274.0,3
3041,280,M,PhD,58,Other,66,86,Full,0,5751.0,3
3042,280,M,PhD,58,Other,66,87,Full,0,6039.0,3
3043,280,M,PhD,58,Other,66,88,Full,0,6039.0,3
3044,280,M,PhD,58,Other,66,89,Full,0,6280.0,3
3045,280,M,PhD,58,Other,66,90,Full,0,6668.0,3
3046,280,M,PhD,58,Other,66,91,Full,0,7078.0,3
3047,280,M,PhD,58,Other,66,92,Full,0,7283.0,3
3048,280,M,PhD,58,Other,66,93,Full,0,7388.0,3
3049,280,M,PhD,58,Other,66,94,Full,0,7388.0,3
3050,280,M,PhD,58,Other,66,95,Full,0,7823.0,3
3051,281,M,PhD,57,Other,66,76,Full,0,3415.0,3
3052,281,M,PhD,57,Other,66,77,Full,0,3672.0,3
3053,281,M,PhD,57,Other,66,78,Full,0,3916.0,3
3054,281,M,PhD,57,Other,66,79,Full,0,4429.0,3
3055,281,M,PhD,57,Other,66,80,Full,0,4775.0,3
3056,281,M,PhD,57,Other,66,81,Full,0,5333.333,3
3057,281,M,PhD,57,Other,66,82,Full,0,5556.0,3
3058,281,M,PhD,57,Other,66,83,Full,0,5862.0,3
3059,281,M,PhD,57,Other,66,84,Full,0,5997.0,3
3060,281,M,PhD,57,Other,66,85,Full,0,5997.0,3
3061,281,M,PhD,57,Other,66,86,Full,0,6634.0,3
3062,281,M,PhD,57,Other,66,87,Full,0,6967.0,3
3063,281,M,PhD,57,Other,66,88,Full,0,6967.0,3
3064,281,M,PhD,57,Other,66,89,Full,0,7671.0,3
3065,281,M,PhD,57,Other,66,90,Full,0,8029.0,3
3066,281,M,PhD,57,Other,66,91,Full,0,8523.0,3
3067,281,M,PhD,57,Other,66,92,Full,0,8770.0,3
3068,281,M,PhD,57,Other,66,93,Full,0,9025.0,3
3069,281,M,PhD,57,Other,66,94,Full,0,9025.0,3
3070,281,M,PhD,57,Other,66,95,Full,0,9154.0,3
3071,282,M,PhD,75,Other,77,77,Assist,0,1743.0,1
3072,282,M,PhD,75,Other,77,78,Assist,0,1791.0,1
3073,282,M,PhD,75,Other,77,79,Assist,0,1959.0,1
3074,282,M,PhD,75,Other,77,80,Assist,0,2121.0,1
3075,282,M,PhD,75,Other,77,81,Assist,0,2323.0,1
3076,282,M,PhD,75,Other,77,82,Assist,0,2425.0,1
3077,282,M,PhD,75,Other,77,83,Assoc,0,2633.0,2
3078,282,M,PhD,75,Other,77,84,Assoc,0,2851.0,2
3079,282,M,PhD,75,Other,77,85,Assoc,0,2851.0,2
3080,282,M,PhD,75,Other,77,86,Assoc,0,3293.0,2
3081,282,M,PhD,75,Other,77,87,Assoc,0,3458.0,2
3082,282,M,PhD,75,Other,77,88,Assoc,0,3508.0,2
3083,282,M,PhD,75,Other,77,89,Assoc,0,3754.0,2
3084,282,M,PhD,75,Other,77,90,Assoc,0,3929.0,2
3085,282,M,PhD,75,Other,77,91,Assoc,0,4112.0,2
3086,282,M,PhD,75,Other,77,92,Assoc,0,4231.0,2
3087,282,M,PhD,75,Other,77,93,Assoc,0,4231.0,2
3088,282,M,PhD,75,Other,77,94,Assoc,0,4231.0,2
3089,282,M,PhD,75,Other,77,95,Assoc,0,4231.0,2
3090,283,F,PhD,82,Other,86,86,Assist,0,2692.0,1
3091,283,F,PhD,82,Other,86,87,Assist,0,2828.0,1
3092,283,F,PhD,82,Other,86,88,Assist,0,2995.0,1
3093,283,F,PhD,82,Other,86,89,Assist,0,3344.0,1
3094,283,F,PhD,82,Other,86,90,Assist,0,3551.0,1
3095,283,F,PhD,82,Other,86,91,Assist,0,3769.0,1
3096,283,F,PhD,82,Other,86,92,Assoc,0,4106.0,2
3097,283,F,PhD,82,Other,86,93,Assoc,0,4225.0,2
3098,283,F,PhD,82,Other,86,94,Assoc,0,4225.0,2
3099,283,F,PhD,82,Other,86,95,Assoc,0,4286.0,2
3100,284,F,PhD,87,Other,88,88,Assist,0,3174.0,1
3101,284,F,PhD,87,Other,88,89,Assist,0,3208.0,1
3102,284,F,PhD,87,Other,88,90,Assist,0,3455.0,1
3103,284,F,PhD,87,Other,88,91,Assist,0,3615.0,1
3104,284,F,PhD,87,Other,88,92,Assist,0,3667.0,1
3105,284,F,PhD,87,Other,88,93,Assist,0,3828.0,1
3106,284,F,PhD,87,Other,88,94,Assoc,0,3939.0,2
3107,284,F,PhD,87,Other,88,95,Assoc,1,4544.0,2
3108,286,M,PhD,86,Prof,88,88,Assist,0,2913.0,1
3109,286,M,PhD,86,Prof,88,89,Assist,0,3301.0,1
3110,286,M,PhD,86,Prof,88,90,Assist,0,3658.0,1
3111,286,M,PhD,86,Prof,88,91,Assist,0,3828.0,1
3112,286,M,PhD,86,Prof,88,92,Assist,0,3996.0,1
3113,286,M,PhD,86,Prof,88,93,Assist,0,4353.0,1
3114,286,M,PhD,86,Prof,88,94,Assoc,0,4480.0,2
3115,286,M,PhD,86,Prof,88,95,Assoc,0,4676.0,2
3116,287,F,PhD,59,Prof,59,76,Full,0,2340.0,3
3117,287,F,PhD,59,Prof,59,77,Full,0,2550.746,3
3118,287,F,PhD,59,Prof,59,78,Full,0,2748.0,3
3119,287,F,PhD,59,Prof,59,79,Full,0,3087.0,3
3120,287,F,PhD,59,Prof,59,80,Full,0,3305.0,3
3121,287,F,PhD,59,Prof,59,81,Full,0,3671.0,3
3122,287,F,PhD,59,Prof,59,82,Full,0,3831.0,3
3123,287,F,PhD,59,Prof,59,83,Full,0,4160.0,3
3124,287,F,PhD,59,Prof,59,84,Full,0,4442.0,3
3125,287,F,PhD,59,Prof,59,85,Full,0,4442.0,3
3126,287,F,PhD,59,Prof,59,86,Full,0,4985.0,3
3127,287,F,PhD,59,Prof,59,87,Full,0,5235.0,3
3128,287,F,PhD,59,Prof,59,88,Full,0,5235.0,3
3129,287,F,PhD,59,Prof,59,89,Full,0,5601.0,3
3130,287,F,PhD,59,Prof,59,90,Full,0,5780.597,3
3131,287,F,PhD,59,Prof,59,91,Full,0,5962.0,3
3132,287,F,PhD,59,Prof,59,92,Full,0,6048.0,3
3133,287,F,PhD,59,Prof,59,93,Full,0,6223.0,3
3134,287,F,PhD,59,Prof,59,94,Full,0,6223.0,3
3135,287,F,PhD,59,Prof,59,95,Full,0,6404.0,3
3136,288,M,PhD,70,Prof,91,91,Full,1,9167.0,3
3137,288,M,PhD,70,Prof,91,92,Full,1,9167.0,3
3138,288,M,PhD,70,Prof,91,93,Full,1,9408.0,3
3139,288,M,PhD,70,Prof,91,94,Full,1,9408.0,3
3140,288,M,PhD,70,Prof,91,95,Full,0,9681.0,3
3141,289,M,PhD,85,Other,85,85,Assist,0,4256.0,1
3142,289,M,PhD,85,Other,85,86,Assist,0,4383.0,1
3143,289,M,PhD,85,Other,85,87,Assist,0,4603.0,1
3144,289,M,PhD,85,Other,85,88,Assist,0,4603.0,1
3145,289,M,PhD,85,Other,85,89,Assist,0,4925.0,1
3146,289,M,PhD,85,Other,85,90,Assist,0,5155.0,1
3147,289,M,PhD,85,Other,85,91,Assoc,0,6135.0,2
3148,289,M,PhD,85,Other,85,92,Assoc,0,6496.0,2
3149,289,M,PhD,85,Other,85,93,Assoc,0,6781.0,2
3150,289,M,PhD,85,Other,85,94,Assoc,0,6781.0,2
3151,289,M,PhD,85,Other,85,95,Assoc,0,7008.0,2
3152,290,F,PhD,82,Other,91,91,Assist,0,3509.0,1
3153,290,F,PhD,82,Other,91,92,Assoc,0,4112.0,2
3154,290,F,PhD,82,Other,91,93,Assoc,0,3878.0,2
3155,290,F,PhD,82,Other,91,94,Assoc,0,3878.0,2
3156,290,F,PhD,82,Other,91,95,Assoc,0,4165.0,2
3157,291,M,PhD,78,Prof,81,81,Assist,0,2667.0,1
3158,291,M,PhD,78,Prof,81,82,Assist,0,3005.0,1
3159,291,M,PhD,78,Prof,81,83,Assist,0,3455.0,1
3160,291,M,PhD,78,Prof,81,84,Assoc,0,4135.0,2
3161,291,M,PhD,78,Prof,81,85,Assoc,0,4135.0,2
3162,291,M,PhD,78,Prof,81,89,Full,0,6940.0,3
3163,291,M,PhD,78,Prof,81,90,Full,0,7265.0,3
3164,291,M,PhD,78,Prof,81,91,Full,0,7712.0,3
3165,291,M,PhD,78,Prof,81,92,Full,0,8049.0,3
3166,291,M,PhD,78,Prof,81,93,Full,1,8283.0,3
3167,291,M,PhD,78,Prof,81,94,Full,0,8283.0,3
3168,291,M,PhD,78,Prof,81,95,Full,0,8646.0,3
3169,292,M,PhD,88,Other,91,91,Assist,0,3559.0,1
3170,292,M,PhD,88,Other,91,92,Assist,0,3663.0,1
3171,292,M,PhD,88,Other,91,93,Assist,0,3769.0,1
3172,292,M,PhD,88,Other,91,94,Assist,0,3769.0,1
3173,292,M,PhD,88,Other,91,95,Assist,0,4106.0,1
3174,293,M,PhD,84,Other,84,84,Assist,0,3063.0,1
3175,293,M,PhD,84,Other,84,85,Assist,0,3063.0,1
3176,293,M,PhD,84,Other,84,86,Assist,0,3155.0,1
3177,293,M,PhD,84,Other,84,87,Assist,0,3313.0,1
3178,293,M,PhD,84,Other,84,89,Assist,0,3808.0,1
3179,293,M,PhD,84,Other,84,90,Assoc,0,4160.0,2
3180,293,M,PhD,84,Other,84,91,Assoc,0,4353.0,2
3181,293,M,PhD,84,Other,84,92,Assoc,0,4480.0,2
3182,293,M,PhD,84,Other,84,93,Assoc,0,4610.0,2
3183,293,M,PhD,84,Other,84,94,Assoc,0,4610.0,2
3184,293,M,PhD,84,Other,84,95,Assoc,0,4881.0,2
3185,294,F,PhD,68,Arts,72,76,Assist,0,1472.0,1
3186,294,F,PhD,68,Arts,72,77,Assist,0,1644.0,1
3187,294,F,PhD,68,Arts,72,78,Assist,0,1791.0,1
3188,294,F,PhD,68,Arts,72,79,Assist,0,1999.0,1
3189,294,F,PhD,68,Arts,72,80,Assoc,0,2162.0,2
3190,294,F,PhD,68,Arts,72,82,Assoc,0,2460.0,2
3191,294,F,PhD,68,Arts,72,83,Assoc,0,2708.0,2
3192,294,F,PhD,68,Arts,72,84,Assoc,0,2892.0,2
3193,294,F,PhD,68,Arts,72,85,Assoc,0,2892.0,2
3194,294,F,PhD,68,Arts,72,86,Assoc,0,3155.0,2
3195,294,F,PhD,68,Arts,72,87,Assoc,0,3313.0,2
3196,294,F,PhD,68,Arts,72,88,Assoc,0,3313.0,2
3197,294,F,PhD,68,Arts,72,89,Assoc,0,3700.0,2
3198,294,F,PhD,68,Arts,72,90,Assoc,1,4405.0,2
3199,294,F,PhD,68,Arts,72,91,Assoc,1,4676.0,2
3200,294,F,PhD,68,Arts,72,92,Assoc,1,4812.0,2
3201,294,F,PhD,68,Arts,72,93,Assoc,1,5168.0,2
3202,294,F,PhD,68,Arts,72,94,Assoc,1,5168.0,2
3203,294,F,PhD,68,Arts,72,95,Assoc,0,5394.0,2
3204,295,M,PhD,72,Prof,72,76,Assist,0,1487.0,1
3205,295,M,PhD,72,Prof,72,77,Assist,0,1675.0,1
3206,295,M,PhD,72,Prof,72,78,Assoc,0,1815.0,2
3207,295,M,PhD,72,Prof,72,79,Assoc,0,2249.0,2
3208,295,M,PhD,72,Prof,72,80,Assoc,0,2505.0,2
3209,295,M,PhD,72,Prof,72,81,Assoc,0,2834.0,2
3210,295,M,PhD,72,Prof,72,82,Assoc,0,2959.0,2
3211,295,M,PhD,72,Prof,72,83,Assoc,0,3353.0,2
3212,295,M,PhD,72,Prof,72,84,Assoc,0,3581.0,2
3213,295,M,PhD,72,Prof,72,85,Assoc,0,3581.0,2
3214,295,M,PhD,72,Prof,72,86,Assoc,0,4018.0,2
3215,295,M,PhD,72,Prof,72,87,Assoc,0,4220.0,2
3216,295,M,PhD,72,Prof,72,88,Full,0,4731.0,3
3217,295,M,PhD,72,Prof,72,89,Full,0,5208.0,3
3218,295,M,PhD,72,Prof,72,90,Full,0,5940.0,3
3219,295,M,PhD,72,Prof,72,91,Full,0,6878.0,3
3220,295,M,PhD,72,Prof,72,92,Full,0,7283.0,3
3221,295,M,PhD,72,Prof,72,93,Full,0,7602.0,3
3222,295,M,PhD,72,Prof,72,94,Full,0,7602.0,3
3223,295,M,PhD,72,Prof,72,95,Full,0,8049.0,3
3224,296,M,PhD,72,Other,80,80,Assoc,0,3500.0,2
3225,296,M,PhD,72,Other,80,81,Assoc,0,3943.0,2
3226,296,M,PhD,72,Other,80,82,Full,0,4235.0,3
3227,296,M,PhD,72,Other,80,83,Full,0,4468.0,3
3228,296,M,PhD,72,Other,80,84,Full,1,4841.0,3
3229,296,M,PhD,72,Other,80,85,Full,1,4841.0,3
3230,296,M,PhD,72,Other,80,86,Full,0,5431.0,3
3231,296,M,PhD,72,Other,80,87,Full,0,5703.0,3
3232,296,M,PhD,72,Other,80,88,Full,0,5869.0,3
3233,296,M,PhD,72,Other,80,89,Full,0,6462.0,3
3234,296,M,PhD,72,Other,80,90,Full,0,6764.0,3
3235,296,M,PhD,72,Other,80,91,Full,0,7078.0,3
3236,296,M,PhD,72,Other,80,92,Full,0,7494.0,3
3237,296,M,PhD,72,Other,80,93,Full,0,7712.0,3
3238,296,M,PhD,72,Other,80,94,Full,0,9693.0,3
3239,296,M,PhD,72,Other,80,95,Full,0,9693.0,3
3240,297,F,PhD,85,Other,85,85,Assist,0,3020.0,1
3241,297,F,PhD,85,Other,85,86,Assist,0,3110.0,1
3242,297,F,PhD,85,Other,85,87,Assist,0,3266.0,1
3243,297,F,PhD,85,Other,85,88,Assist,0,3126.0,1
3244,297,F,PhD,85,Other,85,89,Assist,0,3344.0,1
3245,297,F,PhD,85,Other,85,90,Assist,0,3500.0,1
3246,297,F,PhD,85,Other,85,91,Assist,0,3559.0,1
3247,297,F,PhD,85,Other,85,92,Assoc,0,3878.0,2
3248,297,F,PhD,85,Other,85,93,Assoc,0,3934.0,2
3249,297,F,PhD,85,Other,85,94,Assoc,0,3934.0,2
3250,297,F,PhD,85,Other,85,95,Assoc,0,4286.0,2
3251,298,M,PhD,76,Prof,84,84,Assoc,0,3906.0,2
3252,298,M,PhD,76,Prof,84,85,Assoc,0,3906.0,2
3253,298,M,PhD,76,Prof,84,86,Assoc,0,4259.0,2
3254,298,M,PhD,76,Prof,84,87,Assoc,0,4473.0,2
3255,298,M,PhD,76,Prof,84,88,Assoc,0,4669.0,2
3256,298,M,PhD,76,Prof,84,89,Assoc,0,5116.418,2
3257,298,M,PhD,76,Prof,84,90,Full,1,5947.0,3
3258,298,M,PhD,76,Prof,84,91,Full,1,6590.0,3
3259,298,M,PhD,76,Prof,84,92,Full,1,7283.0,3
3260,298,M,PhD,76,Prof,84,93,Full,1,7602.0,3
3261,298,M,PhD,76,Prof,84,94,Full,1,7602.0,3
3262,298,M,PhD,76,Prof,84,95,Full,1,8283.0,3
3263,299,F,PhD,77,Arts,76,76,Assist,0,1412.0,1
3264,299,F,PhD,77,Arts,76,77,Assist,0,1608.0,1
3265,299,F,PhD,77,Arts,76,78,Assist,0,1680.0,1
3266,299,F,PhD,77,Arts,76,79,Assist,0,1881.0,1
3267,299,F,PhD,77,Arts,76,80,Assist,0,2037.0,1
3268,299,F,PhD,77,Arts,76,81,Assist,0,2225.0,1
3269,299,F,PhD,77,Arts,76,82,Assist,0,2357.0,1
3270,299,F,PhD,77,Arts,76,84,Assoc,0,2851.0,2
3271,299,F,PhD,77,Arts,76,85,Assoc,1,3484.0,2
3272,299,F,PhD,77,Arts,76,86,Assoc,1,3799.0,2
3273,299,F,PhD,77,Arts,76,87,Assoc,1,3990.0,2
3274,299,F,PhD,77,Arts,76,88,Assoc,1,4225.0,2
3275,299,F,PhD,77,Arts,76,89,Assoc,1,4585.0,2
3276,299,F,PhD,77,Arts,76,90,Assoc,0,4869.0,2
3277,299,F,PhD,77,Arts,76,91,Assoc,0,5168.0,2
3278,299,F,PhD,77,Arts,76,92,Assoc,0,5318.0,2
3279,299,F,PhD,77,Arts,76,93,Full,0,5878.0,3
3280,299,F,PhD,77,Arts,76,94,Full,0,5878.0,3
3281,299,F,PhD,77,Arts,76,95,Full,1,6135.0,3
3282,300,M,PhD,64,Prof,67,76,Assoc,0,2232.0,2
3283,300,M,PhD,64,Prof,67,77,Full,0,2543.077,3
3284,300,M,PhD,64,Prof,67,78,Full,0,2671.0,3
3285,300,M,PhD,64,Prof,67,79,Full,0,2986.0,3
3286,300,M,PhD,64,Prof,67,80,Full,0,3190.722,3
3287,300,M,PhD,64,Prof,67,81,Full,0,3671.0,3
3288,300,M,PhD,64,Prof,67,82,Full,0,3831.0,3
3289,300,M,PhD,64,Prof,67,83,Full,0,4468.0,3
3290,300,M,PhD,64,Prof,67,84,Full,0,4841.0,3
3291,300,M,PhD,64,Prof,67,85,Full,0,4841.0,3
3292,300,M,PhD,64,Prof,67,86,Full,0,6002.0,3
3293,300,M,PhD,64,Prof,67,87,Full,0,6304.0,3
3294,300,M,PhD,64,Prof,67,88,Full,0,6394.0,3
3295,300,M,PhD,64,Prof,67,89,Full,0,6842.0,3
3296,300,M,PhD,64,Prof,67,90,Full,0,7583.0,3
3297,300,M,PhD,64,Prof,67,91,Full,0,8049.0,3
3298,300,M,PhD,64,Prof,67,92,Full,0,8402.0,3
3299,300,M,PhD,64,Prof,67,93,Full,0,8646.0,3
3300,300,M,PhD,64,Prof,67,94,Full,0,8646.0,3
3301,300,M,PhD,64,Prof,67,95,Full,0,8896.0,3
3302,301,F,PhD,70,Other,73,76,Assist,0,1910.0,1
3303,301,F,PhD,70,Other,73,77,Assist,0,2058.0,1
3304,301,F,PhD,70,Other,73,78,Assist,0,2176.0,1
3305,301,F,PhD,70,Other,73,79,Assoc,0,2454.0,2
3306,301,F,PhD,70,Other,73,80,Assoc,0,2642.0,2
3307,301,F,PhD,70,Other,73,81,Assoc,0,2823.881,2
3308,301,F,PhD,70,Other,73,82,Assoc,0,2838.0,2
3309,301,F,PhD,70,Other,73,83,Assoc,0,3125.0,2
3310,301,F,PhD,70,Other,73,84,Assoc,0,3386.0,2
3311,301,F,PhD,70,Other,73,85,Assoc,0,3386.0,2
3312,301,F,PhD,70,Other,73,86,Assoc,0,3745.0,2
3313,301,F,PhD,70,Other,73,87,Assoc,0,3933.0,2
3314,301,F,PhD,70,Other,73,88,Assoc,0,3990.0,2
3315,301,F,PhD,70,Other,73,89,Assoc,0,4269.0,2
3316,301,F,PhD,70,Other,73,90,Assoc,0,4468.0,2
3317,301,F,PhD,70,Other,73,91,Assoc,0,4743.0,2
3318,301,F,PhD,70,Other,73,92,Assoc,0,4881.0,2
3319,301,F,PhD,70,Other,73,93,Assoc,0,4951.0,2
3320,301,F,PhD,70,Other,73,94,Assoc,0,4951.0,2
3321,301,F,PhD,70,Other,73,95,Assoc,0,5022.0,2
3322,302,F,PhD,58,Arts,68,76,Assoc,0,1875.0,2
3323,302,F,PhD,58,Arts,68,77,Assoc,0,2019.0,2
3324,302,F,PhD,58,Arts,68,78,Assoc,0,2097.0,2
3325,302,F,PhD,58,Arts,68,79,Assoc,0,2285.0,2
3326,302,F,PhD,58,Arts,68,81,Assoc,0,2567.0,2
3327,302,F,PhD,58,Arts,68,82,Assoc,0,2567.0,2
3328,302,F,PhD,58,Arts,68,83,Assoc,0,2734.848,2
3329,302,F,PhD,58,Arts,68,84,Assoc,0,2770.0,2
3330,302,F,PhD,58,Arts,68,85,Assoc,0,2770.0,2
3331,302,F,PhD,58,Arts,68,86,Assoc,0,2855.0,2
3332,302,F,PhD,58,Arts,68,87,Full,1,3559.0,3
3333,302,F,PhD,58,Arts,68,88,Full,1,3877.0,3
3334,302,F,PhD,58,Arts,68,89,Full,1,4456.0,3
3335,302,F,PhD,58,Arts,68,90,Full,1,4800.0,3
3336,302,F,PhD,58,Arts,68,91,Full,1,5095.0,3
3337,302,F,PhD,58,Arts,68,92,Full,1,5242.0,3
3338,302,F,PhD,58,Arts,68,93,Full,0,5394.0,3
3339,302,F,PhD,58,Arts,68,94,Full,0,5394.0,3
3340,302,F,PhD,58,Arts,68,95,Full,0,5551.0,3
3341,303,M,PhD,77,Other,84,84,Assist,0,3386.0,1
3342,303,M,PhD,77,Other,84,85,Assist,0,3386.0,1
3343,303,M,PhD,77,Other,84,86,Assoc,0,4023.0,2
3344,303,M,PhD,77,Other,84,87,Assoc,0,4225.0,2
3345,303,M,PhD,77,Other,84,88,Assoc,0,4347.0,2
3346,303,M,PhD,77,Other,84,89,Assoc,0,4651.0,2
3347,303,M,PhD,77,Other,84,90,Assoc,0,4869.0,2
3348,303,M,PhD,77,Other,84,91,Assoc,0,5022.0,2
3349,303,M,PhD,77,Other,84,92,Assoc,0,5168.0,2
3350,303,M,PhD,77,Other,84,93,Assoc,0,5318.0,2
3351,303,M,PhD,77,Other,84,94,Assoc,0,5318.0,2
3352,303,M,PhD,77,Other,84,95,Assoc,0,5394.0,2
3353,304,M,PhD,69,Arts,86,86,Full,0,5278.0,3
3354,304,M,PhD,69,Arts,86,87,Full,0,5543.0,3
3355,304,M,PhD,69,Arts,86,88,Full,0,5543.0,3
3356,304,M,PhD,69,Arts,86,89,Full,0,5846.0,3
3357,304,M,PhD,69,Arts,86,90,Full,0,6033.0,3
3358,304,M,PhD,69,Arts,86,91,Full,0,6135.0,3
3359,304,M,PhD,69,Arts,86,92,Full,0,6313.0,3
3360,304,M,PhD,69,Arts,86,93,Full,0,6313.0,3
3361,304,M,PhD,69,Arts,86,94,Full,0,6313.0,3
3362,304,M,PhD,69,Arts,86,95,Full,0,6496.0,3
3363,305,M,PhD,73,Other,70,76,Assoc,0,2112.0,2
3364,305,M,PhD,73,Other,70,77,Assoc,0,2302.0,2
3365,305,M,PhD,73,Other,70,78,Assoc,0,2478.0,2
3366,305,M,PhD,73,Other,70,79,Full,0,2917.0,3
3367,305,M,PhD,73,Other,70,80,Full,0,3156.716,3
3368,305,M,PhD,73,Other,70,81,Full,0,3467.0,3
3369,305,M,PhD,73,Other,70,82,Full,1,3777.0,3
3370,305,M,PhD,73,Other,70,83,Full,1,4042.0,3
3371,305,M,PhD,73,Other,70,84,Full,1,4013.0,3
3372,305,M,PhD,73,Other,70,85,Full,0,4013.0,3
3373,305,M,PhD,73,Other,70,86,Full,0,4775.0,3
3374,305,M,PhD,73,Other,70,87,Full,0,5015.0,3
3375,305,M,PhD,73,Other,70,88,Full,0,5160.0,3
3376,305,M,PhD,73,Other,70,89,Full,0,5522.0,3
3377,305,M,PhD,73,Other,70,90,Full,0,6120.0,3
3378,305,M,PhD,73,Other,70,91,Full,0,6404.0,3
3379,305,M,PhD,73,Other,70,92,Full,0,6590.0,3
3380,305,M,PhD,73,Other,70,93,Full,0,6781.0,3
3381,305,M,PhD,73,Other,70,94,Full,0,6781.0,3
3382,305,M,PhD,73,Other,70,95,Full,0,6977.0,3
3383,306,M,PhD,70,Other,78,78,Assist,0,1912.0,1
3384,306,M,PhD,70,Other,78,79,Assoc,0,2243.0,2
3385,306,M,PhD,70,Other,78,80,Assoc,0,2464.0,2
3386,306,M,PhD,70,Other,78,81,Assoc,0,2681.25,2
3387,306,M,PhD,70,Other,78,82,Assoc,0,2798.0,2
3388,306,M,PhD,70,Other,78,83,Assoc,0,3605.0,2
3389,306,M,PhD,70,Other,78,84,Full,0,3962.0,3
3390,306,M,PhD,70,Other,78,85,Full,0,3962.0,3
3391,306,M,PhD,70,Other,78,86,Full,0,4446.0,3
3392,306,M,PhD,70,Other,78,87,Full,0,4669.0,3
3393,306,M,PhD,70,Other,78,88,Full,0,5015.0,3
3394,306,M,PhD,70,Other,78,89,Full,0,5443.0,3
3395,306,M,PhD,70,Other,78,90,Full,0,6668.0,3
3396,306,M,PhD,70,Other,78,91,Full,0,6781.0,3
3397,306,M,PhD,70,Other,78,92,Full,0,6878.0,3
3398,306,M,PhD,70,Other,78,93,Full,0,7180.0,3
3399,306,M,PhD,70,Other,78,94,Full,0,7180.0,3
3400,306,M,PhD,70,Other,78,95,Full,0,7494.0,3
3401,307,F,PhD,86,Arts,88,88,Assist,0,2751.0,1
3402,307,F,PhD,86,Arts,88,89,Assist,0,3029.0,1
3403,307,F,PhD,86,Arts,88,90,Assist,0,3126.0,1
3404,307,F,PhD,86,Arts,88,91,Assist,0,3271.0,1
3405,307,F,PhD,86,Arts,88,92,Assist,0,3414.0,1
3406,307,F,PhD,86,Arts,88,93,Assist,0,3414.0,1
3407,307,F,PhD,86,Arts,88,94,Assist,0,3414.0,1
3408,307,F,PhD,86,Arts,88,95,Assoc,0,4416.0,2
3409,309,F,PhD,73,Other,75,76,Assist,0,1472.0,1
3410,309,F,PhD,73,Other,75,77,Assist,0,1608.0,1
3411,309,F,PhD,73,Other,75,78,Assist,0,1717.0,1
3412,309,F,PhD,73,Other,75,79,Assist,0,1959.0,1
3413,309,F,PhD,73,Other,75,80,Assist,0,2121.0,1
3414,309,F,PhD,73,Other,75,81,Assoc,0,2460.0,2
3415,309,F,PhD,73,Other,75,82,Assoc,0,2605.0,2
3416,309,F,PhD,73,Other,75,83,Assoc,0,2910.0,2
3417,309,F,PhD,73,Other,75,84,Assoc,0,3152.0,2
3418,309,F,PhD,73,Other,75,85,Assoc,0,3152.0,2
3419,309,F,PhD,73,Other,75,86,Full,0,4023.0,3
3420,309,F,PhD,73,Other,75,87,Full,0,4225.0,3
3421,309,F,PhD,73,Other,75,88,Full,0,4347.0,3
3422,309,F,PhD,73,Other,75,89,Full,0,5763.0,3
3423,309,F,PhD,73,Other,75,90,Full,0,5863.0,3
3424,309,F,PhD,73,Other,75,91,Full,0,6223.0,3
3425,309,F,PhD,73,Other,75,92,Full,0,6404.0,3
3426,309,F,PhD,73,Other,75,93,Full,0,6590.0,3
3427,309,F,PhD,73,Other,75,94,Full,0,6590.0,3
3428,309,F,PhD,73,Other,75,95,Full,0,6781.0,3
3429,310,F,PhD,82,Other,85,85,Assist,0,2848.0,1
3430,310,F,PhD,82,Other,85,86,Assist,0,2933.0,1
3431,310,F,PhD,82,Other,85,87,Assist,0,3082.0,1
3432,310,F,PhD,82,Other,85,88,Assist,0,3171.0,1
3433,310,F,PhD,82,Other,85,89,Assist,0,3441.0,1
3434,310,F,PhD,82,Other,85,90,Assist,0,3706.0,1
3435,310,F,PhD,82,Other,85,91,Assoc,0,4165.0,2
3436,310,F,PhD,82,Other,85,92,Assoc,0,4348.0,2
3437,310,F,PhD,82,Other,85,93,Assoc,0,4538.0,2
3438,310,F,PhD,82,Other,85,94,Assoc,0,4538.0,2
3439,310,F,PhD,82,Other,85,95,Assoc,0,4737.0,2
3440,312,F,PhD,81,Other,86,86,Assist,0,2980.0,1
3441,312,F,PhD,81,Other,86,87,Assist,0,3129.0,1
3442,312,F,PhD,81,Other,86,88,Assist,0,3361.0,1
3443,312,F,PhD,81,Other,86,89,Assoc,0,3863.0,2
3444,312,F,PhD,81,Other,86,90,Assoc,0,4160.0,2
3445,312,F,PhD,81,Other,86,91,Assoc,0,4480.0,2
3446,312,F,PhD,81,Other,86,92,Assoc,0,4743.0,2
3447,312,F,PhD,81,Other,86,93,Full,0,5242.0,3
3448,312,F,PhD,81,Other,86,94,Full,0,5242.0,3
3449,312,F,PhD,81,Other,86,95,Full,0,5551.0,3
3452,315,F,PhD,81,Arts,85,85,Assist,0,2445.0,1
3453,315,F,PhD,81,Arts,85,86,Assist,0,2546.0,1
3454,315,F,PhD,81,Arts,85,87,Assist,0,2674.0,1
3455,315,F,PhD,81,Arts,85,88,Assist,0,2998.0,1
3456,315,F,PhD,81,Arts,85,89,Assoc,0,3596.0,2
3457,315,F,PhD,81,Arts,85,90,Assoc,0,3818.0,2
3458,315,F,PhD,81,Arts,85,91,Assoc,0,4053.0,2
3459,315,F,PhD,81,Arts,85,92,Assoc,0,4231.0,2
3460,315,F,PhD,81,Arts,85,93,Assoc,1,4812.0,2
3461,315,F,PhD,81,Arts,85,94,Full,1,5095.0,3
3462,315,F,PhD,81,Arts,85,95,Full,1,7379.0,3
3463,316,M,PhD,75,Other,72,76,Assist,0,1839.0,1
3464,316,M,PhD,75,Other,72,77,Assist,0,2019.0,1
3465,316,M,PhD,75,Other,72,79,Assoc,0,2454.0,2
3466,316,M,PhD,75,Other,72,80,Assoc,0,2732.0,2
3467,316,M,PhD,75,Other,72,81,Assoc,0,3137.0,2
3468,316,M,PhD,75,Other,72,82,Assoc,0,3354.545,2
3469,316,M,PhD,75,Other,72,83,Assoc,0,3505.0,2
3470,316,M,PhD,75,Other,72,84,Assoc,0,3795.0,2
3471,316,M,PhD,75,Other,72,85,Assoc,0,3795.0,2
3472,316,M,PhD,75,Other,72,86,Assoc,0,3909.0,2
3473,316,M,PhD,75,Other,72,87,Assoc,0,4105.0,2
3474,316,M,PhD,75,Other,72,88,Assoc,0,4165.0,2
3475,316,M,PhD,75,Other,72,89,Assoc,0,4330.0,2
3476,316,M,PhD,75,Other,72,90,Assoc,0,4533.0,2
3477,316,M,PhD,75,Other,72,91,Assoc,0,4676.0,2
3478,316,M,PhD,75,Other,72,92,Assoc,0,4743.0,2
3479,316,M,PhD,75,Other,72,93,Assoc,0,4812.0,2
3480,316,M,PhD,75,Other,72,94,Assoc,0,4812.0,2
3481,316,M,PhD,75,Other,72,95,Assoc,0,4951.0,2
3482,317,M,PhD,95,Other,94,94,Assist,0,4445.0,1
3483,317,M,PhD,95,Other,94,95,Assist,0,4613.0,1
3484,318,M,PhD,80,Other,80,80,Assist,0,1875.0,1
3485,318,M,PhD,80,Other,80,81,Assist,0,2132.0,1
3486,318,M,PhD,80,Other,80,82,Assist,0,2290.0,1
3487,318,M,PhD,80,Other,80,83,Assist,0,2487.0,1
3488,318,M,PhD,80,Other,80,84,Assist,0,2732.0,1
3489,318,M,PhD,80,Other,80,85,Assist,1,2732.0,1
3490,318,M,PhD,80,Other,80,86,Assist,1,2980.0,1
3491,318,M,PhD,80,Other,80,87,Assoc,1,3266.0,2
3492,318,M,PhD,80,Other,80,88,Assoc,1,5015.0,2
3493,318,M,PhD,80,Other,80,89,Assoc,1,5215.0,2
3494,318,M,PhD,80,Other,80,90,Assoc,1,5305.0,2
3495,318,M,PhD,80,Other,80,91,Assoc,0,5712.0,2
3496,318,M,PhD,80,Other,80,92,Assoc,0,5712.0,2
3497,318,M,PhD,80,Other,80,93,Assoc,0,5794.0,2
3498,318,M,PhD,80,Other,80,94,Assoc,0,5794.0,2
3499,318,M,PhD,80,Other,80,95,Assoc,0,5962.0,2
3500,319,M,PhD,85,Other,88,88,Assist,0,3263.0,1
3501,319,M,PhD,85,Other,88,89,Assist,0,3392.0,1
3502,319,M,PhD,85,Other,88,90,Assist,0,3602.0,1
3503,319,M,PhD,85,Other,88,91,Assist,0,3878.0,1
3504,319,M,PhD,85,Other,88,92,Assist,0,4348.0,1
3505,319,M,PhD,85,Other,88,93,Assoc,0,4604.0,2
3506,319,M,PhD,85,Other,88,94,Assoc,0,4604.0,2
3507,319,M,PhD,85,Other,88,95,Assoc,0,4875.0,2
3508,320,M,PhD,67,Other,69,76,Assoc,0,1875.0,2
3509,320,M,PhD,67,Other,69,77,Assoc,0,2086.567,2
3510,320,M,PhD,67,Other,69,78,Full,0,2256.0,3
3511,320,M,PhD,67,Other,69,79,Full,0,2583.0,3
3512,320,M,PhD,67,Other,69,80,Full,0,2810.448,3
3513,320,M,PhD,67,Other,69,81,Full,0,3182.0,3
3514,320,M,PhD,67,Other,69,82,Full,0,3275.0,3
3515,320,M,PhD,67,Other,69,83,Full,0,3605.0,3
3516,320,M,PhD,67,Other,69,84,Full,0,3941.791,3
3517,320,M,PhD,67,Other,69,85,Full,0,3962.0,3
3518,320,M,PhD,67,Other,69,86,Full,0,4775.0,3
3519,320,M,PhD,67,Other,69,87,Full,0,5015.0,3
3520,320,M,PhD,67,Other,69,88,Full,0,5160.0,3
3521,320,M,PhD,67,Other,69,89,Full,0,5495.522,3
3522,320,M,PhD,67,Other,69,90,Full,0,5780.0,3
3523,320,M,PhD,67,Other,69,91,Full,0,6313.0,3
3524,320,M,PhD,67,Other,69,92,Full,0,6496.0,3
3525,320,M,PhD,67,Other,69,93,Full,0,6684.0,3
3526,320,M,PhD,67,Other,69,94,Full,0,6684.0,3
3527,320,M,PhD,67,Other,69,95,Full,0,6977.0,3
3528,321,M,PhD,89,Other,89,89,Assist,0,3208.0,1
3529,321,M,PhD,89,Other,89,90,Assist,0,3263.0,1
3530,321,M,PhD,89,Other,89,91,Assist,0,3414.0,1
3531,321,M,PhD,89,Other,89,92,Assist,0,3564.0,1
3532,321,M,PhD,89,Other,89,93,Assist,0,3720.0,1
3533,321,M,PhD,89,Other,89,94,Assist,0,3720.0,1
3534,321,M,PhD,89,Other,89,95,Assoc,0,4053.0,2
3535,322,F,PhD,88,Other,93,93,Assist,0,3934.0,1
3536,322,F,PhD,88,Other,93,94,Assist,0,3934.0,1
3537,322,F,PhD,88,Other,93,95,Assist,0,5048.0,1
3538,323,M,PhD,89,Other,94,94,Assist,0,3314.0,1
3539,323,M,PhD,89,Other,94,95,Assist,0,3509.0,1
3540,324,M,PhD,64,Arts,67,76,Assoc,1,2053.0,2
3541,324,M,PhD,64,Arts,67,77,Assoc,1,2296.0,2
3542,324,M,PhD,64,Arts,67,78,Assoc,1,2460.0,2
3543,324,M,PhD,64,Arts,67,79,Assoc,1,2715.0,2
3544,324,M,PhD,64,Arts,67,80,Assoc,1,3084.0,2
3545,324,M,PhD,64,Arts,67,81,Full,1,3667.0,3
3546,324,M,PhD,64,Arts,67,82,Full,1,4174.0,3
3547,324,M,PhD,64,Arts,67,83,Full,1,4404.0,3
3548,324,M,PhD,64,Arts,67,84,Full,1,4771.0,3
3549,324,M,PhD,64,Arts,67,85,Full,1,4771.0,3
3550,324,M,PhD,64,Arts,67,86,Full,1,5431.0,3
3551,324,M,PhD,64,Arts,67,87,Full,1,5703.0,3
3552,324,M,PhD,64,Arts,67,88,Full,1,6039.0,3
3553,324,M,PhD,64,Arts,67,89,Full,1,6649.0,3
3554,324,M,PhD,64,Arts,67,90,Full,1,7162.0,3
3555,324,M,PhD,64,Arts,67,91,Full,1,7602.0,3
3556,324,M,PhD,64,Arts,67,92,Full,1,7813.0,3
3557,324,M,PhD,64,Arts,67,93,Full,1,8039.0,3
3558,324,M,PhD,64,Arts,67,94,Full,1,8039.0,3
3559,324,M,PhD,64,Arts,67,95,Full,1,8392.0,3
3560,325,M,PhD,71,Other,75,76,Assist,0,1717.0,1
3561,325,M,PhD,71,Other,75,78,Assist,0,1791.0,1
3562,325,M,PhD,71,Other,75,80,Assoc,0,2290.0,2
3563,325,M,PhD,71,Other,75,81,Assoc,0,2532.0,2
3564,325,M,PhD,71,Other,75,82,Assoc,0,2758.0,2
3565,325,M,PhD,71,Other,75,83,Assoc,0,2939.394,2
3566,325,M,PhD,71,Other,75,84,Full,0,3197.0,3
3567,325,M,PhD,71,Other,75,85,Full,0,3197.0,3
3568,325,M,PhD,71,Other,75,86,Full,0,4081.0,3
3569,325,M,PhD,71,Other,75,87,Full,0,4285.0,3
3570,325,M,PhD,71,Other,75,88,Full,0,4473.0,3
3571,325,M,PhD,71,Other,75,89,Full,0,4786.0,3
3572,325,M,PhD,71,Other,75,90,Full,0,5617.0,3
3573,325,M,PhD,71,Other,75,91,Full,0,6404.0,3
3574,325,M,PhD,71,Other,75,92,Full,0,6781.0,3
3575,325,M,PhD,71,Other,75,93,Full,0,6977.0,3
3576,325,M,PhD,71,Other,75,94,Full,0,6977.0,3
3577,325,M,PhD,71,Other,75,95,Full,0,7180.0,3
3578,327,M,PhD,65,Other,67,76,Assoc,0,1839.0,2
3579,327,M,PhD,65,Other,67,77,Full,0,2216.0,3
3580,327,M,PhD,65,Other,67,78,Full,0,2325.373,3
3581,327,M,PhD,65,Other,67,79,Full,0,2583.0,3
3582,327,M,PhD,65,Other,67,80,Full,0,2732.0,3
3583,327,M,PhD,65,Other,67,81,Full,0,2962.0,3
3584,327,M,PhD,65,Other,67,82,Full,0,3005.0,3
3585,327,M,PhD,65,Other,67,83,Full,0,3262.0,3
3586,327,M,PhD,65,Other,67,84,Full,0,3534.0,3
3587,327,M,PhD,65,Other,67,85,Full,0,3534.0,3
3588,327,M,PhD,65,Other,67,86,Full,0,3640.0,3
3589,327,M,PhD,65,Other,67,87,Full,0,3822.0,3
3590,327,M,PhD,65,Other,67,88,Full,0,3990.0,3
3591,327,M,PhD,65,Other,67,89,Full,0,4520.0,3
3592,327,M,PhD,65,Other,67,90,Full,0,4731.0,3
3593,327,M,PhD,65,Other,67,91,Full,0,4951.0,3
3594,327,M,PhD,65,Other,67,92,Full,0,5022.0,3
3595,327,M,PhD,65,Other,67,93,Full,0,5168.0,3
3596,327,M,PhD,65,Other,67,94,Full,0,5168.0,3
3597,327,M,PhD,65,Other,67,95,Full,0,5318.0,3
3598,328,M,PhD,73,Arts,73,76,Assist,0,1502.0,1
3599,328,M,PhD,73,Arts,73,77,Assist,0,1644.0,1
3600,328,M,PhD,73,Arts,73,78,Assist,0,1717.0,1
3601,328,M,PhD,73,Arts,73,79,Assoc,0,2039.0,2
3602,328,M,PhD,73,Arts,73,80,Assoc,0,2150.746,2
3603,328,M,PhD,73,Arts,73,81,Assoc,0,2357.0,2
3604,328,M,PhD,73,Arts,73,82,Assoc,0,2391.0,2
3605,328,M,PhD,73,Arts,73,83,Assoc,0,2633.0,2
3606,328,M,PhD,73,Arts,73,84,Assoc,0,2935.0,2
3607,328,M,PhD,73,Arts,73,85,Assoc,1,2935.0,2
3608,328,M,PhD,73,Arts,73,86,Assoc,1,3246.0,2
3609,328,M,PhD,73,Arts,73,87,Assoc,1,3409.0,2
3610,328,M,PhD,73,Arts,73,88,Full,0,3877.0,3
3611,328,M,PhD,73,Arts,73,89,Full,0,4393.0,3
3612,328,M,PhD,73,Arts,73,90,Full,0,4468.0,3
3613,328,M,PhD,73,Arts,73,91,Full,0,4743.0,3
3614,328,M,PhD,73,Arts,73,92,Full,0,5168.0,3
3615,328,M,PhD,73,Arts,73,93,Full,0,5318.0,3
3616,328,M,PhD,73,Arts,73,94,Full,0,5318.0,3
3617,328,M,PhD,73,Arts,73,95,Full,0,5631.0,3
3618,329,M,PhD,63,Other,69,76,Full,0,2160.0,3
3619,329,M,PhD,63,Other,69,77,Full,0,2378.0,3
3620,329,M,PhD,63,Other,69,78,Full,0,2502.0,3
3621,329,M,PhD,63,Other,69,79,Full,0,2791.045,3
3622,329,M,PhD,63,Other,69,81,Full,0,3275.0,3
3623,329,M,PhD,63,Other,69,82,Full,0,3322.0,3
3624,329,M,PhD,63,Other,69,83,Full,0,3605.0,3
3625,329,M,PhD,63,Other,69,84,Full,1,3962.0,3
3626,329,M,PhD,63,Other,69,85,Full,1,3962.0,3
3627,329,M,PhD,63,Other,69,86,Full,1,4446.0,3
3628,329,M,PhD,63,Other,69,87,Full,1,4669.0,3
3629,329,M,PhD,63,Other,69,88,Full,1,4805.0,3
3630,329,M,PhD,63,Other,69,89,Full,0,5141.0,3
3631,329,M,PhD,63,Other,69,90,Full,0,5305.0,3
3632,329,M,PhD,63,Other,69,91,Full,0,5551.0,3
3633,329,M,PhD,63,Other,69,92,Full,0,5712.0,3
3634,329,M,PhD,63,Other,69,93,Full,0,5878.0,3
3635,329,M,PhD,63,Other,69,94,Full,0,5878.0,3
3636,329,M,PhD,63,Other,69,95,Full,0,6135.0,3
3637,330,M,PhD,89,Prof,89,89,Assist,0,4651.0,1
3638,330,M,PhD,89,Prof,89,90,Assist,0,4731.0,1
3639,330,M,PhD,89,Prof,89,91,Assist,0,5022.0,1
3640,330,M,PhD,89,Prof,89,92,Assist,0,5095.0,1
3641,330,M,PhD,89,Prof,89,93,Assist,0,5242.0,1
3642,330,M,PhD,89,Prof,89,94,Assist,0,5242.0,1
3643,330,M,PhD,89,Prof,89,95,Assist,0,5394.0,1
3644,331,M,PhD,68,Other,68,76,Assoc,0,1910.0,2
3645,331,M,PhD,68,Other,68,77,Assoc,0,2176.0,2
3646,331,M,PhD,68,Other,68,78,Full,0,2337.0,3
3647,331,M,PhD,68,Other,68,79,Full,0,2583.0,3
3648,331,M,PhD,68,Other,68,80,Full,0,2824.0,3
3649,331,M,PhD,68,Other,68,81,Full,0,3137.0,3
3650,331,M,PhD,68,Other,68,82,Full,0,3260.606,3
3651,331,M,PhD,68,Other,68,83,Full,0,3406.0,3
3652,331,M,PhD,68,Other,68,84,Full,0,3742.0,3
3653,331,M,PhD,68,Other,68,85,Full,0,3742.0,3
3654,331,M,PhD,68,Other,68,86,Full,0,4383.0,3
3655,331,M,PhD,68,Other,68,87,Full,0,4603.0,3
3656,331,M,PhD,68,Other,68,88,Full,0,4736.0,3
3657,331,M,PhD,68,Other,68,89,Full,0,5141.0,3
3658,331,M,PhD,68,Other,68,90,Full,0,5458.0,3
3659,331,M,PhD,68,Other,68,91,Full,0,6048.0,3
3660,331,M,PhD,68,Other,68,92,Full,0,6404.0,3
3661,331,M,PhD,68,Other,68,93,Full,0,6590.0,3
3662,331,M,PhD,68,Other,68,94,Full,0,6590.0,3
3663,331,M,PhD,68,Other,68,95,Full,0,6684.0,3
3664,332,M,PhD,75,Prof,83,83,Assoc,0,2865.0,2
3665,332,M,PhD,75,Prof,83,84,Assoc,0,3016.0,2
3666,332,M,PhD,75,Prof,83,85,Assoc,0,3016.0,2
3667,332,M,PhD,75,Prof,83,86,Assoc,0,3289.0,2
3668,332,M,PhD,75,Prof,83,87,Assoc,0,3455.0,2
3669,332,M,PhD,75,Prof,83,88,Assoc,0,3606.0,2
3670,332,M,PhD,75,Prof,83,89,Assoc,0,4330.0,2
3671,332,M,PhD,75,Prof,83,90,Assoc,0,4533.0,2
3672,332,M,PhD,75,Prof,83,91,Assoc,0,4881.0,2
3673,332,M,PhD,75,Prof,83,92,Assoc,0,5242.0,2
3674,332,M,PhD,75,Prof,83,93,Assoc,0,5472.0,2
3675,332,M,PhD,75,Prof,83,94,Assoc,0,5472.0,2
3676,332,M,PhD,75,Prof,83,95,Assoc,0,5794.0,2
3677,333,F,PhD,89,Other,92,92,Assist,0,3883.0,1
3678,333,F,PhD,89,Other,92,93,Assist,0,3883.0,1
3679,333,F,PhD,89,Other,92,94,Assist,0,3883.0,1
3680,333,F,PhD,89,Other,92,95,Assist,0,3996.0,1
3681,334,F,PhD,92,Other,92,92,Assist,0,7778.0,1
3682,334,F,PhD,92,Other,92,93,Assist,0,7778.0,1
3683,334,F,PhD,92,Other,92,94,Assist,0,7778.0,1
3684,334,F,PhD,92,Other,92,95,Assist,0,8432.0,1
3685,336,M,PhD,78,Other,81,81,Assist,0,2639.0,1
3686,336,M,PhD,78,Other,81,82,Assist,0,2794.0,1
3687,336,M,PhD,78,Other,81,83,Assist,0,3500.0,1
3688,336,M,PhD,78,Other,81,84,Assist,0,3737.0,1
3689,336,M,PhD,78,Other,81,85,Assist,0,3737.0,1
3690,336,M,PhD,78,Other,81,86,Assist,0,4134.0,1
3691,336,M,PhD,78,Other,81,87,Assoc,0,4470.0,2
3692,336,M,PhD,78,Other,81,88,Assoc,0,4573.585,2
3693,336,M,PhD,78,Other,81,89,Assoc,0,4920.0,2
3694,336,M,PhD,78,Other,81,90,Assoc,0,5298.0,2
3695,336,M,PhD,78,Other,81,91,Assoc,0,5624.0,2
3696,336,M,PhD,78,Other,81,92,Assoc,0,5787.0,2
3697,336,M,PhD,78,Other,81,93,Assoc,0,5956.0,2
3698,336,M,PhD,78,Other,81,94,Assoc,0,5955.0,2
3699,336,M,PhD,78,Other,81,95,Assoc,0,5955.0,2
3700,337,M,PhD,85,Other,88,88,Assist,0,3266.0,1
3701,337,M,PhD,85,Other,88,89,Assist,0,3545.0,1
3702,337,M,PhD,85,Other,88,90,Assist,0,3711.0,1
3703,337,M,PhD,85,Other,88,91,Assist,0,3883.0,1
3704,337,M,PhD,85,Other,88,92,Assist,0,3996.0,1
3705,337,M,PhD,85,Other,88,93,Assist,0,4112.0,1
3706,337,M,PhD,85,Other,88,94,Assoc,0,4231.0,2
3707,337,M,PhD,85,Other,88,95,Assoc,0,4544.0,2
3708,338,M,PhD,65,Other,64,76,Full,0,2410.0,3
3709,338,M,PhD,65,Other,64,77,Full,0,3202.0,3
3710,338,M,PhD,65,Other,64,78,Full,1,3340.0,3
3711,338,M,PhD,65,Other,64,79,Full,1,3755.0,3
3712,338,M,PhD,65,Other,64,80,Full,1,4062.0,3
3713,338,M,PhD,65,Other,64,81,Full,1,4548.0,3
3714,338,M,PhD,65,Other,64,82,Full,1,4817.0,3
3715,338,M,PhD,65,Other,64,83,Full,1,6797.015,3
3716,338,M,PhD,65,Other,64,84,Full,1,5746.0,3
3717,338,M,PhD,65,Other,64,85,Full,1,5746.0,3
3718,338,M,PhD,65,Other,64,86,Full,1,6356.0,3
3719,338,M,PhD,65,Other,64,87,Full,1,6675.0,3
3720,338,M,PhD,65,Other,64,88,Full,0,7067.0,3
3721,338,M,PhD,65,Other,64,89,Full,0,7525.373,3
3722,338,M,PhD,65,Other,64,90,Full,0,7915.0,3
3723,338,M,PhD,65,Other,64,91,Full,0,8283.0,3
3724,338,M,PhD,65,Other,64,92,Full,0,8523.0,3
3725,338,M,PhD,65,Other,64,93,Full,0,8770.0,3
3726,338,M,PhD,65,Other,64,94,Full,0,8770.0,3
3727,338,M,PhD,65,Other,64,95,Full,0,9025.0,3
3728,339,M,PhD,71,Other,79,79,Assoc,0,2250.0,2
3729,339,M,PhD,71,Other,79,80,Assoc,0,2418.0,2
3730,339,M,PhD,71,Other,79,81,Assoc,0,2667.0,2
3731,339,M,PhD,71,Other,79,82,Full,0,2917.0,3
3732,339,M,PhD,71,Other,79,83,Full,0,3077.0,3
3733,339,M,PhD,71,Other,79,84,Full,1,3844.0,3
3734,339,M,PhD,71,Other,79,85,Full,0,3479.0,3
3735,339,M,PhD,71,Other,79,86,Full,0,3961.0,3
3736,339,M,PhD,71,Other,79,87,Full,0,4160.0,3
3737,339,M,PhD,71,Other,79,88,Full,0,4343.0,3
3738,339,M,PhD,71,Other,79,89,Full,0,4645.0,3
3739,339,M,PhD,71,Other,79,90,Full,0,4863.0,3
3740,339,M,PhD,71,Other,79,91,Full,0,5834.0,3
3741,339,M,PhD,71,Other,79,92,Full,0,6216.0,3
3742,339,M,PhD,71,Other,79,93,Full,0,6488.0,3
3743,339,M,PhD,71,Other,79,94,Full,0,6488.0,3
3744,339,M,PhD,71,Other,79,95,Full,0,6772.0,3
3745,340,M,PhD,68,Prof,76,76,Assist,0,1588.0,1
3746,340,M,PhD,68,Prof,76,77,Assist,0,1732.0,1
3747,340,M,PhD,68,Prof,76,79,Assoc,0,2150.0,2
3748,340,M,PhD,68,Prof,76,80,Assoc,0,2344.0,2
3749,340,M,PhD,68,Prof,76,81,Assoc,0,2565.0,2
3750,340,M,PhD,68,Prof,76,82,Assoc,0,2676.0,2
3751,340,M,PhD,68,Prof,76,83,Assoc,0,2824.0,2
3752,340,M,PhD,68,Prof,76,84,Assoc,0,3059.0,2
3753,340,M,PhD,68,Prof,76,85,Assoc,0,3059.0,2
3754,340,M,PhD,68,Prof,76,86,Assoc,0,3433.0,2
3755,340,M,PhD,68,Prof,76,87,Assoc,0,3606.0,2
3756,340,M,PhD,68,Prof,76,88,Assoc,0,3606.0,2
3757,340,M,PhD,68,Prof,76,89,Assoc,0,3913.0,2
3758,340,M,PhD,68,Prof,76,90,Full,0,4155.0,3
3759,340,M,PhD,68,Prof,76,91,Full,0,4604.0,3
3760,340,M,PhD,68,Prof,76,92,Full,0,4945.0,3
3761,340,M,PhD,68,Prof,76,93,Full,0,5162.0,3
3762,340,M,PhD,68,Prof,76,94,Full,0,5162.0,3
3763,340,M,PhD,68,Prof,76,95,Full,0,5472.0,3
3764,341,M,PhD,77,Prof,77,77,Assist,0,1639.773,1
3765,341,M,PhD,77,Prof,77,78,Assist,0,1791.0,1
3766,341,M,PhD,77,Prof,77,79,Assist,0,2120.0,1
3767,341,M,PhD,77,Prof,77,80,Assist,0,2597.0,1
3768,341,M,PhD,77,Prof,77,81,Assoc,0,2962.0,2
3769,341,M,PhD,77,Prof,77,82,Assoc,0,3137.0,2
3770,341,M,PhD,77,Prof,77,83,Assoc,0,3872.0,2
3771,341,M,PhD,77,Prof,77,84,Assoc,0,4135.0,2
3772,341,M,PhD,77,Prof,77,85,Full,0,4256.0,3
3773,341,M,PhD,77,Prof,77,86,Full,0,5278.0,3
3774,341,M,PhD,77,Prof,77,87,Full,0,5543.0,3
3775,341,M,PhD,77,Prof,77,88,Full,0,5786.0,3
3776,341,M,PhD,77,Prof,77,89,Full,0,6370.0,3
3777,341,M,PhD,77,Prof,77,90,Full,0,7265.0,3
3778,341,M,PhD,77,Prof,77,91,Full,0,7823.0,3
3779,341,M,PhD,77,Prof,77,92,Full,0,8165.0,3
3780,341,M,PhD,77,Prof,77,93,Full,0,8523.0,3
3781,341,M,PhD,77,Prof,77,94,Full,0,8523.0,3
3782,341,M,PhD,77,Prof,77,95,Full,0,8896.0,3
3783,342,M,PhD,53,Other,91,91,Assist,0,3361.573,1
3784,342,M,PhD,53,Other,91,92,Assist,0,3362.0,1
3785,342,M,PhD,53,Other,91,93,Assist,0,3410.0,1
3786,342,M,PhD,53,Other,91,94,Assist,0,3410.0,1
3787,342,M,PhD,53,Other,91,95,Assist,0,3459.0,1
3788,344,M,PhD,71,Other,73,76,Assist,0,1570.0,1
3789,344,M,PhD,71,Other,73,77,Assist,0,1746.0,1
3790,344,M,PhD,71,Other,73,78,Assoc,0,1887.0,2
3791,344,M,PhD,71,Other,73,79,Assoc,0,2095.0,2
3792,344,M,PhD,71,Other,73,80,Assoc,0,2258.0,2
3793,344,M,PhD,71,Other,73,81,Assoc,0,2457.0,2
3794,344,M,PhD,71,Other,73,82,Assoc,0,2481.818,2
3795,344,M,PhD,71,Other,73,83,Assoc,0,2630.0,2
3796,344,M,PhD,71,Other,73,84,Assoc,0,2848.0,2
3797,344,M,PhD,71,Other,73,85,Full,0,2931.0,3
3798,344,M,PhD,71,Other,73,86,Full,0,3384.0,3
3799,344,M,PhD,71,Other,73,87,Full,0,3555.0,3
3800,344,M,PhD,71,Other,73,88,Full,0,3764.0,3
3801,344,M,PhD,71,Other,73,89,Full,1,4515.0,3
3802,344,M,PhD,71,Other,73,90,Full,0,4725.0,3
3803,344,M,PhD,71,Other,73,91,Full,0,5236.0,3
3804,344,M,PhD,71,Other,73,92,Full,0,5388.0,3
3805,344,M,PhD,71,Other,73,93,Full,0,5544.0,3
3806,344,M,PhD,71,Other,73,94,Full,0,5544.0,3
3807,344,M,PhD,71,Other,73,95,Full,0,5870.0,3
3808,346,M,PhD,83,Prof,91,91,Assist,0,2956.0,1
3809,346,M,PhD,83,Prof,91,92,Assist,0,3130.0,1
3810,346,M,PhD,83,Prof,91,93,Assist,0,3221.0,1
3811,346,M,PhD,83,Prof,91,94,Assist,0,3221.0,1
3812,346,M,PhD,83,Prof,91,95,Assist,0,3362.0,1
3813,347,M,PhD,86,Other,93,93,Assist,0,3559.0,1
3814,347,M,PhD,86,Other,93,94,Assist,0,3559.0,1
3815,347,M,PhD,86,Other,93,95,Assist,0,3769.0,1
3816,348,M,PhD,61,Prof,67,76,Full,0,2482.0,3
3817,348,M,PhD,61,Prof,67,77,Full,0,2757.0,3
3818,348,M,PhD,61,Prof,67,78,Full,0,2888.0,3
3819,348,M,PhD,61,Prof,67,79,Full,0,3267.0,3
3820,348,M,PhD,61,Prof,67,80,Full,0,3496.0,3
3821,348,M,PhD,61,Prof,67,81,Full,0,4057.0,3
3822,348,M,PhD,61,Prof,67,82,Full,0,4235.0,3
3823,348,M,PhD,61,Prof,67,83,Full,0,4598.0,3
3824,348,M,PhD,61,Prof,67,84,Full,0,4981.0,3
3825,348,M,PhD,61,Prof,67,85,Full,0,4981.0,3
3826,348,M,PhD,61,Prof,67,86,Full,0,6265.0,3
3827,348,M,PhD,61,Prof,67,87,Full,0,6580.0,3
3828,348,M,PhD,61,Prof,67,88,Full,0,6675.0,3
3829,348,M,PhD,61,Prof,67,89,Full,0,7349.0,3
3830,348,M,PhD,61,Prof,67,90,Full,0,8381.0,3
3831,348,M,PhD,61,Prof,67,91,Full,0,8896.0,3
3832,348,M,PhD,61,Prof,67,92,Full,1,9833.0,3
3833,348,M,PhD,61,Prof,67,93,Full,1,10118.0,3
3834,348,M,PhD,61,Prof,67,94,Full,1,10118.0,3
3835,348,M,PhD,61,Prof,67,95,Full,1,10411.0,3
3836,349,F,PhD,59,Other,71,76,Assoc,0,1773.0,2
3837,349,F,PhD,59,Other,71,77,Assoc,0,1980.0,2
3838,349,F,PhD,59,Other,71,78,Assoc,0,2097.0,2
3839,349,F,PhD,59,Other,71,79,Assoc,0,2369.0,2
3840,349,F,PhD,59,Other,71,80,Assoc,0,2597.0,2
3841,349,F,PhD,59,Other,71,81,Assoc,0,3322.0,2
3842,349,F,PhD,59,Other,71,82,Full,0,3417.0,3
3843,349,F,PhD,59,Other,71,84,Full,0,4018.0,3
3844,349,F,PhD,59,Other,71,85,Full,0,4018.0,3
3845,349,F,PhD,59,Other,71,86,Full,0,4844.0,3
3846,349,F,PhD,59,Other,71,87,Full,1,5087.0,3
3847,349,F,PhD,59,Other,71,88,Full,0,5387.0,3
3848,349,F,PhD,59,Other,71,89,Full,0,5846.0,3
3849,349,F,PhD,59,Other,71,90,Full,0,6208.0,3
3850,349,F,PhD,59,Other,71,91,Full,0,6590.0,3
3851,349,F,PhD,59,Other,71,92,Full,0,6878.0,3
3852,349,F,PhD,59,Other,71,93,Full,0,7283.0,3
3853,349,F,PhD,59,Other,71,94,Full,0,7283.0,3
3854,349,F,PhD,59,Other,71,95,Full,0,7602.0,3
3855,350,M,PhD,69,Prof,76,76,Assoc,0,1900.0,2
3856,350,M,PhD,69,Prof,76,77,Assoc,0,2058.0,2
3857,350,M,PhD,69,Prof,76,78,Assoc,0,2176.0,2
3858,350,M,PhD,69,Prof,76,79,Assoc,0,2454.0,2
3859,350,M,PhD,69,Prof,76,80,Full,0,2732.0,3
3860,350,M,PhD,69,Prof,76,81,Full,0,3182.0,3
3861,350,M,PhD,69,Prof,76,82,Full,0,3417.0,3
3862,350,M,PhD,69,Prof,76,83,Full,0,4101.0,3
3863,350,M,PhD,69,Prof,76,84,Full,0,4505.0,3
3864,350,M,PhD,69,Prof,76,85,Full,0,4505.0,3
3865,350,M,PhD,69,Prof,76,86,Full,0,5917.0,3
3866,350,M,PhD,69,Prof,76,87,Full,0,6214.0,3
3867,350,M,PhD,69,Prof,76,88,Full,0,6214.0,3
3868,350,M,PhD,69,Prof,76,89,Full,0,6745.0,3
3869,350,M,PhD,69,Prof,76,90,Full,0,7692.0,3
3870,350,M,PhD,69,Prof,76,91,Full,0,8049.0,3
3871,350,M,PhD,69,Prof,76,92,Full,0,8165.0,3
3872,350,M,PhD,69,Prof,76,93,Full,0,8283.0,3
3873,350,M,PhD,69,Prof,76,94,Full,0,8283.0,3
3874,350,M,PhD,69,Prof,76,95,Full,0,8402.0,3
3875,351,M,PhD,74,Other,71,76,Assist,0,1878.0,1
3876,351,M,PhD,74,Other,71,77,Assist,0,2067.0,1
3877,351,M,PhD,74,Other,71,78,Assoc,0,2222.0,2
3878,351,M,PhD,74,Other,71,79,Assoc,0,2611.0,2
3879,351,M,PhD,74,Other,71,81,Assoc,0,3228.0,2
3880,351,M,PhD,74,Other,71,82,Assoc,0,3322.0,2
3881,351,M,PhD,74,Other,71,83,Assoc,1,4041.0,2
3882,351,M,PhD,74,Other,71,84,Assoc,1,4505.0,2
3883,351,M,PhD,74,Other,71,85,Full,1,4626.0,3
3884,351,M,PhD,74,Other,71,86,Full,0,5751.0,3
3885,351,M,PhD,74,Other,71,87,Full,0,6039.0,3
3886,351,M,PhD,74,Other,71,88,Full,0,6039.0,3
3887,351,M,PhD,74,Other,71,89,Full,0,6370.0,3
3888,351,M,PhD,74,Other,71,90,Full,0,6573.0,3
3889,351,M,PhD,74,Other,71,91,Full,0,7180.0,3
3890,351,M,PhD,74,Other,71,92,Full,0,7494.0,3
3891,351,M,PhD,74,Other,71,93,Full,0,7602.0,3
3892,351,M,PhD,74,Other,71,94,Full,0,7602.0,3
3893,351,M,PhD,74,Other,71,95,Full,0,7796.0,3
3894,353,F,PhD,83,Prof,84,84,Assist,0,2851.0,1
3895,353,F,PhD,83,Prof,84,85,Assist,0,2851.0,1
3896,353,F,PhD,83,Prof,84,86,Assist,0,3293.0,1
3897,353,F,PhD,83,Prof,84,87,Assist,0,3458.0,1
3898,353,F,PhD,83,Prof,84,88,Assist,0,3768.0,1
3899,353,F,PhD,83,Prof,84,89,Assoc,0,4393.0,2
3900,353,F,PhD,83,Prof,84,90,Assoc,0,4664.0,2
3901,353,F,PhD,83,Prof,84,91,Assoc,0,4881.0,2
3902,353,F,PhD,83,Prof,84,92,Assoc,0,5022.0,2
3903,353,F,PhD,83,Prof,84,93,Assoc,0,5168.0,2
3904,353,F,PhD,83,Prof,84,94,Assoc,0,5168.0,2
3905,353,F,PhD,83,Prof,84,95,Assoc,0,5242.0,2
3906,354,M,PhD,68,Other,88,88,Full,0,7483.0,3
3907,354,M,PhD,68,Other,88,89,Full,0,7562.0,3
3908,354,M,PhD,68,Other,88,90,Full,0,7915.0,3
3909,354,M,PhD,68,Other,88,91,Full,0,8283.0,3
3910,354,M,PhD,68,Other,88,92,Full,0,8523.0,3
3911,354,M,PhD,68,Other,88,93,Full,0,8770.0,3
3912,354,M,PhD,68,Other,88,94,Full,0,8770.0,3
3913,354,M,PhD,68,Other,88,95,Full,0,9154.0,3
3914,355,M,PhD,88,Prof,88,88,Assist,0,4043.0,1
3915,355,M,PhD,88,Prof,88,89,Assist,0,4203.0,1
3916,355,M,PhD,88,Prof,88,90,Assist,0,4592.0,1
3917,355,M,PhD,88,Prof,88,91,Assist,0,4945.0,1
3918,355,M,PhD,88,Prof,88,92,Assist,0,5088.0,1
3919,355,M,PhD,88,Prof,88,93,Assist,0,5311.0,1
3920,355,M,PhD,88,Prof,88,94,Assist,0,5311.0,1
3921,355,M,PhD,88,Prof,88,95,Assist,0,5705.0,1
3922,356,M,PhD,72,Other,72,76,Assoc,0,1822.0,2
3923,356,M,PhD,72,Other,72,77,Assoc,0,2036.0,2
3924,356,M,PhD,72,Other,72,78,Assoc,0,2165.0,2
3925,356,M,PhD,72,Other,72,79,Assoc,0,2454.0,2
3926,356,M,PhD,72,Other,72,80,Full,0,2761.0,3
3927,356,M,PhD,72,Other,72,81,Full,0,3092.0,3
3928,356,M,PhD,72,Other,72,82,Full,0,3226.667,3
3929,356,M,PhD,72,Other,72,83,Full,0,3406.0,3
3930,356,M,PhD,72,Other,72,84,Full,0,3742.0,3
3931,356,M,PhD,72,Other,72,85,Full,0,3742.0,3
3932,356,M,PhD,72,Other,72,86,Full,0,4383.0,3
3933,356,M,PhD,72,Other,72,87,Full,0,4603.0,3
3934,356,M,PhD,72,Other,72,88,Full,0,4805.0,3
3935,356,M,PhD,72,Other,72,89,Full,0,5215.0,3
3936,356,M,PhD,72,Other,72,90,Full,0,5458.0,3
3937,356,M,PhD,72,Other,72,91,Full,0,5794.0,3
3938,356,M,PhD,72,Other,72,92,Full,0,6135.0,3
3939,356,M,PhD,72,Other,72,93,Full,0,6313.0,3
3940,356,M,PhD,72,Other,72,94,Full,0,6313.0,3
3941,356,M,PhD,72,Other,72,95,Full,0,6590.0,3
3942,357,F,PhD,93,Other,92,92,Assist,0,6404.0,1
3943,357,F,PhD,93,Other,92,93,Assist,0,6404.0,1
3944,357,F,PhD,93,Other,92,94,Assist,0,6404.0,1
3945,357,F,PhD,93,Other,92,95,Assist,0,6786.0,1
3946,358,M,PhD,73,Other,73,76,Assist,0,1713.0,1
3947,358,M,PhD,73,Other,73,77,Assist,0,1904.0,1
3948,358,M,PhD,73,Other,73,78,Assist,0,1980.0,1
3949,358,M,PhD,73,Other,73,79,Assist,0,2202.0,1
3950,358,M,PhD,73,Other,73,80,Assist,0,2464.0,1
3951,358,M,PhD,73,Other,73,81,Assoc,0,2758.0,2
3952,358,M,PhD,73,Other,73,82,Assoc,0,2879.0,2
3953,358,M,PhD,73,Other,73,83,Assoc,0,3037.0,2
3954,358,M,PhD,73,Other,73,84,Assoc,0,3197.0,2
3955,358,M,PhD,73,Other,73,85,Assoc,0,3197.0,2
3956,358,M,PhD,73,Other,73,86,Assoc,0,3487.0,2
3957,358,M,PhD,73,Other,73,87,Assoc,0,3662.0,2
3958,358,M,PhD,73,Other,73,88,Assoc,0,3768.0,2
3959,358,M,PhD,73,Other,73,89,Assoc,0,4032.0,2
3960,358,M,PhD,73,Other,73,90,Assoc,0,4220.0,2
3961,358,M,PhD,73,Other,73,91,Assoc,0,4480.0,2
3962,358,M,PhD,73,Other,73,92,Assoc,0,4610.0,2
3963,358,M,PhD,73,Other,73,93,Assoc,0,4743.0,2
3964,358,M,PhD,73,Other,73,94,Assoc,0,4743.0,2
3965,358,M,PhD,73,Other,73,95,Assoc,0,4951.0,2
3966,359,M,PhD,83,Arts,84,84,Assist,0,2301.0,1
3967,359,M,PhD,83,Arts,84,85,Assist,0,2301.0,1
3968,359,M,PhD,83,Arts,84,86,Assist,0,2658.0,1
3969,359,M,PhD,83,Arts,84,87,Assist,0,2791.0,1
3970,359,M,PhD,83,Arts,84,88,Assist,0,2913.0,1
3971,359,M,PhD,83,Arts,84,89,Assist,0,3254.0,1
3972,359,M,PhD,83,Arts,84,90,Assoc,0,3658.0,2
3973,359,M,PhD,83,Arts,84,91,Assoc,0,4112.0,2
3974,359,M,PhD,83,Arts,84,92,Assoc,0,4353.0,2
3975,359,M,PhD,83,Arts,84,93,Assoc,0,4480.0,2
3976,359,M,PhD,83,Arts,84,94,Assoc,0,4480.0,2
3977,359,M,PhD,83,Arts,84,95,Assoc,0,4676.0,2
3978,360,M,PhD,83,Prof,87,87,Assist,0,4473.0,1
3979,360,M,PhD,83,Prof,87,88,Assist,0,4603.0,1
3980,360,M,PhD,83,Prof,87,89,Assoc,0,5141.0,2
3981,360,M,PhD,83,Prof,87,90,Assoc,0,5780.0,2
3982,360,M,PhD,83,Prof,87,91,Assoc,0,6135.0,2
3983,360,M,PhD,83,Prof,87,92,Full,0,6590.0,3
3984,360,M,PhD,83,Prof,87,93,Full,0,6878.0,3
3985,360,M,PhD,83,Prof,87,94,Full,0,6878.0,3
3986,360,M,PhD,83,Prof,87,95,Full,0,7180.0,3
3987,361,M,PhD,72,Other,74,76,Assist,0,1412.0,1
3988,361,M,PhD,72,Other,74,77,Assist,0,1608.0,1
3989,361,M,PhD,72,Other,74,78,Assist,0,1717.0,1
3990,361,M,PhD,72,Other,74,79,Assist,0,1959.0,1
3991,361,M,PhD,72,Other,74,80,Assoc,0,2205.0,2
3992,361,M,PhD,72,Other,74,81,Assoc,0,2532.0,2
3993,361,M,PhD,72,Other,74,82,Assoc,0,2719.0,2
3994,361,M,PhD,72,Other,74,83,Assoc,0,2952.0,2
3995,361,M,PhD,72,Other,74,84,Assoc,0,3337.0,2
3996,361,M,PhD,72,Other,74,85,Full,0,3434.0,3
3997,361,M,PhD,72,Other,74,86,Full,0,3537.0,3
3998,361,M,PhD,72,Other,74,87,Full,0,3715.0,3
3999,361,M,PhD,72,Other,74,88,Full,0,3990.0,3
4000,361,M,PhD,72,Other,74,89,Full,0,4520.0,3
4001,361,M,PhD,72,Other,74,90,Full,0,4731.0,3
4002,361,M,PhD,72,Other,74,91,Full,0,5168.0,3
4003,361,M,PhD,72,Other,74,92,Full,0,5394.0,3
4004,361,M,PhD,72,Other,74,93,Full,0,5551.0,3
4005,361,M,PhD,72,Other,74,94,Full,0,5551.0,3
4006,361,M,PhD,72,Other,74,95,Full,0,5794.0,3
4007,362,M,PhD,78,Prof,85,85,Assist,0,3906.0,1
4008,362,M,PhD,78,Prof,85,86,Assist,0,4023.0,1
4009,362,M,PhD,78,Prof,85,87,Assoc,0,4347.0,2
4010,362,M,PhD,78,Prof,85,88,Assoc,0,4603.0,2
4011,362,M,PhD,78,Prof,85,89,Assoc,0,5068.0,2
4012,362,M,PhD,78,Prof,85,90,Assoc,0,5458.0,2
4013,362,M,PhD,78,Prof,85,91,Assoc,0,5811.0,2
4014,362,M,PhD,78,Prof,85,92,Assoc,0,6067.0,2
4015,362,M,PhD,78,Prof,85,93,Assoc,0,6328.0,2
4016,362,M,PhD,78,Prof,85,94,Assoc,0,6328.0,2
4017,362,M,PhD,78,Prof,85,95,Assoc,0,6684.0,2
4018,363,F,PhD,74,Other,76,76,Assist,0,1502.0,1
4019,363,F,PhD,74,Other,76,77,Assist,0,1608.0,1
4020,363,F,PhD,74,Other,76,78,Assist,0,1717.0,1
4021,363,F,PhD,74,Other,76,79,Assist,0,1959.0,1
4022,363,F,PhD,74,Other,76,80,Assist,0,2079.0,1
4023,363,F,PhD,74,Other,76,81,Assist,0,2323.0,1
4024,363,F,PhD,74,Other,76,82,Assist,0,2425.0,1
4025,363,F,PhD,74,Other,76,83,Assoc,0,2671.0,2
4026,363,F,PhD,74,Other,76,84,Assoc,0,2851.0,2
4027,363,F,PhD,74,Other,76,85,Assoc,0,2851.0,2
4028,363,F,PhD,74,Other,76,86,Assoc,0,3200.0,2
4029,363,F,PhD,74,Other,76,87,Assoc,0,3361.0,2
4030,363,F,PhD,74,Other,76,88,Assoc,0,3822.0,2
4031,363,F,PhD,74,Other,76,89,Assoc,0,4032.0,2
4032,363,F,PhD,74,Other,76,90,Assoc,0,4160.0,2
4033,363,F,PhD,74,Other,76,91,Assoc,0,4480.0,2
4034,363,F,PhD,74,Other,76,92,Assoc,0,4676.0,2
4035,363,F,PhD,74,Other,76,93,Assoc,0,4812.0,2
4036,363,F,PhD,74,Other,76,94,Assoc,0,4812.0,2
4037,363,F,PhD,74,Other,76,95,Assoc,0,5095.0,2
4038,364,M,PhD,71,Other,71,76,Assoc,0,2148.0,2
4039,364,M,PhD,71,Other,71,77,Assoc,0,2341.0,2
4040,364,M,PhD,71,Other,71,78,Assoc,0,2506.0,2
4041,364,M,PhD,71,Other,71,79,Assoc,0,2761.0,2
4042,364,M,PhD,71,Other,71,80,Assoc,0,3009.0,2
4043,364,M,PhD,71,Other,71,81,Assoc,0,3275.0,2
4044,364,M,PhD,71,Other,71,82,Assoc,0,3417.0,2
4045,364,M,PhD,71,Other,71,83,Assoc,0,3605.0,2
4046,364,M,PhD,71,Other,71,84,Assoc,0,3795.0,2
4047,364,M,PhD,71,Other,71,85,Assoc,0,3795.0,2
4048,364,M,PhD,71,Other,71,86,Assoc,0,3909.0,2
4049,364,M,PhD,71,Other,71,87,Assoc,0,4105.0,2
4050,364,M,PhD,71,Other,71,88,Full,0,4347.0,3
4051,364,M,PhD,71,Other,71,89,Full,0,4585.0,3
4052,364,M,PhD,71,Other,71,90,Full,0,4869.0,3
4053,364,M,PhD,71,Other,71,91,Full,0,5168.0,3
4054,364,M,PhD,71,Other,71,92,Full,0,5318.0,3
4055,364,M,PhD,71,Other,71,93,Full,0,5472.0,3
4056,364,M,PhD,71,Other,71,94,Full,0,5472.0,3
4057,364,M,PhD,71,Other,71,95,Full,0,5631.0,3
4058,365,M,PhD,67,Other,73,76,Assoc,0,2446.0,2
4059,365,M,PhD,67,Other,73,77,Assoc,0,2628.0,2
4060,365,M,PhD,67,Other,73,78,Assoc,0,2757.0,2
4061,365,M,PhD,67,Other,73,79,Full,0,3344.776,3
4062,365,M,PhD,67,Other,73,80,Full,0,3546.0,3
4063,365,M,PhD,67,Other,73,81,Full,1,4174.0,3
4064,365,M,PhD,67,Other,73,82,Full,1,4296.0,3
4065,365,M,PhD,67,Other,73,83,Full,1,4532.0,3
4066,365,M,PhD,67,Other,73,84,Full,1,4841.0,3
4067,365,M,PhD,67,Other,73,85,Full,1,4841.0,3
4068,365,M,PhD,67,Other,73,86,Full,0,5278.0,3
4069,365,M,PhD,67,Other,73,87,Full,0,6126.0,3
4070,365,M,PhD,67,Other,73,88,Full,0,6126.0,3
4071,365,M,PhD,67,Other,73,89,Full,0,6555.0,3
4072,365,M,PhD,67,Other,73,90,Full,0,6861.0,3
4073,365,M,PhD,67,Other,73,91,Full,0,7180.0,3
4074,365,M,PhD,67,Other,73,92,Full,0,7388.0,3
4075,365,M,PhD,67,Other,73,93,Full,0,7712.0,3
4076,365,M,PhD,67,Other,73,94,Full,0,7712.0,3
4077,365,M,PhD,67,Other,73,95,Full,0,8049.0,3
4078,366,F,PhD,91,Other,91,91,Assist,0,6889.0,1
4079,366,F,PhD,91,Other,91,92,Assist,0,6889.0,1
4080,366,F,PhD,91,Other,91,93,Assist,0,7078.0,1
4081,366,F,PhD,91,Other,91,94,Assist,0,7078.0,1
4082,366,F,PhD,91,Other,91,95,Assist,0,7391.0,1
4084,368,M,PhD,79,Other,79,79,Assist,0,1803.0,1
4085,368,M,PhD,79,Other,79,80,Assist,0,1916.0,1
4086,368,M,PhD,79,Other,79,81,Assist,0,2163.0,1
4087,368,M,PhD,79,Other,79,82,Assist,0,2290.0,1
4088,368,M,PhD,79,Other,79,83,Assist,0,2451.0,1
4089,368,M,PhD,79,Other,79,84,Assist,0,2694.0,1
4090,368,M,PhD,79,Other,79,85,Assoc,0,2770.0,2
4091,368,M,PhD,79,Other,79,86,Assoc,0,3588.0,2
4092,368,M,PhD,79,Other,79,87,Assoc,0,3768.0,2
4093,368,M,PhD,79,Other,79,88,Assoc,0,4047.0,2
4094,368,M,PhD,79,Other,79,89,Assoc,0,4456.0,2
4095,368,M,PhD,79,Other,79,90,Assoc,0,4731.0,2
4096,368,M,PhD,79,Other,79,91,Assoc,0,4951.0,2
4097,368,M,PhD,79,Other,79,92,Full,0,5318.0,3
4098,368,M,PhD,79,Other,79,93,Full,0,5472.0,3
4099,368,M,PhD,79,Other,79,94,Full,0,5472.0,3
4100,368,M,PhD,79,Other,79,95,Full,0,6048.0,3
4101,369,M,PhD,90,Prof,91,91,Assist,0,4610.0,1
4102,369,M,PhD,90,Prof,91,92,Assist,0,4610.0,1
4103,369,M,PhD,90,Prof,91,93,Assist,0,4743.0,1
4104,369,M,PhD,90,Prof,91,94,Assist,0,4743.0,1
4105,369,M,PhD,90,Prof,91,95,Assist,0,5631.0,1
4106,370,F,PhD,93,Arts,93,93,Assist,0,3564.0,1
4107,370,F,PhD,93,Arts,93,94,Assist,0,3564.0,1
4108,370,F,PhD,93,Arts,93,95,Assist,0,3667.0,1
4109,371,F,PhD,85,Other,87,87,Assist,0,6111.0,1
4110,371,F,PhD,85,Other,87,88,Assist,0,6111.0,1
4111,371,F,PhD,85,Other,87,89,Assist,0,6842.0,1
4112,371,F,PhD,85,Other,87,90,Assist,0,7369.0,1
4113,371,F,PhD,85,Other,87,91,Assoc,0,8049.0,2
4114,371,F,PhD,85,Other,87,92,Assoc,0,8523.0,2
4115,371,F,PhD,85,Other,87,93,Assoc,0,9025.0,2
4116,371,F,PhD,85,Other,87,94,Assoc,0,9025.0,2
4117,371,F,PhD,85,Other,87,95,Assoc,0,9558.0,2
4118,372,M,PhD,58,Other,80,80,Full,0,4500.0,3
4119,372,M,PhD,58,Other,80,81,Full,0,4956.0,3
4120,372,M,PhD,58,Other,80,82,Full,0,5324.0,3
4121,372,M,PhD,58,Other,80,83,Full,0,5617.0,3
4122,372,M,PhD,58,Other,80,84,Full,0,5997.0,3
4123,372,M,PhD,58,Other,80,85,Full,0,5997.0,3
4124,372,M,PhD,58,Other,80,86,Full,0,7126.0,3
4125,372,M,PhD,58,Other,80,87,Full,0,7483.0,3
4126,372,M,PhD,58,Other,80,88,Full,0,8511.0,3
4127,372,M,PhD,58,Other,80,89,Full,0,9106.0,3
4128,372,M,PhD,58,Other,80,90,Full,0,9532.0,3
4129,372,M,PhD,58,Other,80,91,Full,0,10263.0,3
4130,372,M,PhD,58,Other,80,92,Full,0,10561.0,3
4131,372,M,PhD,58,Other,80,93,Full,0,10713.0,3
4132,372,M,PhD,58,Other,80,94,Full,0,10713.0,3
4133,372,M,PhD,58,Other,80,95,Full,0,11343.0,3
4134,373,M,PhD,90,Other,91,91,Assist,0,3996.0,1
4135,373,M,PhD,90,Other,91,92,Assist,0,3996.0,1
4136,373,M,PhD,90,Other,91,93,Assist,0,4171.0,1
4137,373,M,PhD,90,Other,91,94,Assist,0,4171.0,1
4138,373,M,PhD,90,Other,91,95,Assist,0,4353.0,1
4139,375,M,PhD,86,Other,91,91,Assist,0,3267.0,1
4140,375,M,PhD,86,Other,91,92,Assist,0,3267.0,1
4141,375,M,PhD,86,Other,91,93,Assist,0,3410.0,1
4142,375,M,PhD,86,Other,91,94,Assist,0,3410.0,1
4143,375,M,PhD,86,Other,91,95,Assist,0,3611.0,1
4144,376,F,PhD,92,Other,91,91,Assist,0,4171.0,1
4145,376,F,PhD,92,Other,91,92,Assist,0,4171.0,1
4146,376,F,PhD,92,Other,91,93,Assist,0,4292.0,1
4147,376,F,PhD,92,Other,91,94,Assist,0,4292.0,1
4148,376,F,PhD,92,Other,91,95,Assist,0,4416.0,1
4149,379,M,PhD,64,Other,68,76,Assoc,0,2018.0,2
4150,379,M,PhD,64,Other,68,77,Assoc,0,2176.0,2
4151,379,M,PhD,64,Other,68,78,Assoc,0,2216.0,2
4152,379,M,PhD,64,Other,68,79,Assoc,0,2369.0,2
4153,379,M,PhD,64,Other,68,80,Assoc,0,2507.0,2
4154,379,M,PhD,64,Other,68,81,Assoc,0,2719.0,2
4155,379,M,PhD,64,Other,68,82,Assoc,0,2719.0,2
4156,379,M,PhD,64,Other,68,83,Assoc,0,2910.0,2
4157,379,M,PhD,64,Other,68,84,Assoc,0,3243.0,2
4158,379,M,PhD,64,Other,68,85,Assoc,0,3243.0,2
4159,379,M,PhD,64,Other,68,86,Assoc,0,3341.0,2
4160,379,M,PhD,64,Other,68,87,Assoc,0,3508.0,2
4161,379,M,PhD,64,Other,68,88,Assoc,0,3559.0,2
4162,379,M,PhD,64,Other,68,89,Assoc,0,3700.0,2
4163,379,M,PhD,64,Other,68,90,Assoc,0,3764.0,2
4164,379,M,PhD,64,Other,68,91,Assoc,0,3828.0,2
4165,379,M,PhD,64,Other,68,92,Assoc,0,3939.0,2
4166,379,M,PhD,64,Other,68,93,Assoc,0,3939.0,2
4167,379,M,PhD,64,Other,68,94,Assoc,0,3939.0,2
4168,379,M,PhD,64,Other,68,95,Assoc,0,3996.0,2
4169,380,F,PhD,74,Other,80,80,Assist,0,2000.0,1
4170,380,F,PhD,74,Other,80,81,Assist,0,2255.0,1
4171,380,F,PhD,74,Other,80,82,Assist,0,2320.0,1
4172,380,F,PhD,74,Other,80,83,Assist,0,2448.0,1
4173,380,F,PhD,74,Other,80,84,Assist,0,2577.0,1
4174,380,F,PhD,74,Other,80,85,Assoc,0,2651.0,2
4175,380,F,PhD,74,Other,80,86,Assoc,0,2933.0,2
4176,380,F,PhD,74,Other,80,87,Assoc,0,3082.0,2
4177,380,F,PhD,74,Other,80,88,Assoc,0,3263.0,2
4178,380,F,PhD,74,Other,80,89,Assoc,0,3592.0,2
4179,380,F,PhD,74,Other,80,90,Assoc,0,3981.0,2
4180,380,F,PhD,74,Other,80,91,Assoc,0,4411.0,2
4181,380,F,PhD,74,Other,80,92,Full,0,4806.0,3
4182,380,F,PhD,74,Other,80,93,Full,0,5088.0,3
4183,380,F,PhD,74,Other,80,94,Full,0,5088.0,3
4184,380,F,PhD,74,Other,80,95,Full,0,5388.0,3
4185,381,F,PhD,82,Other,82,82,Assist,0,2680.0,1
4186,381,F,PhD,82,Other,82,83,Assist,0,2910.0,1
4187,381,F,PhD,82,Other,82,84,Assist,0,3107.0,1
4188,381,F,PhD,82,Other,82,85,Assist,0,3107.0,1
4189,381,F,PhD,82,Other,82,86,Assist,0,3437.0,1
4190,381,F,PhD,82,Other,82,87,Assoc,0,3933.0,2
4191,381,F,PhD,82,Other,82,88,Assoc,0,3933.0,2
4192,381,F,PhD,82,Other,82,89,Assoc,0,4330.0,2
4193,381,F,PhD,82,Other,82,90,Assoc,0,4598.0,2
4194,381,F,PhD,82,Other,82,91,Assoc,0,4812.0,2
4195,381,F,PhD,82,Other,82,92,Assoc,0,5022.0,2
4196,381,F,PhD,82,Other,82,93,Assoc,0,5242.0,2
4197,381,F,PhD,82,Other,82,94,Assoc,0,5242.0,2
4198,381,F,PhD,82,Other,82,95,Assoc,0,5474.0,2
4199,382,F,PhD,92,Other,92,92,Assist,0,3410.0,1
4200,382,F,PhD,92,Other,92,93,Assist,0,3509.0,1
4201,382,F,PhD,92,Other,92,94,Assist,0,3509.0,1
4202,382,F,PhD,92,Other,92,95,Assist,0,3769.0,1
4203,383,M,PhD,81,Other,89,89,Assist,0,3596.0,1
4204,383,M,PhD,81,Other,89,90,Assist,0,3658.0,1
4205,383,M,PhD,81,Other,89,91,Assist,0,3774.0,1
4206,383,M,PhD,81,Other,89,92,Assoc,0,4112.0,2
4207,383,M,PhD,81,Other,89,93,Assoc,0,4292.0,2
4208,383,M,PhD,81,Other,89,94,Assoc,0,4292.0,2
4209,383,M,PhD,81,Other,89,95,Assoc,0,4416.0,2
4210,384,M,PhD,79,Arts,85,85,Assist,0,2694.0,1
4211,384,M,PhD,79,Arts,85,86,Assist,0,2774.0,1
4212,384,M,PhD,79,Arts,85,87,Assist,0,2913.0,1
4213,384,M,PhD,79,Arts,85,88,Assist,0,2998.0,1
4214,384,M,PhD,79,Arts,85,89,Assist,0,3208.0,1
4215,384,M,PhD,79,Arts,85,90,Assist,0,3406.0,1
4216,384,M,PhD,79,Arts,85,91,Assoc,0,3828.0,2
4217,384,M,PhD,79,Arts,85,92,Assoc,0,3996.0,2
4218,384,M,PhD,79,Arts,85,93,Assoc,0,4112.0,2
4219,384,M,PhD,79,Arts,85,94,Assoc,0,4112.0,2
4220,384,M,PhD,79,Arts,85,95,Assoc,0,4480.0,2
4221,385,F,PhD,94,Other,94,94,Assist,0,4353.0,1
4222,385,F,PhD,94,Other,94,95,Assist,0,4480.0,1
4223,386,M,PhD,93,Other,93,93,Assist,0,3934.0,1
4224,386,M,PhD,93,Other,93,94,Assist,0,3934.0,1
4225,386,M,PhD,93,Other,93,95,Assist,0,4165.0,1
4226,387,F,PhD,76,Other,79,79,Assist,0,1834.0,1
4227,387,F,PhD,76,Other,79,80,Assist,0,1954.0,1
4228,387,F,PhD,76,Other,79,81,Assist,0,2255.0,1
4229,387,F,PhD,76,Other,79,82,Assist,0,2388.0,1
4230,387,F,PhD,76,Other,79,83,Assist,0,2519.0,1
4231,387,F,PhD,76,Other,79,84,Assist,0,2973.0,1
4232,387,F,PhD,76,Other,79,85,Assoc,0,3059.0,2
4233,387,F,PhD,76,Other,79,86,Assoc,0,3688.0,2
4234,387,F,PhD,76,Other,79,87,Assoc,0,3873.0,2
4235,387,F,PhD,76,Other,79,88,Assoc,0,4043.0,2
4236,387,F,PhD,76,Other,79,89,Assoc,0,4264.0,2
4237,387,F,PhD,76,Other,79,90,Assoc,0,4463.0,2
4238,387,F,PhD,76,Other,79,91,Full,0,4875.0,3
4239,387,F,PhD,76,Other,79,92,Full,0,5016.0,3
4240,387,F,PhD,76,Other,79,93,Full,0,5311.0,3
4241,387,F,PhD,76,Other,79,94,Full,0,5311.0,3
4242,387,F,PhD,76,Other,79,95,Full,0,5465.0,3
4243,388,M,PhD,83,Other,87,87,Assist,0,2250.0,1
4244,388,M,PhD,83,Other,87,88,Assist,0,2349.0,1
4245,388,M,PhD,83,Other,87,89,Assist,0,3025.0,1
4246,388,M,PhD,83,Other,87,90,Assist,0,3401.0,1
4247,388,M,PhD,83,Other,87,91,Assist,0,3663.0,1
4248,388,M,PhD,83,Other,87,92,Assist,0,3823.0,1
4249,388,M,PhD,83,Other,87,93,Assist,0,3934.0,1
4250,388,M,PhD,83,Other,87,94,Assoc,0,4286.0,2
4251,388,M,PhD,83,Other,87,95,Assoc,0,4474.0,2
4252,389,M,PhD,87,Other,94,94,Assist,0,4604.0,1
4253,389,M,PhD,87,Other,94,95,Assist,0,5016.0,1
4254,390,M,PhD,76,Prof,83,83,Assist,0,3554.0,1
4255,390,M,PhD,76,Prof,83,84,Assist,0,3742.0,1
4256,390,M,PhD,76,Prof,83,85,Assist,0,3742.0,1
4257,390,M,PhD,76,Prof,83,86,Assoc,0,4321.0,2
4258,390,M,PhD,76,Prof,83,87,Assoc,0,4538.0,2
4259,390,M,PhD,76,Prof,83,88,Assoc,0,4669.0,2
4260,390,M,PhD,76,Prof,83,89,Assoc,0,5215.0,2
4261,390,M,PhD,76,Prof,83,90,Assoc,0,5947.0,2
4262,390,M,PhD,76,Prof,83,91,Full,0,6496.0,3
4263,390,M,PhD,76,Prof,83,92,Full,0,6781.0,3
4264,390,M,PhD,76,Prof,83,93,Full,0,6977.0,3
4265,390,M,PhD,76,Prof,83,94,Full,0,6977.0,3
4266,390,M,PhD,76,Prof,83,95,Full,0,7388.0,3
4267,391,F,PhD,80,Arts,85,85,Assist,0,2556.0,1
4268,391,F,PhD,80,Arts,85,86,Assist,0,2658.0,1
4269,391,F,PhD,80,Arts,85,87,Assist,0,2980.0,1
4270,391,F,PhD,80,Arts,85,88,Assist,0,2998.0,1
4271,391,F,PhD,80,Arts,85,89,Assist,0,3254.0,1
4272,391,F,PhD,80,Arts,85,90,Assist,0,3406.0,1
4273,391,F,PhD,80,Arts,85,91,Assist,0,3564.0,1
4274,391,F,PhD,80,Arts,85,92,Assoc,0,3939.0,2
4275,391,F,PhD,80,Arts,85,93,Assoc,1,4416.0,2
4276,391,F,PhD,80,Arts,85,94,Assoc,1,4416.0,2
4277,391,F,PhD,80,Arts,85,95,Assoc,1,4676.0,2
4278,392,F,PhD,77,Other,78,78,Assist,0,1943.0,1
4279,392,F,PhD,77,Other,78,79,Assist,0,2157.0,1
4280,392,F,PhD,77,Other,78,80,Assist,0,2298.0,1
4281,392,F,PhD,77,Other,78,81,Assist,0,2565.0,1
4282,392,F,PhD,77,Other,78,82,Assist,0,2639.0,1
4283,392,F,PhD,77,Other,78,83,Assoc,0,2948.0,2
4284,392,F,PhD,77,Other,78,84,Assoc,0,3148.0,2
4285,392,F,PhD,77,Other,78,85,Assoc,0,3148.0,2
4286,392,F,PhD,77,Other,78,86,Assoc,0,3242.0,2
4287,392,F,PhD,77,Other,78,87,Assoc,0,3406.0,2
4288,392,F,PhD,77,Other,78,88,Assoc,1,4220.0,2
4289,392,F,PhD,77,Other,78,89,Assoc,1,4515.0,2
4290,392,F,PhD,77,Other,78,90,Assoc,1,4794.0,2
4291,392,F,PhD,77,Other,78,91,Assoc,0,5016.0,2
4292,392,F,PhD,77,Other,78,92,Assoc,0,5162.0,2
4293,392,F,PhD,77,Other,78,93,Assoc,0,5236.0,2
4294,392,F,PhD,77,Other,78,94,Assoc,0,5236.0,2
4295,392,F,PhD,77,Other,78,95,Assoc,0,5388.0,2
4296,393,M,PhD,88,Prof,90,90,Assist,0,4664.0,1
4297,393,M,PhD,88,Prof,90,91,Assist,0,5022.0,1
4298,393,M,PhD,88,Prof,90,92,Assist,0,5318.0,1
4299,393,M,PhD,88,Prof,90,93,Assist,0,5472.0,1
4300,393,M,PhD,88,Prof,90,94,Assist,0,5472.0,1
4301,393,M,PhD,88,Prof,90,95,Assist,0,5712.0,1
4302,394,M,PhD,68,Other,80,80,Assoc,0,3300.0,2
4303,394,M,PhD,68,Other,80,81,Full,1,4000.0,3
4304,394,M,PhD,68,Other,80,82,Full,1,4296.0,3
4305,394,M,PhD,68,Other,80,83,Full,1,4664.0,3
4306,394,M,PhD,68,Other,80,84,Full,1,5199.0,3
4307,394,M,PhD,68,Other,80,85,Full,1,5199.0,3
4308,394,M,PhD,68,Other,80,86,Full,1,6177.0,3
4309,394,M,PhD,68,Other,80,87,Full,0,7169.0,3
4310,394,M,PhD,68,Other,80,88,Full,0,7169.0,3
4311,394,M,PhD,68,Other,80,89,Full,0,7671.0,3
4312,394,M,PhD,68,Other,80,90,Full,1,8748.0,3
4313,394,M,PhD,68,Other,80,91,Full,1,9154.0,3
4314,394,M,PhD,68,Other,80,92,Full,1,9420.0,3
4315,394,M,PhD,68,Other,80,93,Full,1,9693.0,3
4316,394,M,PhD,68,Other,80,94,Full,1,9693.0,3
4317,394,M,PhD,68,Other,80,95,Full,0,10118.0,3
4318,395,M,PhD,86,Other,86,86,Assist,0,4708.0,1
4319,395,M,PhD,86,Other,86,87,Assist,0,4944.0,1
4320,395,M,PhD,86,Other,86,88,Assist,0,5387.0,1
4321,395,M,PhD,86,Other,86,89,Assist,0,5931.0,1
4322,395,M,PhD,86,Other,86,90,Assist,0,6208.0,1
4323,395,M,PhD,86,Other,86,91,Assoc,0,7388.0,2
4324,395,M,PhD,86,Other,86,92,Assoc,0,7823.0,2
4325,395,M,PhD,86,Other,86,93,Assoc,0,8049.0,2
4326,395,M,PhD,86,Other,86,94,Assoc,0,8049.0,2
4327,395,M,PhD,86,Other,86,95,Assoc,0,8878.0,2
4328,396,M,PhD,71,Arts,72,76,Assoc,0,1839.0,2
4329,396,M,PhD,71,Arts,72,77,Full,0,2216.0,3
4330,396,M,PhD,71,Arts,72,78,Full,0,2337.0,3
4331,396,M,PhD,71,Arts,72,79,Full,0,2627.0,3
4332,396,M,PhD,71,Arts,72,80,Full,0,2869.0,3
4333,396,M,PhD,71,Arts,72,81,Full,0,3228.0,3
4334,396,M,PhD,71,Arts,72,82,Full,0,3369.0,3
4335,396,M,PhD,71,Arts,72,83,Full,0,3554.0,3
4336,396,M,PhD,71,Arts,72,84,Full,0,3795.0,3
4337,396,M,PhD,71,Arts,72,85,Full,0,3795.0,3
4338,396,M,PhD,71,Arts,72,86,Full,0,4259.0,3
4339,396,M,PhD,71,Arts,72,87,Full,0,4473.0,3
4340,396,M,PhD,71,Arts,72,88,Full,0,4538.0,3
4341,396,M,PhD,71,Arts,72,89,Full,0,4855.0,3
4342,396,M,PhD,71,Arts,72,90,Full,0,4939.0,3
4343,396,M,PhD,71,Arts,72,91,Full,0,5022.0,3
4344,396,M,PhD,71,Arts,72,92,Full,0,5095.0,3
4345,396,M,PhD,71,Arts,72,93,Full,0,5095.0,3
4346,396,M,PhD,71,Arts,72,94,Full,0,5095.0,3
4347,396,M,PhD,71,Arts,72,95,Full,0,5242.0,3
4348,397,F,PhD,74,Other,74,76,Assist,0,1714.0,1
4349,397,F,PhD,74,Other,74,77,Assist,0,1866.0,1
4350,397,F,PhD,74,Other,74,78,Assist,0,1980.0,1
4351,397,F,PhD,74,Other,74,79,Assist,0,2202.0,1
4352,397,F,PhD,74,Other,74,80,Assoc,0,2376.0,2
4353,397,F,PhD,74,Other,74,81,Assoc,0,1737.0,2
4354,397,F,PhD,74,Other,74,82,Assoc,0,2605.0,2
4355,397,F,PhD,74,Other,74,84,Assoc,0,3243.0,2
4356,397,F,PhD,74,Other,74,85,Assoc,0,3243.0,2
4357,397,F,PhD,74,Other,74,86,Assoc,0,4081.0,2
4358,397,F,PhD,74,Other,74,87,Full,0,4410.0,3
4359,397,F,PhD,74,Other,74,88,Full,0,4538.0,3
4360,397,F,PhD,74,Other,74,89,Full,0,4996.0,3
4361,397,F,PhD,74,Other,74,90,Full,0,5305.0,3
4362,397,F,PhD,74,Other,74,91,Full,0,5878.0,3
4363,397,F,PhD,74,Other,74,92,Full,1,6048.0,3
4364,397,F,PhD,74,Other,74,93,Full,0,6404.0,3
4365,397,F,PhD,74,Other,74,94,Full,0,6404.0,3
4366,397,F,PhD,74,Other,74,95,Full,0,6781.0,3
4367,398,M,PhD,81,Other,87,87,Assist,0,3822.0,1
4368,398,M,PhD,81,Other,87,88,Assoc,0,4047.0,2
4369,398,M,PhD,81,Other,87,89,Assoc,0,4393.0,2
4370,398,M,PhD,81,Other,87,90,Assoc,0,4731.0,2
4371,398,M,PhD,81,Other,87,91,Full,0,5242.0,3
4372,398,M,PhD,81,Other,87,92,Full,0,5394.0,3
4373,398,M,PhD,81,Other,87,93,Full,0,5551.0,3
4374,398,M,PhD,81,Other,87,94,Full,0,5551.0,3
4375,398,M,PhD,81,Other,87,95,Full,0,5794.0,3
4376,399,M,PhD,85,Other,87,87,Assist,0,2869.0,1
4377,399,M,PhD,85,Other,87,88,Assist,0,2910.0,1
4378,399,M,PhD,85,Other,87,89,Assist,0,3158.0,1
4379,399,M,PhD,85,Other,87,90,Assist,0,3306.0,1
4380,399,M,PhD,85,Other,87,91,Assist,0,3459.0,1
4381,399,M,PhD,85,Other,87,92,Assist,0,3611.0,1
4382,399,M,PhD,85,Other,87,93,Assoc,0,3934.0,2
4383,399,M,PhD,85,Other,87,94,Assoc,0,3934.0,2
4384,399,M,PhD,85,Other,87,95,Assoc,0,4165.0,2
4385,403,M,PhD,83,Other,88,88,Assist,0,3508.0,1
4386,403,M,PhD,83,Other,88,89,Assist,0,3545.0,1
4387,403,M,PhD,83,Other,88,90,Assoc,0,3873.0,2
4388,403,M,PhD,83,Other,88,91,Assoc,0,4292.0,2
4389,403,M,PhD,83,Other,88,92,Assoc,0,4416.0,2
4390,403,M,PhD,83,Other,88,93,Assoc,0,4610.0,2
4391,403,M,PhD,83,Other,88,94,Assoc,0,4610.0,2
4392,403,M,PhD,83,Other,88,95,Assoc,0,5318.0,2
4393,404,M,PhD,70,Other,66,76,Full,0,2094.0,3
4394,404,M,PhD,70,Other,66,77,Full,0,2375.0,3
4395,404,M,PhD,70,Other,66,78,Full,0,2532.0,3
4396,404,M,PhD,70,Other,66,79,Full,0,2807.0,3
4397,404,M,PhD,70,Other,66,80,Full,0,3017.0,3
4398,404,M,PhD,70,Other,66,81,Full,0,3317.0,3
4399,404,M,PhD,70,Other,66,82,Full,0,3413.0,3
4400,404,M,PhD,70,Other,66,83,Full,0,3601.0,3
4401,404,M,PhD,70,Other,66,84,Full,0,4072.0,3
4402,404,M,PhD,70,Other,66,85,Full,0,4072.0,3
4403,404,M,PhD,70,Other,66,86,Full,0,4194.0,3
4404,404,M,PhD,70,Other,66,87,Full,0,4405.0,3
4405,404,M,PhD,70,Other,66,88,Full,0,4598.0,3
4406,404,M,PhD,70,Other,66,89,Full,0,4919.0,3
4407,404,M,PhD,70,Other,66,90,Full,0,5004.0,3
4408,404,M,PhD,70,Other,66,91,Full,0,5088.0,3
4409,404,M,PhD,70,Other,66,92,Full,0,5311.0,3
4410,404,M,PhD,70,Other,66,93,Full,0,5465.0,3
4411,404,M,PhD,70,Other,66,94,Full,0,5465.0,3
4412,404,M,PhD,70,Other,66,95,Full,0,6817.0,3
4413,405,M,PhD,74,Prof,75,76,Assist,0,1472.0,1
4414,405,M,PhD,74,Prof,75,77,Assist,0,1680.0,1
4415,405,M,PhD,74,Prof,75,78,Assist,0,1828.0,1
4416,405,M,PhD,74,Prof,75,79,Assoc,0,2079.0,2
4417,405,M,PhD,74,Prof,75,80,Assoc,0,3086.0,2
4418,405,M,PhD,74,Prof,75,81,Assoc,0,3444.0,2
4419,405,M,PhD,74,Prof,75,82,Assoc,0,2798.0,2
4420,405,M,PhD,74,Prof,75,83,Full,0,3125.0,3
4421,405,M,PhD,74,Prof,75,84,Full,0,3742.0,3
4422,405,M,PhD,74,Prof,75,85,Full,0,3742.0,3
4423,405,M,PhD,74,Prof,75,86,Full,0,4641.0,3
4424,405,M,PhD,74,Prof,75,87,Full,0,4874.0,3
4425,405,M,PhD,74,Prof,75,88,Full,0,4944.0,3
4426,405,M,PhD,74,Prof,75,89,Full,0,5763.0,3
4427,405,M,PhD,74,Prof,75,90,Full,0,6033.0,3
4428,405,M,PhD,74,Prof,75,91,Full,0,6496.0,3
4429,405,M,PhD,74,Prof,75,92,Full,0,7388.0,3
4430,405,M,PhD,74,Prof,75,93,Full,0,7602.0,3
4431,405,M,PhD,74,Prof,75,94,Full,0,7602.0,3
4432,405,M,PhD,74,Prof,75,95,Full,0,7935.0,3
4433,406,F,PhD,92,Other,93,93,Assist,0,4106.0,1
4434,406,F,PhD,92,Other,93,94,Assist,0,4106.0,1
4435,406,F,PhD,92,Other,93,95,Assist,0,4225.0,1
4436,407,M,PhD,79,Other,86,86,Assist,0,3640.0,1
4437,407,M,PhD,79,Other,86,87,Assist,0,3822.0,1
4438,407,M,PhD,79,Other,86,88,Assoc,0,4165.0,2
4439,407,M,PhD,79,Other,86,89,Assoc,0,4456.0,2
4440,407,M,PhD,79,Other,86,90,Assoc,0,4869.0,2
4441,407,M,PhD,79,Other,86,91,Full,0,5712.0,3
4442,407,M,PhD,79,Other,86,92,Full,0,6135.0,3
4443,407,M,PhD,79,Other,86,93,Full,0,6496.0,3
4444,407,M,PhD,79,Other,86,94,Full,0,6496.0,3
4445,407,M,PhD,79,Other,86,95,Full,0,6977.0,3
4446,408,M,PhD,79,Arts,88,88,Assist,0,3559.0,1
4447,408,M,PhD,79,Arts,88,89,Assist,0,3596.0,1
4448,408,M,PhD,79,Arts,88,90,Assist,0,3818.0,1
4449,408,M,PhD,79,Arts,88,91,Assoc,0,4292.0,2
4450,408,M,PhD,79,Arts,88,92,Assoc,0,4353.0,2
4451,408,M,PhD,79,Arts,88,93,Assoc,0,4610.0,2
4452,408,M,PhD,79,Arts,88,94,Assoc,0,4610.0,2
4453,408,M,PhD,79,Arts,88,95,Assoc,0,4881.0,2
4454,409,M,PhD,91,Other,91,91,Assist,0,4743.0,1
4455,409,M,PhD,91,Other,91,92,Assist,0,4743.0,1
4456,409,M,PhD,91,Other,91,93,Assist,0,4881.0,1
4457,409,M,PhD,91,Other,91,94,Assist,0,4881.0,1
4458,409,M,PhD,91,Other,91,95,Assist,0,5394.0,1
4459,410,M,PhD,67,Other,72,76,Full,0,2446.0,3
4460,410,M,PhD,67,Other,72,77,Full,0,2714.0,3
4461,410,M,PhD,67,Other,72,78,Full,0,2844.0,3
4462,410,M,PhD,67,Other,72,79,Full,0,3507.0,3
4463,410,M,PhD,67,Other,72,80,Full,0,4062.0,3
4464,410,M,PhD,67,Other,72,81,Full,0,4462.687,3
4465,410,M,PhD,67,Other,72,82,Full,0,4615.0,3
4466,410,M,PhD,67,Other,72,83,Full,0,4869.0,3
4467,410,M,PhD,67,Other,72,84,Full,0,5199.0,3
4468,410,M,PhD,67,Other,72,85,Full,0,5199.0,3
4469,410,M,PhD,67,Other,72,86,Full,0,6925.0,3
4470,410,M,PhD,67,Other,72,87,Full,0,7272.0,3
4471,410,M,PhD,67,Other,72,88,Full,0,7591.0,3
4472,410,M,PhD,67,Other,72,89,Full,0,8239.0,3
4473,410,M,PhD,67,Other,72,90,Full,0,8748.0,3
4474,410,M,PhD,67,Other,72,91,Full,0,9286.0,3
4475,410,M,PhD,67,Other,72,92,Full,0,9556.0,3
4476,410,M,PhD,67,Other,72,93,Full,0,9833.0,3
4477,410,M,PhD,67,Other,72,94,Full,0,9833.0,3
4478,410,M,PhD,67,Other,72,95,Full,0,10411.0,3
4479,411,M,PhD,73,Other,76,76,Assist,0,1592.0,1
4480,411,M,PhD,73,Other,76,77,Assist,0,1828.0,1
4481,411,M,PhD,73,Other,76,78,Assoc,0,2019.0,2
4482,411,M,PhD,73,Other,76,79,Assoc,0,2327.0,2
4483,411,M,PhD,73,Other,76,80,Assoc,0,2552.0,2
4484,411,M,PhD,73,Other,76,81,Assoc,0,2798.0,2
4485,411,M,PhD,73,Other,76,82,Assoc,0,2920.0,2
4486,411,M,PhD,73,Other,76,83,Assoc,0,3112.121,2
4487,411,M,PhD,73,Other,76,84,Full,0,3795.0,3
4488,411,M,PhD,73,Other,76,85,Full,0,3795.0,3
4489,411,M,PhD,73,Other,76,86,Full,0,4321.0,3
4490,411,M,PhD,73,Other,76,87,Full,0,4538.0,3
4491,411,M,PhD,73,Other,76,88,Full,0,4874.0,3
4492,411,M,PhD,73,Other,76,89,Full,0,5290.0,3
4493,411,M,PhD,73,Other,76,90,Full,0,5537.0,3
4494,411,M,PhD,73,Other,76,91,Full,0,6048.0,3
4495,411,M,PhD,73,Other,76,92,Full,0,6496.0,3
4496,411,M,PhD,73,Other,76,93,Full,1,8283.0,3
4497,411,M,PhD,73,Other,76,94,Full,1,8283.0,3
4498,411,M,PhD,73,Other,76,95,Full,1,8770.0,3
4499,412,M,PhD,88,Other,94,94,Assoc,0,7494.0,2
4500,412,M,PhD,88,Other,94,95,Assoc,0,7712.0,2
4501,415,M,PhD,77,Other,79,79,Assist,0,1623.0,1
4502,415,M,PhD,77,Other,79,80,Assist,0,1835.0,1
4503,415,M,PhD,77,Other,79,81,Assist,0,2072.0,1
4504,415,M,PhD,77,Other,79,82,Assist,0,2225.0,1
4505,415,M,PhD,77,Other,79,84,Assoc,0,2770.0,2
4506,415,M,PhD,77,Other,79,85,Assoc,0,2770.0,2
4507,415,M,PhD,77,Other,79,86,Assoc,0,3389.0,2
4508,415,M,PhD,77,Other,79,87,Assoc,0,3559.0,2
4509,415,M,PhD,77,Other,79,88,Assoc,0,3662.0,2
4510,415,M,PhD,77,Other,79,89,Assoc,0,4032.0,2
4511,415,M,PhD,77,Other,79,90,Assoc,0,4220.0,2
4512,415,M,PhD,77,Other,79,91,Assoc,0,4416.0,2
4513,415,M,PhD,77,Other,79,92,Assoc,0,4544.0,2
4514,415,M,PhD,77,Other,79,93,Assoc,0,4610.0,2
4515,415,M,PhD,77,Other,79,94,Assoc,0,4610.0,2
4516,415,M,PhD,77,Other,79,95,Assoc,0,4743.0,2
4518,417,M,PhD,70,Other,79,79,Assoc,0,2094.0,2
4519,417,M,PhD,70,Other,79,80,Assoc,0,2258.0,2
4523,417,M,PhD,70,Other,79,92,Full,0,5712.0,3
4524,417,M,PhD,70,Other,79,93,Full,0,5878.0,3
4525,417,M,PhD,70,Other,79,94,Full,0,5878.0,3
4526,417,M,PhD,70,Other,79,95,Full,0,5962.0,3
4527,418,M,PhD,82,Other,91,91,Assoc,0,5088.0,2
4528,418,M,PhD,82,Other,91,92,Assoc,0,5236.0,2
4529,418,M,PhD,82,Other,91,93,Full,0,5544.0,3
4530,418,M,PhD,82,Other,91,94,Full,0,5544.0,3
4531,418,M,PhD,82,Other,91,95,Full,0,5705.0,3
4532,419,M,PhD,78,Prof,78,78,Assist,0,1866.0,1
4533,419,M,PhD,78,Prof,78,79,Assist,0,2120.0,1
4534,419,M,PhD,78,Prof,78,80,Assist,0,2290.0,1
4535,419,M,PhD,78,Prof,78,81,Assist,0,2719.0,1
4536,419,M,PhD,78,Prof,78,82,Assist,0,3137.0,1
4537,419,M,PhD,78,Prof,78,83,Assist,0,3605.0,1
4538,419,M,PhD,78,Prof,78,84,Assoc,0,3962.0,2
4539,419,M,PhD,78,Prof,78,85,Assoc,0,3962.0,2
4540,419,M,PhD,78,Prof,78,86,Assoc,0,4510.0,2
4541,419,M,PhD,78,Prof,78,87,Assoc,0,4736.0,2
4542,419,M,PhD,78,Prof,78,88,Assoc,0,4805.0,2
4543,419,M,PhD,78,Prof,78,89,Assoc,0,5141.0,2
4544,419,M,PhD,78,Prof,78,90,Assoc,0,5537.0,2
4545,419,M,PhD,78,Prof,78,91,Full,0,6404.0,3
4546,419,M,PhD,78,Prof,78,92,Full,0,6590.0,3
4547,419,M,PhD,78,Prof,78,93,Full,0,6781.0,3
4548,419,M,PhD,78,Prof,78,94,Full,0,6781.0,3
4549,419,M,PhD,78,Prof,78,95,Full,0,6977.0,3
4550,420,M,PhD,84,Other,90,90,Assist,0,2825.0,1
4551,420,M,PhD,84,Other,90,91,Assist,0,2998.0,1
4552,420,M,PhD,84,Other,90,92,Assist,0,3459.0,1
4553,420,M,PhD,84,Other,90,93,Assist,0,3559.0,1
4554,420,M,PhD,84,Other,90,94,Assist,0,3559.0,1
4555,420,M,PhD,84,Other,90,95,Assoc,0,5162.0,2
4556,422,F,PhD,76,Other,76,76,Assist,0,1682.0,1
4557,422,F,PhD,76,Other,76,77,Assist,0,1793.0,1
4558,422,F,PhD,76,Other,76,78,Assist,0,1727.0,1
4559,422,F,PhD,76,Other,76,79,Assist,0,1952.0,1
4560,422,F,PhD,76,Other,76,80,Assist,0,2079.0,1
4561,422,F,PhD,76,Other,76,81,Assist,0,2288.0,1
4562,422,F,PhD,76,Other,76,82,Assoc,0,2422.0,2
4563,422,F,PhD,76,Other,76,83,Assoc,0,2668.0,2
4564,422,F,PhD,76,Other,76,84,Assoc,0,2889.0,2
4565,422,F,PhD,76,Other,76,85,Assoc,0,2889.0,2
4566,422,F,PhD,76,Other,76,86,Assoc,0,2976.0,2
4567,422,F,PhD,76,Other,76,87,Assoc,0,3110.448,2
4568,422,F,PhD,76,Other,76,88,Assoc,1,3873.0,2
4569,422,F,PhD,76,Other,76,89,Assoc,1,4027.0,2
4570,422,F,PhD,76,Other,76,90,Assoc,1,4463.0,2
4571,422,F,PhD,76,Other,76,91,Assoc,1,4806.0,2
4572,422,F,PhD,76,Other,76,92,Full,1,5192.0,3
4573,422,F,PhD,76,Other,76,93,Full,1,5311.0,3
4574,422,F,PhD,76,Other,76,94,Full,1,5311.0,3
4575,422,F,PhD,76,Other,76,95,Full,1,6465.0,3
4576,423,M,PhD,90,Other,91,91,Assist,0,4792.0,1
4577,423,M,PhD,90,Other,91,92,Assist,0,4945.0,1
4578,423,M,PhD,90,Other,91,93,Assist,0,5088.0,1
4579,423,M,PhD,90,Other,91,94,Assist,0,5088.0,1
4580,423,M,PhD,90,Other,91,95,Assist,0,5236.0,1
4581,424,M,PhD,92,Other,91,91,Assist,0,6889.0,1
4582,424,M,PhD,92,Other,91,92,Assist,0,6889.0,1
4583,424,M,PhD,92,Other,91,93,Assist,0,6977.0,1
4584,424,M,PhD,92,Other,91,94,Assist,0,6977.0,1
4585,424,M,PhD,92,Other,91,95,Assist,0,7286.0,1
4586,425,M,PhD,79,Other,87,87,Assoc,0,4225.0,2
4587,425,M,PhD,79,Other,87,88,Assoc,0,4225.0,2
4588,425,M,PhD,79,Other,87,89,Assoc,0,4520.0,2
4589,425,M,PhD,79,Other,87,90,Assoc,0,4731.0,2
4590,425,M,PhD,79,Other,87,91,Assoc,0,4881.0,2
4591,425,M,PhD,79,Other,87,92,Assoc,0,5022.0,2
4592,425,M,PhD,79,Other,87,93,Assoc,0,5168.0,2
4593,425,M,PhD,79,Other,87,94,Full,0,5318.0,3
4594,425,M,PhD,79,Other,87,95,Full,0,5794.0,3
4595,426,M,PhD,74,Other,87,87,Assoc,0,2995.0,2
4596,426,M,PhD,74,Other,87,88,Assoc,0,3217.333,2
4597,426,M,PhD,74,Other,87,89,Assoc,0,3414.286,2
4598,426,M,PhD,74,Other,87,90,Assoc,0,3981.0,2
4599,426,M,PhD,74,Other,87,91,Full,0,4166.0,3
4600,426,M,PhD,74,Other,87,92,Full,0,4412.0,3
4601,426,M,PhD,74,Other,87,93,Full,0,4538.0,3
4602,426,M,PhD,74,Other,87,94,Full,0,4538.0,3
4603,426,M,PhD,74,Other,87,95,Full,0,4737.0,3
4604,427,M,PhD,92,Prof,91,91,Assist,0,5472.0,1
4605,427,M,PhD,92,Prof,91,92,Assist,0,5472.0,1
4606,427,M,PhD,92,Prof,91,93,Assist,0,5631.0,1
4607,427,M,PhD,92,Prof,91,94,Assist,0,5631.0,1
4608,427,M,PhD,92,Prof,91,95,Assist,0,6135.0,1
4609,428,M,PhD,67,Other,67,76,Full,1,2410.0,3
4610,428,M,PhD,67,Other,67,77,Full,1,2844.0,3
4611,428,M,PhD,67,Other,67,78,Full,1,3066.0,3
4612,428,M,PhD,67,Other,67,79,Full,1,3507.0,3
4613,428,M,PhD,67,Other,67,80,Full,1,3801.0,3
4614,428,M,PhD,67,Other,67,81,Full,1,4174.0,3
4615,428,M,PhD,67,Other,67,82,Full,1,4421.0,3
4616,428,M,PhD,67,Other,67,83,Full,1,4798.0,3
4617,428,M,PhD,67,Other,67,84,Full,1,5828.0,3
4618,428,M,PhD,67,Other,67,85,Full,0,5828.0,3
4619,428,M,PhD,67,Other,67,86,Full,0,6730.0,3
4620,428,M,PhD,67,Other,67,87,Full,0,7483.0,3
4621,428,M,PhD,67,Other,67,88,Full,0,7483.0,3
4622,428,M,PhD,67,Other,67,89,Full,0,8007.0,3
4623,428,M,PhD,67,Other,67,90,Full,0,8381.0,3
4624,428,M,PhD,67,Other,67,91,Full,0,8770.0,3
4625,428,M,PhD,67,Other,67,92,Full,0,9025.0,3
4626,428,M,PhD,67,Other,67,93,Full,0,9286.0,3
4627,428,M,PhD,67,Other,67,94,Full,0,9286.0,3
4628,428,M,PhD,67,Other,67,95,Full,0,10000.0,3
4629,429,M,PhD,60,Arts,60,76,Assoc,0,1946.0,2
4630,429,M,PhD,60,Arts,60,77,Assoc,0,2097.0,2
4631,429,M,PhD,60,Arts,60,78,Assoc,0,2216.0,2
4632,429,M,PhD,60,Arts,60,79,Assoc,0,2454.0,2
4633,429,M,PhD,60,Arts,60,80,Assoc,0,2597.0,2
4634,429,M,PhD,60,Arts,60,81,Assoc,0,2798.0,2
4635,429,M,PhD,60,Arts,60,82,Assoc,0,2798.0,2
4636,429,M,PhD,60,Arts,60,83,Assoc,0,2981.818,2
4637,429,M,PhD,60,Arts,60,84,Assoc,0,3063.0,2
4638,429,M,PhD,60,Arts,60,85,Assoc,0,3063.0,2
4639,429,M,PhD,60,Arts,60,86,Assoc,0,3155.0,2
4640,429,M,PhD,60,Arts,60,87,Assoc,0,3313.0,2
4641,429,M,PhD,60,Arts,60,88,Assoc,0,3409.0,2
4642,429,M,PhD,60,Arts,60,89,Assoc,0,3700.0,2
4643,429,M,PhD,60,Arts,60,90,Assoc,0,3873.0,2
4644,429,M,PhD,60,Arts,60,91,Assoc,0,4171.0,2
4645,429,M,PhD,60,Arts,60,92,Assoc,0,4416.0,2
4646,429,M,PhD,60,Arts,60,93,Assoc,0,4544.0,2
4647,429,M,PhD,60,Arts,60,94,Assoc,0,4544.0,2
4648,429,M,PhD,60,Arts,60,95,Assoc,0,4610.0,2
4649,430,M,PhD,69,Prof,75,76,Assoc,0,2375.0,2
4650,430,M,PhD,69,Prof,75,77,Assoc,0,2671.0,2
4651,430,M,PhD,69,Prof,75,78,Assoc,0,2800.0,2
4652,430,M,PhD,69,Prof,75,79,Assoc,0,3079.0,2
4653,430,M,PhD,69,Prof,75,80,Full,0,3398.0,3
4654,430,M,PhD,69,Prof,75,81,Full,0,4167.0,3
4655,430,M,PhD,69,Prof,75,82,Full,0,4421.0,3
4656,430,M,PhD,69,Prof,75,83,Full,0,4664.0,3
4657,430,M,PhD,69,Prof,75,84,Full,0,5274.0,3
4658,430,M,PhD,69,Prof,75,85,Full,0,5274.0,3
4659,430,M,PhD,69,Prof,75,86,Full,0,5917.0,3
4660,430,M,PhD,69,Prof,75,87,Full,0,6214.0,3
4661,430,M,PhD,69,Prof,75,88,Full,0,6486.0,3
4662,430,M,PhD,69,Prof,75,89,Full,0,6940.0,3
4663,430,M,PhD,69,Prof,75,90,Full,0,7265.0,3
4664,430,M,PhD,69,Prof,75,91,Full,0,7622.0,3
4665,430,M,PhD,69,Prof,75,92,Full,0,7945.0,3
4666,430,M,PhD,69,Prof,75,93,Full,0,8167.0,3
4667,430,M,PhD,69,Prof,75,94,Full,0,8167.0,3
4668,430,M,PhD,69,Prof,75,95,Full,0,8463.0,3
4669,431,F,PhD,88,Other,93,93,Assist,0,3042.0,1
4670,431,F,PhD,88,Other,93,94,Assist,0,3042.0,1
4671,431,F,PhD,88,Other,93,95,Assist,0,3042.0,1
4672,432,F,PhD,83,Other,85,85,Assist,0,3484.0,1
4673,432,F,PhD,83,Other,85,86,Assist,0,3588.0,1
4674,432,F,PhD,83,Other,85,87,Assist,0,3768.0,1
4675,432,F,PhD,83,Other,85,88,Assoc,0,4285.0,2
4676,432,F,PhD,83,Other,85,89,Assoc,0,4585.0,2
4677,432,F,PhD,83,Other,85,90,Assoc,0,4869.0,2
4678,432,F,PhD,83,Other,85,91,Assoc,0,6496.0,2
4679,432,F,PhD,83,Other,85,92,Assoc,0,6496.0,2
4680,432,F,PhD,83,Other,85,93,Assoc,0,6590.0,2
4681,432,F,PhD,83,Other,85,94,Assoc,0,6590.0,2
4682,432,F,PhD,83,Other,85,95,Assoc,0,6781.0,2
4683,433,F,PhD,80,Other,86,86,Assist,0,2732.0,1
4684,433,F,PhD,80,Other,86,87,Assist,0,3126.0,1
4685,433,F,PhD,80,Other,86,88,Assist,0,3310.0,1
4686,433,F,PhD,80,Other,86,89,Assist,0,3441.0,1
4687,433,F,PhD,80,Other,86,90,Assist,0,3500.0,1
4688,433,F,PhD,80,Other,86,91,Assist,0,3663.0,1
4689,433,F,PhD,80,Other,86,92,Assoc,0,4951.0,2
4690,433,F,PhD,80,Other,86,93,Assoc,0,4951.0,2
4691,433,F,PhD,80,Other,86,94,Assoc,0,4951.0,2
4692,433,F,PhD,80,Other,86,95,Assoc,0,5242.0,2
4693,434,M,PhD,82,Other,94,94,Full,0,7494.0,3
4694,434,M,PhD,82,Other,94,95,Full,0,7712.0,3
4695,435,M,PhD,81,Prof,90,90,Full,0,7915.0,3
4696,435,M,PhD,81,Prof,90,91,Full,0,8402.0,3
4697,435,M,PhD,81,Prof,90,92,Full,0,8896.0,3
4698,435,M,PhD,81,Prof,90,93,Full,0,9154.0,3
4699,435,M,PhD,81,Prof,90,94,Full,0,9154.0,3
4700,435,M,PhD,81,Prof,90,95,Full,1,10867.0,3
4701,436,M,PhD,87,Other,87,87,Assist,0,3357.0,1
4702,436,M,PhD,87,Other,87,88,Assist,0,3357.0,1
4703,436,M,PhD,87,Other,87,89,Assist,0,3592.0,1
4704,436,M,PhD,87,Other,87,90,Assist,0,3814.0,1
4705,436,M,PhD,87,Other,87,91,Assist,0,4048.0,1
4706,436,M,PhD,87,Other,87,92,Assist,0,4225.0,1
4707,436,M,PhD,87,Other,87,93,Assist,0,4348.0,1
4708,436,M,PhD,87,Other,87,94,Assoc,0,4474.0,2
4709,436,M,PhD,87,Other,87,95,Assoc,0,4670.0,2
4710,437,F,PhD,92,Other,92,92,Assist,0,7283.0,1
4711,437,F,PhD,92,Other,92,93,Assist,0,7388.0,1
4712,437,F,PhD,92,Other,92,94,Assist,0,7388.0,1
4713,437,F,PhD,92,Other,92,95,Assist,0,7966.0,1
4714,438,M,PhD,77,Prof,76,76,Assist,0,1572.0,1
4715,438,M,PhD,77,Prof,76,77,Assist,0,1572.0,1
4716,438,M,PhD,77,Prof,76,80,Assist,0,2099.0,1
4717,438,M,PhD,77,Prof,76,81,Assist,0,2321.0,1
4718,438,M,PhD,77,Prof,76,82,Assoc,0,2532.0,2
4719,438,M,PhD,77,Prof,76,83,Assoc,0,2708.0,2
4720,438,M,PhD,77,Prof,76,84,Assoc,0,3152.0,2
4721,438,M,PhD,77,Prof,76,85,Assoc,0,3152.0,2
4722,438,M,PhD,77,Prof,76,86,Assoc,0,3799.0,2
4723,438,M,PhD,77,Prof,76,87,Assoc,0,3990.0,2
4724,438,M,PhD,77,Prof,76,88,Full,0,4165.0,3
4725,438,M,PhD,77,Prof,76,89,Full,0,5068.0,3
4726,438,M,PhD,77,Prof,76,90,Full,0,5698.0,3
4727,438,M,PhD,77,Prof,76,91,Full,0,6048.0,3
4728,438,M,PhD,77,Prof,76,92,Full,0,6781.0,3
4729,438,M,PhD,77,Prof,76,93,Full,0,6977.0,3
4730,438,M,PhD,77,Prof,76,94,Full,0,6977.0,3
4731,438,M,PhD,77,Prof,76,95,Full,0,7388.0,3
4733,440,M,PhD,50,Other,55,76,Full,0,3019.0,3
4734,440,M,PhD,50,Other,55,77,Full,0,3294.0,3
4735,440,M,PhD,50,Other,55,78,Full,0,3481.0,3
4736,440,M,PhD,50,Other,55,80,Full,0,4115.0,3
4737,440,M,PhD,50,Other,55,81,Full,0,4548.0,3
4738,440,M,PhD,50,Other,55,83,Full,0,5229.0,3
4739,440,M,PhD,50,Other,55,84,Full,0,5585.0,3
4740,440,M,PhD,50,Other,55,85,Full,0,5585.0,3
4741,440,M,PhD,50,Other,55,86,Full,0,7024.0,3
4742,440,M,PhD,50,Other,55,87,Full,0,7377.0,3
4743,440,M,PhD,50,Other,55,88,Full,0,7700.0,3
4744,440,M,PhD,50,Other,55,89,Full,0,8358.0,3
4745,440,M,PhD,50,Other,55,90,Full,0,11643.0,3
4746,440,M,PhD,50,Other,55,91,Full,0,12184.0,3
4747,440,M,PhD,50,Other,55,92,Full,0,12359.0,3
4748,440,M,PhD,50,Other,55,93,Full,0,12537.0,3
4749,440,M,PhD,50,Other,55,94,Full,0,12537.0,3
4750,440,M,PhD,50,Other,55,95,Full,0,12901.0,3
4751,442,M,PhD,85,Other,94,94,Assist,0,3769.0,1
4752,442,M,PhD,85,Other,94,95,Assist,0,3934.0,1
4753,443,M,PhD,66,Other,69,76,Assoc,0,2018.0,2
4754,443,M,PhD,66,Other,69,77,Assoc,0,2337.0,2
4755,443,M,PhD,66,Other,69,79,Full,0,2627.0,3
4756,443,M,PhD,66,Other,69,80,Full,0,2778.0,3
4757,443,M,PhD,66,Other,69,81,Full,0,3092.0,3
4758,443,M,PhD,66,Other,69,82,Full,1,3467.0,3
4759,443,M,PhD,66,Other,69,83,Full,1,3764.0,3
4760,443,M,PhD,66,Other,69,84,Full,1,4317.0,3
4761,443,M,PhD,66,Other,69,85,Full,1,4317.0,3
4762,443,M,PhD,66,Other,69,86,Full,1,5129.0,3
4763,443,M,PhD,66,Other,69,87,Full,0,5387.0,3
4764,443,M,PhD,66,Other,69,88,Full,0,5543.0,3
4765,443,M,PhD,66,Other,69,89,Full,0,5846.0,3
4766,443,M,PhD,66,Other,69,90,Full,0,6033.0,3
4767,443,M,PhD,66,Other,69,91,Full,0,6223.0,3
4768,443,M,PhD,66,Other,69,92,Full,0,6313.0,3
4769,443,M,PhD,66,Other,69,93,Full,0,6404.0,3
4770,443,M,PhD,66,Other,69,94,Full,0,6404.0,3
4771,443,M,PhD,66,Other,69,95,Full,0,6590.0,3
4772,444,F,PhD,85,Other,90,90,Assist,0,3929.0,1
4773,444,F,PhD,85,Other,90,91,Assist,0,3996.0,1
4774,444,F,PhD,85,Other,90,92,Assist,0,4171.0,1
4775,444,F,PhD,85,Other,90,93,Assist,0,4292.0,1
4776,444,F,PhD,85,Other,90,94,Assist,0,4292.0,1
4777,444,F,PhD,85,Other,90,95,Assist,0,4544.0,1
4778,446,M,PhD,75,Other,75,76,Assist,0,1501.0,1
4779,446,M,PhD,75,Other,75,77,Assist,0,1626.0,1
4780,446,M,PhD,75,Other,75,78,Assist,0,1710.0,1
4781,446,M,PhD,75,Other,75,79,Assist,0,1898.0,1
4782,446,M,PhD,75,Other,75,80,Assist,0,2040.0,1
4783,446,M,PhD,75,Other,75,81,Assoc,0,2223.0,2
4784,446,M,PhD,75,Other,75,82,Assoc,0,2319.697,2
4785,446,M,PhD,75,Other,75,83,Assoc,0,2448.0,2
4786,446,M,PhD,75,Other,75,84,Assoc,0,2651.0,2
4787,446,M,PhD,75,Other,75,85,Assoc,0,2651.0,2
4788,446,M,PhD,75,Other,75,86,Full,0,3242.0,3
4789,446,M,PhD,75,Other,75,87,Full,0,3406.0,3
4790,446,M,PhD,75,Other,75,88,Full,0,3658.0,3
4791,446,M,PhD,75,Other,75,89,Full,0,4085.0,3
4792,446,M,PhD,75,Other,75,90,Full,0,4276.0,3
4793,446,M,PhD,75,Other,75,91,Full,0,4538.0,3
4794,446,M,PhD,75,Other,75,92,Full,0,4737.0,3
4795,446,M,PhD,75,Other,75,93,Full,0,4875.0,3
4796,446,M,PhD,75,Other,75,94,Full,0,4875.0,3
4797,446,M,PhD,75,Other,75,95,Full,0,6348.0,3
4798,447,M,PhD,84,Prof,90,90,Assist,0,5305.0,1
4799,447,M,PhD,84,Prof,90,91,Assist,0,5394.0,1
4800,447,M,PhD,84,Prof,90,92,Assist,0,5551.0,1
4801,447,M,PhD,84,Prof,90,93,Assist,0,5712.0,1
4802,447,M,PhD,84,Prof,90,94,Assist,0,5712.0,1
4803,447,M,PhD,84,Prof,90,95,Assist,0,6048.0,1
4804,449,F,PhD,87,Arts,90,90,Assist,0,3357.0,1
4805,449,F,PhD,87,Arts,90,91,Assist,0,3414.0,1
4806,449,F,PhD,87,Arts,90,92,Assist,0,3667.0,1
4807,449,F,PhD,87,Arts,90,93,Assist,0,3774.0,1
4808,449,F,PhD,87,Arts,90,94,Assist,0,3774.0,1
4809,449,F,PhD,87,Arts,90,95,Assist,0,3883.0,1
4810,450,M,PhD,64,Arts,67,76,Assoc,0,1946.0,2
4811,450,M,PhD,64,Arts,67,77,Assoc,0,2125.373,2
4812,450,M,PhD,64,Arts,67,78,Assoc,0,2216.0,2
4813,450,M,PhD,64,Arts,67,79,Assoc,0,2454.0,2
4814,450,M,PhD,64,Arts,67,80,Assoc,0,2597.0,2
4815,450,M,PhD,64,Arts,67,81,Assoc,0,2838.0,2
4816,450,M,PhD,64,Arts,67,82,Assoc,0,3048.0,2
4817,450,M,PhD,64,Arts,67,83,Assoc,0,3216.0,2
4818,450,M,PhD,64,Arts,67,84,Assoc,0,3386.0,2
4819,450,M,PhD,64,Arts,67,85,Assoc,0,3386.0,2
4820,450,M,PhD,64,Arts,67,86,Full,0,3640.0,3
4821,450,M,PhD,64,Arts,67,87,Full,0,3822.0,3
4822,450,M,PhD,64,Arts,67,88,Full,0,3877.0,3
4823,450,M,PhD,64,Arts,67,89,Full,0,4247.761,3
4824,450,M,PhD,64,Arts,67,90,Full,0,4468.0,3
4825,450,M,PhD,64,Arts,67,91,Full,0,4610.0,3
4826,450,M,PhD,64,Arts,67,92,Full,0,4743.0,3
4827,450,M,PhD,64,Arts,67,93,Full,0,4812.0,3
4828,450,M,PhD,64,Arts,67,94,Full,0,4812.0,3
4829,450,M,PhD,64,Arts,67,95,Full,0,5631.0,3
4830,451,M,PhD,63,Other,63,76,Full,0,2303.0,3
4831,451,M,PhD,63,Other,63,77,Full,0,2628.0,3
4832,451,M,PhD,63,Other,63,78,Full,0,3021.0,3
4833,451,M,PhD,63,Other,63,79,Full,0,3556.0,3
4834,451,M,PhD,63,Other,63,80,Full,0,3782.09,3
4835,451,M,PhD,63,Other,63,81,Full,0,4235.0,3
4836,451,M,PhD,63,Other,63,82,Full,0,4485.0,3
4837,451,M,PhD,63,Other,63,83,Full,0,4732.0,3
4838,451,M,PhD,63,Other,63,84,Full,0,5125.0,3
4839,451,M,PhD,63,Other,63,85,Full,0,5125.0,3
4840,451,M,PhD,63,Other,63,86,Full,0,6177.0,3
4841,451,M,PhD,63,Other,63,87,Full,0,6486.0,3
4842,451,M,PhD,63,Other,63,88,Full,0,6771.0,3
4843,451,M,PhD,63,Other,63,89,Full,0,7244.0,3
4844,451,M,PhD,63,Other,63,90,Full,0,7583.0,3
4845,451,M,PhD,63,Other,63,91,Full,0,8049.0,3
4846,451,M,PhD,63,Other,63,92,Full,0,8402.0,3
4847,451,M,PhD,63,Other,63,93,Full,0,8646.0,3
4848,451,M,PhD,63,Other,63,94,Full,0,8646.0,3
4849,451,M,PhD,63,Other,63,95,Full,0,9025.0,3
4850,452,F,PhD,72,Other,91,91,Full,0,8896.0,3
4851,452,F,PhD,72,Other,91,92,Full,0,8896.0,3
4852,452,F,PhD,72,Other,91,93,Full,0,9025.0,3
4853,452,F,PhD,72,Other,91,94,Full,0,9025.0,3
4854,452,F,PhD,72,Other,91,95,Full,0,9556.0,3
4855,453,F,PhD,80,Prof,83,83,Assist,0,3406.0,1
4856,453,F,PhD,80,Prof,83,84,Assist,0,3586.0,1
4857,453,F,PhD,80,Prof,83,85,Assist,0,3586.0,1
4858,453,F,PhD,80,Prof,83,86,Assist,0,3909.0,1
4859,453,F,PhD,80,Prof,83,87,Assist,0,4105.0,1
4860,453,F,PhD,80,Prof,83,88,Assoc,0,4473.0,2
4861,453,F,PhD,80,Prof,83,89,Assoc,0,4786.0,2
4862,453,F,PhD,80,Prof,83,90,Assoc,0,5458.0,2
4863,453,F,PhD,80,Prof,83,91,Assoc,0,5712.0,2
4864,453,F,PhD,80,Prof,83,92,Assoc,0,5962.0,2
4865,453,F,PhD,80,Prof,83,93,Assoc,0,6135.0,2
4866,453,F,PhD,80,Prof,83,94,Full,1,7078.0,3
4867,453,F,PhD,80,Prof,83,95,Full,1,7712.0,3
4868,454,M,PhD,61,Other,64,76,Full,0,2517.0,3
4869,454,M,PhD,61,Other,64,77,Full,0,2800.0,3
4870,454,M,PhD,61,Other,64,78,Full,0,2932.0,3
4871,454,M,PhD,61,Other,64,79,Full,0,3219.0,3
4872,454,M,PhD,61,Other,64,80,Full,0,3705.0,3
4873,454,M,PhD,61,Other,64,81,Full,0,4174.0,3
4874,454,M,PhD,61,Other,64,82,Full,0,4296.0,3
4875,454,M,PhD,61,Other,64,83,Full,0,4798.0,3
4876,454,M,PhD,61,Other,64,84,Full,0,5427.0,3
4877,454,M,PhD,61,Other,64,85,Full,0,5427.0,3
4878,454,M,PhD,61,Other,64,86,Full,1,7024.0,3
4879,454,M,PhD,61,Other,64,87,Full,0,6580.0,3
4880,454,M,PhD,61,Other,64,88,Full,1,8271.0,3
4881,454,M,PhD,61,Other,64,89,Full,1,9024.0,3
4882,454,M,PhD,61,Other,64,90,Full,1,9582.0,3
4883,454,M,PhD,61,Other,64,91,Full,0,9420.0,3
4884,454,M,PhD,61,Other,64,92,Full,0,9693.0,3
4885,454,M,PhD,61,Other,64,93,Full,0,9974.0,3
4886,454,M,PhD,61,Other,64,94,Full,0,9974.0,3
4887,454,M,PhD,61,Other,64,95,Full,0,10411.0,3
4888,455,M,PhD,87,Other,88,88,Assist,0,3361.0,1
4889,455,M,PhD,87,Other,88,89,Assist,0,3396.0,1
4890,455,M,PhD,87,Other,88,90,Assist,0,3555.0,1
4891,455,M,PhD,87,Other,88,91,Assist,0,3828.0,1
4892,455,M,PhD,87,Other,88,92,Assist,0,3996.0,1
4893,455,M,PhD,87,Other,88,93,Assist,0,4171.0,1
4894,455,M,PhD,87,Other,88,94,Assoc,0,4292.0,2
4895,455,M,PhD,87,Other,88,95,Assoc,0,4610.0,2
4896,456,F,PhD,84,Other,86,86,Assist,0,3341.0,1
4897,456,F,PhD,84,Other,86,87,Assist,0,3508.0,1
4898,456,F,PhD,84,Other,86,88,Assist,0,3610.0,1
4899,456,F,PhD,84,Other,86,89,Assoc,0,4718.0,2
4900,456,F,PhD,84,Other,86,90,Assoc,0,4800.0,2
4901,456,F,PhD,84,Other,86,91,Assoc,0,4951.0,2
4902,456,F,PhD,84,Other,86,92,Assoc,0,5168.0,2
4903,456,F,PhD,84,Other,86,93,Assoc,0,5472.0,2
4904,456,F,PhD,84,Other,86,94,Assoc,0,5472.0,2
4905,456,F,PhD,84,Other,86,95,Assoc,0,7180.0,2
4906,457,M,PhD,60,Other,60,76,Full,1,3019.0,3
4907,457,M,PhD,60,Other,60,77,Full,1,3434.0,3
4908,457,M,PhD,60,Other,60,78,Full,0,3818.0,3
4909,457,M,PhD,60,Other,60,79,Full,0,4247.761,3
4910,457,M,PhD,60,Other,60,80,Full,0,4550.0,3
4911,457,M,PhD,60,Other,60,81,Full,0,5028.0,3
4912,457,M,PhD,60,Other,60,82,Full,0,5248.0,3
4913,457,M,PhD,60,Other,60,83,Full,0,5537.0,3
4914,457,M,PhD,60,Other,60,84,Full,0,5828.0,3
4915,457,M,PhD,60,Other,60,85,Full,0,5828.0,3
4916,457,M,PhD,60,Other,60,86,Full,0,6356.0,3
4917,457,M,PhD,60,Other,60,87,Full,0,6675.0,3
4918,457,M,PhD,60,Other,60,88,Full,0,6675.0,3
4919,457,M,PhD,60,Other,60,89,Full,0,7244.0,3
4920,457,M,PhD,60,Other,60,90,Full,0,7583.0,3
4921,457,M,PhD,60,Other,60,91,Full,0,8049.0,3
4922,457,M,PhD,60,Other,60,92,Full,0,8165.0,3
4923,457,M,PhD,60,Other,60,93,Full,0,8283.0,3
4924,457,M,PhD,60,Other,60,94,Full,0,8283.0,3
4925,457,M,PhD,60,Other,60,95,Full,0,8523.0,3
4926,458,M,PhD,81,Prof,92,92,Assoc,0,6048.0,2
4927,458,M,PhD,81,Prof,92,93,Assoc,0,6313.0,2
4928,458,M,PhD,81,Prof,92,94,Assoc,0,6313.0,2
4929,458,M,PhD,81,Prof,92,95,Assoc,0,6684.0,2
4930,459,M,PhD,78,Other,79,79,Assist,0,2334.0,1
4931,459,M,PhD,78,Other,79,80,Assist,0,2546.0,1
4932,459,M,PhD,78,Other,79,81,Assist,0,2920.0,1
4933,459,M,PhD,78,Other,79,82,Assist,0,3417.0,1
4934,459,M,PhD,78,Other,79,83,Assoc,0,4160.0,2
4935,459,M,PhD,78,Other,79,84,Assoc,0,4771.0,2
4936,459,M,PhD,78,Other,79,85,Assoc,0,4771.0,2
4937,459,M,PhD,78,Other,79,86,Assoc,0,6002.0,2
4938,459,M,PhD,78,Other,79,87,Assoc,0,6304.0,2
4939,459,M,PhD,78,Other,79,88,Assoc,0,7169.0,2
4940,459,M,PhD,78,Other,79,89,Assoc,0,7428.0,2
4941,459,M,PhD,78,Other,79,90,Assoc,0,7915.0,2
4942,459,M,PhD,78,Other,79,91,Assoc,0,8770.0,2
4943,459,M,PhD,78,Other,79,92,Assoc,0,9154.0,2
4944,459,M,PhD,78,Other,79,93,Assoc,0,9420.0,2
4945,459,M,PhD,78,Other,79,94,Assoc,0,9420.0,2
4946,459,M,PhD,78,Other,79,95,Assoc,0,9723.0,2
4947,461,M,PhD,77,Other,82,82,Assist,0,2532.0,1
4948,461,M,PhD,77,Other,82,83,Assist,0,2554.0,1
4949,461,M,PhD,77,Other,82,84,Assist,0,2768.0,1
4950,461,M,PhD,77,Other,82,85,Assist,0,2768.0,1
4951,461,M,PhD,77,Other,82,86,Assoc,0,3636.0,2
4952,461,M,PhD,77,Other,82,87,Assoc,0,3818.0,2
4953,461,M,PhD,77,Other,82,88,Assoc,0,4285.0,2
4954,461,M,PhD,77,Other,82,89,Full,0,4718.0,3
4955,461,M,PhD,77,Other,82,90,Full,0,4939.0,3
4956,461,M,PhD,77,Other,82,91,Full,0,5318.0,3
4957,461,M,PhD,77,Other,82,92,Full,0,5551.0,3
4958,461,M,PhD,77,Other,82,93,Full,0,5712.0,3
4959,461,M,PhD,77,Other,82,94,Full,0,5712.0,3
4960,461,M,PhD,77,Other,82,95,Full,0,6048.0,3
4961,462,M,PhD,83,Other,82,82,Assist,0,2014.0,1
4962,462,M,PhD,83,Other,82,83,Assist,0,2186.0,1
4963,462,M,PhD,83,Other,82,84,Assist,1,2507.0,1
4964,462,M,PhD,83,Other,82,85,Assist,0,2507.0,1
4965,462,M,PhD,83,Other,82,86,Assist,0,2937.0,1
4966,462,M,PhD,83,Other,82,87,Assist,0,3085.0,1
4967,462,M,PhD,83,Other,82,88,Assoc,0,3559.0,2
4968,462,M,PhD,83,Other,82,89,Assoc,0,3918.0,2
4969,462,M,PhD,83,Other,82,90,Assoc,0,4160.0,2
4970,462,M,PhD,83,Other,82,91,Assoc,0,5044.0,2
4971,462,M,PhD,83,Other,82,92,Assoc,0,4881.0,2
4972,462,M,PhD,83,Other,82,93,Full,0,7283.0,3
4973,462,M,PhD,83,Other,82,94,Full,1,7283.0,3
4974,462,M,PhD,83,Other,82,95,Full,1,7494.0,3
4975,463,M,PhD,72,Other,72,76,Assist,0,1713.0,1
4976,463,M,PhD,72,Other,72,77,Assoc,0,1980.0,2
4977,463,M,PhD,72,Other,72,78,Assoc,0,2176.0,2
4978,463,M,PhD,72,Other,72,79,Assoc,0,2411.0,2
4979,463,M,PhD,72,Other,72,80,Assoc,1,2867.0,2
4980,463,M,PhD,72,Other,72,81,Assoc,1,2943.0,2
4981,463,M,PhD,72,Other,72,83,Full,1,4096.0,3
4982,463,M,PhD,72,Other,72,84,Full,1,4312.0,3
4983,463,M,PhD,72,Other,72,85,Full,1,4312.0,3
4984,463,M,PhD,72,Other,72,86,Full,1,4702.0,3
4985,463,M,PhD,72,Other,72,87,Full,1,6573.0,3
4986,463,M,PhD,72,Other,72,88,Full,1,7102.0,3
4987,463,M,PhD,72,Other,72,89,Full,1,8005.0,3
4988,463,M,PhD,72,Other,72,90,Full,1,8644.0,3
4989,463,M,PhD,72,Other,72,91,Full,1,9163.0,3
4990,463,M,PhD,72,Other,72,92,Full,1,9447.0,3
4991,463,M,PhD,72,Other,72,93,Full,1,9767.0,3
4992,463,M,PhD,72,Other,72,94,Full,1,9767.0,3
4993,463,M,PhD,72,Other,72,95,Full,1,9767.0,3
4994,464,F,PhD,90,Other,90,90,Assist,0,3168.0,1
4995,464,F,PhD,90,Other,90,91,Assist,0,3220.929,1
4996,464,F,PhD,90,Other,90,92,Assist,0,3314.0,1
4997,464,F,PhD,90,Other,90,93,Assist,0,3410.224,1
4998,464,F,PhD,90,Other,90,94,Assist,0,3410.0,1
4999,464,F,PhD,90,Other,90,95,Assist,0,4165.0,1
5000,465,F,PhD,91,Other,91,91,Assist,0,8000.0,1
5001,465,F,PhD,91,Other,91,92,Assist,0,8000.0,1
5002,465,F,PhD,91,Other,91,93,Assist,0,8402.0,1
5003,465,F,PhD,91,Other,91,94,Assist,0,8402.0,1
5004,465,F,PhD,91,Other,91,95,Assist,0,8676.0,1
5005,466,M,PhD,66,Other,79,79,Full,0,3167.0,3
5006,466,M,PhD,66,Other,79,80,Full,0,3496.0,3
5007,466,M,PhD,66,Other,79,81,Full,0,3943.0,3
5008,466,M,PhD,66,Other,79,82,Full,0,4057.0,3
5009,466,M,PhD,66,Other,79,83,Full,0,4280.0,3
5010,466,M,PhD,66,Other,79,84,Full,0,4482.09,3
5011,466,M,PhD,66,Other,79,85,Full,1,4505.0,3
5012,466,M,PhD,66,Other,79,86,Full,1,4914.0,3
5013,466,M,PhD,66,Other,79,87,Full,1,5160.0,3
5014,466,M,PhD,66,Other,79,88,Full,1,5786.0,3
5015,466,M,PhD,66,Other,79,89,Full,1,6190.0,3
5016,466,M,PhD,66,Other,79,90,Full,1,6573.0,3
5017,466,M,PhD,66,Other,79,91,Full,1,7078.0,3
5018,466,M,PhD,66,Other,79,92,Full,1,7283.0,3
5019,466,M,PhD,66,Other,79,93,Full,0,7494.0,3
5020,466,M,PhD,66,Other,79,94,Full,0,7494.0,3
5021,466,M,PhD,66,Other,79,95,Full,0,7712.0,3
5022,467,M,PhD,69,Other,72,76,Assoc,0,1432.0,2
5023,467,M,PhD,69,Other,72,77,Assoc,0,1608.0,2
5024,467,M,PhD,69,Other,72,79,Assoc,0,2095.0,2
5025,467,M,PhD,69,Other,72,80,Assoc,0,2298.0,2
5026,467,M,PhD,69,Other,72,81,Assoc,0,2625.373,2
5027,467,M,PhD,69,Other,72,82,Full,0,2917.0,3
5028,467,M,PhD,69,Other,72,83,Full,0,3167.0,3
5029,467,M,PhD,69,Other,72,84,Full,0,3530.0,3
5030,467,M,PhD,69,Other,72,85,Full,0,3530.0,3
5031,467,M,PhD,69,Other,72,86,Full,0,4194.0,3
5032,467,M,PhD,69,Other,72,87,Full,0,4405.0,3
5033,467,M,PhD,69,Other,72,88,Full,0,4598.0,3
5034,467,M,PhD,69,Other,72,89,Full,0,4919.0,3
5035,467,M,PhD,69,Other,72,90,Full,0,5149.0,3
5036,467,M,PhD,69,Other,72,91,Full,0,5465.0,3
5037,467,M,PhD,69,Other,72,92,Full,0,5705.0,3
5038,467,M,PhD,69,Other,72,93,Full,0,5870.0,3
5039,467,M,PhD,69,Other,72,94,Full,0,5870.0,3
5040,467,M,PhD,69,Other,72,95,Full,0,6127.0,3
5041,468,M,PhD,67,Other,66,76,Assoc,0,1750.0,2
5042,468,M,PhD,67,Other,66,77,Assoc,0,1922.0,2
5043,468,M,PhD,67,Other,66,78,Assoc,0,2031.0,2
5044,468,M,PhD,67,Other,66,79,Assoc,0,2210.0,2
5045,468,M,PhD,67,Other,66,81,Assoc,0,2602.0,2
5046,468,M,PhD,67,Other,66,82,Full,0,2876.0,3
5047,468,M,PhD,67,Other,66,83,Full,0,3034.0,3
5048,468,M,PhD,67,Other,66,84,Full,0,3194.0,3
5049,468,M,PhD,67,Other,66,85,Full,0,3194.0,3
5050,468,M,PhD,67,Other,66,86,Full,0,3289.0,3
5051,468,M,PhD,67,Other,66,87,Full,0,3455.0,3
5052,468,M,PhD,67,Other,66,88,Full,0,3606.0,3
5053,468,M,PhD,67,Other,66,89,Full,0,4143.0,3
5054,468,M,PhD,67,Other,66,90,Full,0,4276.0,3
5055,468,M,PhD,67,Other,66,91,Full,0,4411.0,3
5056,468,M,PhD,67,Other,66,92,Full,0,4538.0,3
5057,468,M,PhD,67,Other,66,93,Full,0,4604.0,3
5058,468,M,PhD,67,Other,66,94,Full,0,4604.0,3
5059,468,M,PhD,67,Other,66,95,Full,0,5016.0,3
5060,469,F,PhD,83,Other,86,86,Assist,0,2471.0,1
5061,469,F,PhD,83,Other,86,87,Assist,0,2596.0,1
5062,469,F,PhD,83,Other,86,88,Assist,0,2710.0,1
5063,469,F,PhD,83,Other,86,89,Assist,0,2940.0,1
5064,469,F,PhD,83,Other,86,90,Assist,0,3122.0,1
5065,469,F,PhD,83,Other,86,91,Assist,0,3509.0,1
5066,469,F,PhD,83,Other,86,92,Assoc,0,4286.0,2
5067,469,F,PhD,83,Other,86,93,Assoc,0,4411.0,2
5068,469,F,PhD,83,Other,86,94,Assoc,0,4411.0,2
5069,469,F,PhD,83,Other,86,95,Assoc,1,5242.0,2
5070,470,F,PhD,74,Other,74,76,Assist,0,1563.0,1
5071,470,F,PhD,74,Other,74,77,Assist,0,1791.0,1
5072,470,F,PhD,74,Other,74,78,Assist,0,1904.0,1
5073,470,F,PhD,74,Other,74,79,Assist,0,2161.0,1
5074,470,F,PhD,74,Other,74,80,Assoc,0,2464.0,2
5075,470,F,PhD,74,Other,74,81,Assoc,0,2719.0,2
5076,470,F,PhD,74,Other,74,82,Assoc,0,2866.667,2
5077,470,F,PhD,74,Other,74,83,Assoc,1,3219.0,2
5078,470,F,PhD,74,Other,74,84,Assoc,0,3197.0,2
5079,470,F,PhD,74,Other,74,85,Assoc,0,3197.0,2
5080,470,F,PhD,74,Other,74,86,Assoc,0,3293.0,2
5081,470,F,PhD,74,Other,74,87,Assoc,0,3458.0,2
5082,470,F,PhD,74,Other,74,88,Assoc,1,3458.0,2
5083,470,F,PhD,74,Other,74,89,Assoc,1,3700.0,2
5084,470,F,PhD,74,Other,74,90,Assoc,1,3873.0,2
5085,470,F,PhD,74,Other,74,91,Assoc,1,4053.0,2
5086,470,F,PhD,74,Other,74,92,Assoc,1,4171.0,2
5087,470,F,PhD,74,Other,74,93,Assoc,1,4416.0,2
5088,470,F,PhD,74,Other,74,94,Assoc,1,4416.0,2
5089,470,F,PhD,74,Other,74,95,Assoc,1,4676.0,2
5090,471,M,PhD,80,Other,91,91,Assoc,0,4544.0,2
5091,471,M,PhD,80,Other,91,92,Assoc,0,4676.0,2
5092,471,M,PhD,80,Other,91,93,Assoc,0,5095.0,2
5093,471,M,PhD,80,Other,91,94,Assoc,0,5095.0,2
5094,471,M,PhD,80,Other,91,95,Assoc,0,5242.0,2
5095,472,F,PhD,71,Other,79,79,Assist,0,1958.0,1
5096,472,F,PhD,71,Other,79,80,Assist,0,2086.0,1
5097,472,F,PhD,71,Other,79,81,Assist,0,2353.0,1
5098,472,F,PhD,71,Other,79,82,Assist,0,2422.0,1
5099,472,F,PhD,71,Other,79,83,Assoc,0,2706.0,2
5100,472,F,PhD,71,Other,79,84,Assoc,0,2848.0,2
5101,472,F,PhD,71,Other,79,85,Assoc,0,2848.0,2
5102,472,F,PhD,71,Other,79,86,Assoc,0,3196.0,2
5103,472,F,PhD,71,Other,79,87,Assoc,0,3357.0,2
5104,472,F,PhD,71,Other,79,88,Assoc,0,3455.0,2
5105,472,F,PhD,71,Other,79,89,Assoc,0,3696.0,2
5106,472,F,PhD,71,Other,79,90,Assoc,0,3868.0,2
5107,472,F,PhD,71,Other,79,91,Assoc,0,4048.0,2
5108,472,F,PhD,71,Other,79,92,Assoc,0,4165.0,2
5109,472,F,PhD,71,Other,79,93,Assoc,0,4225.0,2
5110,472,F,PhD,71,Other,79,94,Assoc,0,4225.0,2
5111,472,F,PhD,71,Other,79,95,Assoc,0,4286.0,2
5112,473,M,PhD,82,Other,82,82,Assist,0,2255.0,1
5113,473,M,PhD,82,Other,82,83,Assist,0,2414.0,1
5114,473,M,PhD,82,Other,82,84,Assist,0,2651.0,1
5115,473,M,PhD,82,Other,82,85,Assist,0,2651.0,1
5116,473,M,PhD,82,Other,82,86,Assist,0,3063.333,1
5117,473,M,PhD,82,Other,82,87,Assist,0,4043.0,1
5118,473,M,PhD,82,Other,82,88,Assist,0,4160.0,1
5119,473,M,PhD,82,Other,82,89,Assist,0,4580.0,1
5120,473,M,PhD,82,Other,82,90,Assoc,0,5940.0,2
5121,473,M,PhD,82,Other,82,91,Assoc,0,6305.0,2
5122,473,M,PhD,82,Other,82,92,Assoc,0,7180.0,2
5123,473,M,PhD,82,Other,82,93,Assoc,0,7494.0,2
5124,473,M,PhD,82,Other,82,94,Assoc,0,7494.0,2
5125,473,M,PhD,82,Other,82,95,Full,0,8049.0,3
5126,474,F,PhD,85,Arts,85,85,Assist,0,2445.0,1
5127,474,F,PhD,85,Arts,85,86,Assist,0,2546.0,1
5128,474,F,PhD,85,Arts,85,87,Assist,0,2674.0,1
5129,474,F,PhD,85,Arts,85,88,Assist,0,2791.0,1
5130,474,F,PhD,85,Arts,85,89,Assist,0,3029.0,1
5131,474,F,PhD,85,Arts,85,90,Assist,0,3216.0,1
5132,474,F,PhD,85,Arts,85,91,Assoc,0,3828.0,2
5133,474,F,PhD,85,Arts,85,92,Assoc,0,4053.0,2
5134,474,F,PhD,85,Arts,85,93,Assoc,0,4231.0,2
5135,474,F,PhD,85,Arts,85,94,Assoc,0,4231.0,2
5136,474,F,PhD,85,Arts,85,95,Assoc,0,4480.0,2
5137,475,M,PhD,67,Other,72,76,Assoc,0,2053.0,2
5138,475,M,PhD,67,Other,72,77,Assoc,0,2256.0,2
5139,475,M,PhD,67,Other,72,78,Assoc,0,2378.0,2
5140,475,M,PhD,67,Other,72,79,Assoc,0,2627.0,2
5141,475,M,PhD,67,Other,72,80,Assoc,0,2824.0,2
5142,475,M,PhD,67,Other,72,81,Assoc,0,3092.0,2
5143,475,M,PhD,67,Other,72,82,Full,0,3275.0,3
5144,475,M,PhD,67,Other,72,83,Full,0,3455.0,3
5145,475,M,PhD,67,Other,72,84,Full,0,3742.0,3
5146,475,M,PhD,67,Other,72,85,Full,0,3742.0,3
5147,475,M,PhD,67,Other,72,86,Full,0,4321.0,3
5148,475,M,PhD,67,Other,72,87,Full,0,4538.0,3
5149,475,M,PhD,67,Other,72,88,Full,0,4669.0,3
5150,475,M,PhD,67,Other,72,89,Full,0,4996.0,3
5151,475,M,PhD,67,Other,72,90,Full,0,5229.0,3
5152,475,M,PhD,67,Other,72,91,Full,0,5551.0,3
5153,475,M,PhD,67,Other,72,92,Full,0,5712.0,3
5154,475,M,PhD,67,Other,72,93,Full,0,5878.0,3
5155,475,M,PhD,67,Other,72,94,Full,0,5878.0,3
5156,475,M,PhD,67,Other,72,95,Full,0,6048.0,3
5157,476,M,PhD,87,Prof,92,92,Assist,0,5631.0,1
5158,476,M,PhD,87,Prof,92,93,Assoc,0,5962.0,2
5159,476,M,PhD,87,Prof,92,94,Assoc,0,5962.0,2
5160,476,M,PhD,87,Prof,92,95,Assoc,0,6223.0,2
5161,477,M,PhD,72,Other,87,87,Full,0,6925.0,3
5162,477,M,PhD,72,Other,87,88,Full,0,6925.0,3
5163,477,M,PhD,72,Other,87,89,Full,0,7455.0,3
5164,477,M,PhD,72,Other,87,90,Full,0,7915.0,3
5165,477,M,PhD,72,Other,87,91,Full,0,8283.0,3
5166,477,M,PhD,72,Other,87,92,Full,0,9556.0,3
5167,477,M,PhD,72,Other,87,93,Full,0,9693.0,3
5168,477,M,PhD,72,Other,87,94,Full,0,9693.0,3
5169,477,M,PhD,72,Other,87,95,Full,1,10561.0,3
5171,479,F,PhD,81,Other,83,83,Assist,0,2379.0,1
5172,479,F,PhD,81,Other,83,84,Assist,0,2651.0,1
5173,479,F,PhD,81,Other,83,85,Assist,0,2651.0,1
5174,479,F,PhD,81,Other,83,86,Assist,0,2933.0,1
5175,479,F,PhD,81,Other,83,87,Assist,0,3082.0,1
5176,479,F,PhD,81,Other,83,88,Assist,0,3217.0,1
5177,479,F,PhD,81,Other,83,89,Assoc,0,3696.0,2
5178,479,F,PhD,81,Other,83,90,Assoc,0,4038.0,2
5179,479,F,PhD,81,Other,83,91,Assoc,0,4286.0,2
5180,479,F,PhD,81,Other,83,92,Assoc,0,4474.0,2
5181,479,F,PhD,81,Other,83,93,Assoc,0,4538.0,2
5182,479,F,PhD,81,Other,83,94,Assoc,0,4538.0,2
5183,479,F,PhD,81,Other,83,95,Assoc,0,4670.0,2
5184,480,M,PhD,70,Other,66,76,Assoc,0,2182.0,2
5185,480,M,PhD,70,Other,66,77,Assoc,0,2414.0,2
5186,480,M,PhD,70,Other,66,78,Assoc,0,2535.0,2
5187,480,M,PhD,70,Other,66,79,Assoc,0,2839.0,2
5188,480,M,PhD,70,Other,66,80,Assoc,0,3017.0,2
5189,480,M,PhD,70,Other,66,81,Assoc,0,3322.0,2
5190,480,M,PhD,70,Other,66,82,Full,0,3322.0,3
5191,480,M,PhD,70,Other,66,83,Full,0,3928.0,3
5192,480,M,PhD,70,Other,66,84,Full,0,4378.0,3
5193,480,M,PhD,70,Other,66,85,Full,0,4378.0,3
5194,480,M,PhD,70,Other,66,86,Full,1,5669.0,3
5195,480,M,PhD,70,Other,66,87,Full,1,5953.0,3
5196,480,M,PhD,70,Other,66,88,Full,1,5953.0,3
5197,480,M,PhD,70,Other,66,89,Full,1,6370.0,3
5198,480,M,PhD,70,Other,66,90,Full,1,6764.0,3
5199,480,M,PhD,70,Other,66,91,Full,1,7388.0,3
5200,480,M,PhD,70,Other,66,92,Full,1,7823.0,3
5201,480,M,PhD,70,Other,66,93,Full,0,8402.0,3
5202,480,M,PhD,70,Other,66,94,Full,0,8402.0,3
5203,480,M,PhD,70,Other,66,95,Full,0,8586.0,3
5204,481,M,PhD,91,Prof,94,94,Assist,0,6048.0,1
5205,481,M,PhD,91,Prof,94,95,Assist,0,6135.0,1
5206,482,M,PhD,71,Prof,79,79,Assoc,0,2805.0,2
5207,482,M,PhD,71,Prof,79,80,Assoc,0,3011.0,2
5208,482,M,PhD,71,Prof,79,81,Assoc,0,3467.0,2
5209,482,M,PhD,71,Prof,79,82,Assoc,0,3777.0,2
5210,482,M,PhD,71,Prof,79,83,Full,0,4220.0,3
5211,482,M,PhD,71,Prof,79,84,Full,0,4841.0,3
5212,482,M,PhD,71,Prof,79,85,Full,0,4841.0,3
5213,482,M,PhD,71,Prof,79,86,Full,0,6177.0,3
5214,482,M,PhD,71,Prof,79,87,Full,0,6486.0,3
5215,482,M,PhD,71,Prof,79,88,Full,0,6580.0,3
5216,482,M,PhD,71,Prof,79,89,Full,0,7244.0,3
5217,482,M,PhD,71,Prof,79,90,Full,0,8029.0,3
5218,482,M,PhD,71,Prof,79,91,Full,0,8523.0,3
5219,482,M,PhD,71,Prof,79,92,Full,0,8896.0,3
5220,482,M,PhD,71,Prof,79,93,Full,0,9154.0,3
5221,482,M,PhD,71,Prof,79,94,Full,0,9154.0,3
5222,482,M,PhD,71,Prof,79,95,Full,0,9556.0,3
5223,483,F,PhD,85,Other,90,90,Assist,0,4101.0,1
5224,483,F,PhD,85,Other,90,91,Assist,0,4171.0,1
5225,483,F,PhD,85,Other,90,92,Assist,0,4171.0,1
5226,483,F,PhD,85,Other,90,93,Assist,0,4292.0,1
5227,483,F,PhD,85,Other,90,94,Assist,0,4292.0,1
5228,483,F,PhD,85,Other,90,95,Assist,0,5095.0,1
5229,484,M,PhD,80,Other,84,84,Assoc,0,5082.0,2
5230,484,M,PhD,80,Other,84,85,Assoc,0,5082.0,2
5231,484,M,PhD,80,Other,84,86,Assoc,0,5917.0,2
5232,484,M,PhD,80,Other,84,87,Assoc,0,6214.0,2
5233,484,M,PhD,80,Other,84,88,Assoc,0,6675.0,2
5234,484,M,PhD,80,Other,84,89,Assoc,0,7349.0,2
5235,484,M,PhD,80,Other,84,90,Assoc,0,8029.0,2
5236,484,M,PhD,80,Other,84,91,Full,0,8896.0,3
5237,484,M,PhD,80,Other,84,92,Full,0,9420.0,3
5238,484,M,PhD,80,Other,84,93,Full,0,9974.0,3
5239,484,M,PhD,80,Other,84,94,Full,0,9974.0,3
5240,484,M,PhD,80,Other,84,95,Full,0,10293.0,3
5241,485,F,PhD,94,Other,94,94,Assist,0,4353.0,1
5242,485,F,PhD,94,Other,94,95,Assist,0,4416.0,1
5243,486,M,PhD,80,Other,85,85,Assist,0,3337.0,1
5244,486,M,PhD,80,Other,85,86,Assist,0,3437.0,1
5245,486,M,PhD,80,Other,85,87,Assist,0,3610.0,1
5246,486,M,PhD,80,Other,85,88,Assist,0,3662.0,1
5247,486,M,PhD,80,Other,85,89,Assist,0,3918.0,1
5248,486,M,PhD,80,Other,85,90,Assist,0,4160.0,1
5249,486,M,PhD,80,Other,85,91,Assoc,0,4480.0,2
5250,486,M,PhD,80,Other,85,92,Assoc,0,4676.0,2
5251,486,M,PhD,80,Other,85,93,Assoc,0,4812.0,2
5252,486,M,PhD,80,Other,85,94,Assoc,0,4812.0,2
5253,486,M,PhD,80,Other,85,95,Assoc,0,5168.0,2
5254,487,M,PhD,85,Other,85,85,Assist,0,2504.0,1
5255,487,M,PhD,85,Other,85,86,Assist,0,2580.0,1
5256,487,M,PhD,85,Other,85,87,Assist,0,2710.0,1
5257,487,M,PhD,85,Other,85,88,Assist,0,2788.0,1
5258,487,M,PhD,85,Other,85,89,Assist,0,3025.0,1
5259,487,M,PhD,85,Other,85,90,Assist,0,3306.0,1
5260,487,M,PhD,85,Other,85,91,Assoc,0,3559.0,2
5261,487,M,PhD,85,Other,85,92,Assoc,1,5054.0,2
5262,487,M,PhD,85,Other,85,93,Assoc,1,5187.0,2
5263,487,M,PhD,85,Other,85,94,Assoc,1,5437.0,2
5264,487,M,PhD,85,Other,85,95,Assoc,1,5395.0,2
5265,488,F,PhD,85,Other,86,86,Assist,0,3066.0,1
5266,488,F,PhD,85,Other,86,87,Assist,0,3220.0,1
5267,488,F,PhD,85,Other,86,88,Assist,0,3361.0,1
5268,488,F,PhD,85,Other,86,89,Assist,0,3648.0,1
5269,488,F,PhD,85,Other,86,90,Assoc,0,4160.0,2
5270,488,F,PhD,85,Other,86,91,Assoc,0,4416.0,2
5271,488,F,PhD,85,Other,86,92,Assoc,0,4676.0,2
5272,488,F,PhD,85,Other,86,93,Assoc,0,4812.0,2
5273,488,F,PhD,85,Other,86,94,Assoc,0,4812.0,2
5274,488,F,PhD,85,Other,86,95,Assoc,0,5095.0,2
5275,489,M,PhD,94,Arts,94,94,Assist,0,3774.0,1
5276,489,M,PhD,94,Arts,94,95,Assist,0,3939.0,1
5277,490,M,PhD,61,Prof,61,76,Full,0,2810.0,3
5278,490,M,PhD,61,Prof,61,77,Full,0,3066.0,3
5279,490,M,PhD,61,Prof,61,78,Full,0,3202.0,3
5280,490,M,PhD,61,Prof,61,80,Full,0,3801.0,3
5281,490,M,PhD,61,Prof,61,81,Full,0,4235.0,3
5282,490,M,PhD,61,Prof,61,82,Full,0,4421.0,3
5283,490,M,PhD,61,Prof,61,83,Full,0,4732.0,3
5284,490,M,PhD,61,Prof,61,84,Full,0,4981.0,3
5285,490,M,PhD,61,Prof,61,85,Full,0,4981.0,3
5286,490,M,PhD,61,Prof,61,86,Full,0,5833.0,3
5287,490,M,PhD,61,Prof,61,87,Full,0,6126.0,3
5288,490,M,PhD,61,Prof,61,88,Full,0,6304.0,3
5289,490,M,PhD,61,Prof,61,89,Full,0,6745.0,3
5290,490,M,PhD,61,Prof,61,90,Full,0,7915.0,3
5291,490,M,PhD,61,Prof,61,91,Full,0,8283.0,3
5292,490,M,PhD,61,Prof,61,92,Full,0,8523.0,3
5293,490,M,PhD,61,Prof,61,93,Full,0,8770.0,3
5294,490,M,PhD,61,Prof,61,94,Full,0,8770.0,3
5295,490,M,PhD,61,Prof,61,95,Full,0,8896.0,3
5297,492,M,PhD,77,Prof,77,77,Assist,0,1667.0,1
5298,492,M,PhD,77,Prof,77,78,Assist,0,1866.0,1
5299,492,M,PhD,77,Prof,77,79,Assist,0,2079.0,1
5300,492,M,PhD,77,Prof,77,80,Assist,0,2333.0,1
5301,492,M,PhD,77,Prof,77,81,Assist,0,2680.0,1
5302,492,M,PhD,77,Prof,77,82,Assoc,0,3005.0,2
5303,492,M,PhD,77,Prof,77,83,Assoc,0,3455.0,2
5304,492,M,PhD,77,Prof,77,84,Assoc,0,4135.0,2
5305,492,M,PhD,77,Prof,77,85,Assoc,0,4135.0,2
5306,492,M,PhD,77,Prof,77,86,Assoc,0,4844.0,2
5307,492,M,PhD,77,Prof,77,87,Assoc,0,5087.0,2
5308,492,M,PhD,77,Prof,77,88,Assoc,0,5387.0,2
5309,492,M,PhD,77,Prof,77,89,Assoc,0,6016.0,2
5310,492,M,PhD,77,Prof,77,90,Full,0,6826.866,3
5311,492,M,PhD,77,Prof,77,91,Full,0,7180.0,3
5312,492,M,PhD,77,Prof,77,92,Full,0,7494.0,3
5313,492,M,PhD,77,Prof,77,93,Full,0,7712.0,3
5314,492,M,PhD,77,Prof,77,94,Full,0,7712.0,3
5315,492,M,PhD,77,Prof,77,95,Full,0,8049.0,3
5316,494,M,PhD,67,Prof,78,78,Assist,0,2167.0,1
5317,494,M,PhD,67,Prof,78,79,Assist,0,2375.0,1
5318,494,M,PhD,67,Prof,78,80,Assist,0,2555.0,1
5319,494,M,PhD,67,Prof,78,81,Assist,0,2794.0,1
5320,494,M,PhD,67,Prof,78,82,Assist,0,2794.0,1
5321,494,M,PhD,67,Prof,78,83,Assist,0,2948.0,1
5322,494,M,PhD,67,Prof,78,84,Assoc,0,3194.0,2
5323,494,M,PhD,67,Prof,78,85,Assoc,0,3194.0,2
5324,494,M,PhD,67,Prof,78,86,Assoc,0,3688.0,2
5325,494,M,PhD,67,Prof,78,87,Assoc,0,3873.0,2
5326,494,M,PhD,67,Prof,78,88,Assoc,0,3986.0,2
5327,494,M,PhD,67,Prof,78,89,Full,0,4515.0,3
5328,494,M,PhD,67,Prof,78,90,Full,0,4725.0,3
5329,494,M,PhD,67,Prof,78,91,Full,0,4875.0,3
5330,494,M,PhD,67,Prof,78,92,Full,0,5016.0,3
5331,494,M,PhD,67,Prof,78,93,Full,0,5162.0,3
5332,494,M,PhD,67,Prof,78,94,Full,0,5162.0,3
5333,494,M,PhD,67,Prof,78,95,Full,0,5311.0,3
5334,495,M,PhD,60,Other,67,76,Full,1,3061.0,3
5335,495,M,PhD,60,Other,67,77,Full,1,3387.0,3
5336,495,M,PhD,60,Other,67,78,Full,0,3576.0,3
5337,495,M,PhD,60,Other,67,79,Full,0,4313.0,3
5338,495,M,PhD,60,Other,67,80,Full,0,3801.333,3
5339,495,M,PhD,60,Other,67,81,Full,0,4681.0,3
5340,495,M,PhD,60,Other,67,82,Full,1,5028.0,3
5341,495,M,PhD,60,Other,67,83,Full,1,5380.0,3
5342,495,M,PhD,60,Other,67,84,Full,1,5746.0,3
5343,495,M,PhD,60,Other,67,85,Full,1,5746.0,3
5344,495,M,PhD,60,Other,67,86,Full,1,6540.0,3
5345,495,M,PhD,60,Other,67,87,Full,0,6868.0,3
5346,495,M,PhD,60,Other,67,88,Full,0,7067.0,3
5347,495,M,PhD,60,Other,67,89,Full,0,7525.373,3
5348,495,M,PhD,60,Other,67,90,Full,0,7915.0,3
5349,495,M,PhD,60,Other,67,91,Full,0,8283.0,3
5350,495,M,PhD,60,Other,67,92,Full,0,8402.0,3
5351,495,M,PhD,60,Other,67,93,Full,0,8646.0,3
5352,495,M,PhD,60,Other,67,94,Full,0,8646.0,3
5353,495,M,PhD,60,Other,67,95,Full,0,8896.0,3
5354,496,M,PhD,77,Prof,78,78,Assist,0,1828.0,1
5355,496,M,PhD,77,Prof,78,79,Assist,0,2079.0,1
5356,496,M,PhD,77,Prof,78,80,Assist,0,2464.0,1
5357,496,M,PhD,77,Prof,78,81,Assist,0,2758.0,1
5358,496,M,PhD,77,Prof,78,82,Assoc,0,2962.0,2
5359,496,M,PhD,77,Prof,78,83,Assoc,0,3605.0,2
5360,496,M,PhD,77,Prof,78,84,Assoc,0,3851.0,2
5361,496,M,PhD,77,Prof,78,85,Assoc,0,3851.0,2
5362,496,M,PhD,77,Prof,78,86,Assoc,0,4321.0,2
5363,496,M,PhD,77,Prof,78,87,Full,0,4669.0,3
5364,496,M,PhD,77,Prof,78,88,Full,0,4805.0,3
5365,496,M,PhD,77,Prof,78,89,Full,0,5522.0,3
5366,496,M,PhD,77,Prof,78,90,Full,0,6480.0,3
5367,496,M,PhD,77,Prof,78,91,Full,0,6878.0,3
5368,496,M,PhD,77,Prof,78,92,Full,0,7388.0,3
5369,496,M,PhD,77,Prof,78,93,Full,0,7602.0,3
5370,496,M,PhD,77,Prof,78,94,Full,0,7602.0,3
5371,496,M,PhD,77,Prof,78,95,Full,0,8049.0,3
5372,497,M,PhD,66,Arts,66,76,Assist,0,1803.0,1
5373,497,M,PhD,66,Arts,66,77,Assist,0,1942.0,1
5374,497,M,PhD,66,Arts,66,78,Assist,0,2019.0,1
5375,497,M,PhD,66,Arts,66,79,Assist,0,2120.0,1
5376,497,M,PhD,66,Arts,66,80,Assist,0,2205.0,1
5377,497,M,PhD,66,Arts,66,81,Assist,0,2290.0,1
5378,497,M,PhD,66,Arts,66,82,Assist,0,2290.0,1
5379,497,M,PhD,66,Arts,66,83,Assist,0,2487.0,1
5380,497,M,PhD,66,Arts,66,84,Assist,0,2694.0,1
5381,497,M,PhD,66,Arts,66,85,Assist,0,2694.0,1
5382,497,M,PhD,66,Arts,66,86,Assist,0,2774.0,1
5383,497,M,PhD,66,Arts,66,87,Assist,0,2913.0,1
5384,497,M,PhD,66,Arts,66,88,Assist,0,2913.0,1
5385,497,M,PhD,66,Arts,66,89,Assist,0,3445.0,1
5386,497,M,PhD,66,Arts,66,90,Assist,0,3764.0,1
5387,497,M,PhD,66,Arts,66,91,Assist,0,3996.0,1
5388,497,M,PhD,66,Arts,66,92,Assist,0,4112.0,1
5389,497,M,PhD,66,Arts,66,93,Assist,0,4292.0,1
5390,497,M,PhD,66,Arts,66,94,Assist,0,4292.0,1
5391,497,M,PhD,66,Arts,66,95,Assist,0,4544.0,1
5392,498,M,PhD,75,Prof,76,76,Assist,0,1433.333,1
5393,498,M,PhD,75,Prof,76,77,Assist,0,1642.0,1
5394,498,M,PhD,75,Prof,76,78,Assist,0,1745.0,1
5395,498,M,PhD,75,Prof,76,79,Assist,0,2018.0,1
5396,498,M,PhD,75,Prof,76,80,Assist,0,2162.0,1
5397,498,M,PhD,75,Prof,76,81,Assist,0,2323.0,1
5398,498,M,PhD,75,Prof,76,82,Assoc,0,2532.0,2
5399,498,M,PhD,75,Prof,76,83,Assoc,0,2708.0,2
5400,498,M,PhD,75,Prof,76,84,Assoc,0,2977.0,2
5401,498,M,PhD,75,Prof,76,85,Assoc,0,2977.0,2
5402,498,M,PhD,75,Prof,76,86,Full,0,3854.0,3
5403,498,M,PhD,75,Prof,76,87,Full,0,4047.0,3
5404,498,M,PhD,75,Prof,76,88,Full,0,4105.0,3
5405,498,M,PhD,75,Prof,76,89,Full,0,4996.0,3
5406,498,M,PhD,75,Prof,76,90,Full,0,5537.0,3
5407,498,M,PhD,75,Prof,76,91,Full,0,5962.0,3
5408,498,M,PhD,75,Prof,76,92,Full,0,6781.0,3
5409,498,M,PhD,75,Prof,76,93,Full,0,6977.0,3
5410,498,M,PhD,75,Prof,76,94,Full,0,6977.0,3
5411,498,M,PhD,75,Prof,76,95,Full,0,7388.0,3
5412,499,M,PhD,64,Other,70,76,Full,0,2267.0,3
5413,499,M,PhD,64,Other,70,77,Full,0,2502.0,3
5414,499,M,PhD,64,Other,70,78,Full,0,2628.0,3
5415,499,M,PhD,64,Other,70,79,Full,0,2895.0,3
5416,499,M,PhD,64,Other,70,80,Full,0,3105.0,3
5417,499,M,PhD,64,Other,70,81,Full,0,3417.0,3
5418,499,M,PhD,64,Other,70,82,Full,0,3417.0,3
5419,499,M,PhD,64,Other,70,83,Full,0,3710.0,3
5420,499,M,PhD,64,Other,70,84,Full,0,4018.0,3
5421,499,M,PhD,64,Other,70,85,Full,0,4018.0,3
5422,499,M,PhD,64,Other,70,86,Full,0,4383.0,3
5423,499,M,PhD,64,Other,70,87,Full,0,4603.0,3
5424,499,M,PhD,64,Other,70,88,Full,0,4669.0,3
5425,499,M,PhD,64,Other,70,89,Full,0,4996.0,3
5426,499,M,PhD,64,Other,70,90,Full,0,5229.0,3
5427,499,M,PhD,64,Other,70,91,Full,0,5394.0,3
5428,499,M,PhD,64,Other,70,92,Full,0,5712.0,3
5429,499,M,PhD,64,Other,70,93,Full,0,5794.0,3
5430,499,M,PhD,64,Other,70,94,Full,0,5794.0,3
5431,499,M,PhD,64,Other,70,95,Full,0,6313.184,3
5432,500,M,PhD,69,Other,68,76,Assoc,0,1803.03,2
5433,500,M,PhD,69,Other,68,77,Assoc,0,2019.0,2
5434,500,M,PhD,69,Other,68,78,Assoc,0,2176.0,2
5435,500,M,PhD,69,Other,68,79,Assoc,0,2369.0,2
5436,500,M,PhD,69,Other,68,80,Assoc,0,2507.0,2
5437,500,M,PhD,69,Other,68,81,Assoc,0,2628.358,2
5438,500,M,PhD,69,Other,68,82,Assoc,0,2642.0,2
5439,500,M,PhD,69,Other,68,83,Assoc,0,2787.0,2
5440,500,M,PhD,69,Other,68,84,Assoc,0,2851.0,2
5441,500,M,PhD,69,Other,68,85,Assoc,0,2851.0,2
5442,500,M,PhD,69,Other,68,86,Assoc,0,2937.0,2
5443,500,M,PhD,69,Other,68,87,Assoc,0,3085.0,2
5444,500,M,PhD,69,Other,68,88,Assoc,0,3266.0,2
5445,500,M,PhD,69,Other,68,89,Assoc,0,3754.0,2
5446,500,M,PhD,69,Other,68,90,Assoc,0,3929.0,2
5447,500,M,PhD,69,Other,68,91,Assoc,0,4353.0,2
5448,500,M,PhD,69,Other,68,92,Assoc,0,4544.0,2
5449,500,M,PhD,69,Other,68,93,Full,0,4812.0,3
5450,500,M,PhD,69,Other,68,94,Full,0,4812.0,3
5451,500,M,PhD,69,Other,68,95,Full,0,5168.0,3
5452,501,M,PhD,82,Other,83,83,Assist,0,3605.0,1
5453,501,M,PhD,82,Other,83,84,Assist,0,4018.0,1
5454,501,M,PhD,82,Other,83,85,Assist,0,4018.0,1
5455,501,M,PhD,82,Other,83,86,Assist,0,4775.0,1
5456,501,M,PhD,82,Other,83,87,Assist,0,5015.0,1
5457,501,M,PhD,82,Other,83,88,Assoc,0,6126.0,2
5458,501,M,PhD,82,Other,83,89,Assoc,0,6940.0,2
5459,501,M,PhD,82,Other,83,90,Assoc,0,7997.0,2
5460,501,M,PhD,82,Other,83,91,Assoc,0,8770.0,2
5461,501,M,PhD,82,Other,83,92,Full,0,9693.0,3
5462,501,M,PhD,82,Other,83,93,Full,0,10263.0,3
5463,501,M,PhD,82,Other,83,94,Full,0,10263.0,3
5464,501,M,PhD,82,Other,83,95,Full,0,10862.0,3
5465,502,M,PhD,69,Other,74,76,Assoc,0,1910.0,2
5466,502,M,PhD,69,Other,74,77,Assoc,0,2097.0,2
5467,502,M,PhD,69,Other,74,78,Assoc,0,2216.0,2
5468,502,M,PhD,69,Other,74,80,Full,0,3011.0,3
5469,502,M,PhD,69,Other,74,81,Full,0,3467.0,3
5470,502,M,PhD,69,Other,74,82,Full,0,3619.0,3
5471,502,M,PhD,69,Other,74,83,Full,0,4468.0,3
5472,502,M,PhD,69,Other,74,84,Full,1,5585.0,3
5473,502,M,PhD,69,Other,74,85,Full,1,5585.0,3
5474,502,M,PhD,69,Other,74,86,Full,0,6177.0,3
5475,502,M,PhD,69,Other,74,87,Full,0,6486.0,3
5476,502,M,PhD,69,Other,74,88,Full,0,6675.0,3
5477,502,M,PhD,69,Other,74,89,Full,0,7040.0,3
5478,502,M,PhD,69,Other,74,90,Full,0,7369.0,3
5479,502,M,PhD,69,Other,74,91,Full,0,7712.0,3
5480,502,M,PhD,69,Other,74,92,Full,0,7823.0,3
5481,502,M,PhD,69,Other,74,93,Full,0,7935.0,3
5482,502,M,PhD,69,Other,74,94,Full,0,7935.0,3
5483,502,M,PhD,69,Other,74,95,Full,0,7935.0,3
5484,503,F,PhD,68,Other,72,76,Assist,0,1725.333,1
5485,503,F,PhD,68,Other,72,77,Assist,0,1898.0,1
5486,503,F,PhD,68,Other,72,78,Assist,0,1955.0,1
5487,503,F,PhD,68,Other,72,79,Assist,0,2167.0,1
5488,503,F,PhD,68,Other,72,80,Assoc,0,2440.0,2
5489,503,F,PhD,68,Other,72,81,Assoc,0,2677.333,2
5490,503,F,PhD,68,Other,72,82,Assoc,0,2916.0,2
5491,503,F,PhD,68,Other,72,83,Assoc,0,3077.0,2
5492,503,F,PhD,68,Other,72,84,Assoc,0,3332.857,2
5493,503,F,PhD,68,Other,72,85,Assoc,0,3333.0,2
5494,503,F,PhD,68,Other,72,86,Full,0,3741.333,3
5495,503,F,PhD,68,Other,72,87,Full,0,3929.333,3
5496,503,F,PhD,68,Other,72,88,Full,0,5010.227,3
5497,503,F,PhD,68,Other,72,89,Full,0,5435.789,3
5498,503,F,PhD,68,Other,72,90,Full,0,5771.579,3
5499,503,F,PhD,68,Other,72,91,Full,0,6127.368,3
5500,503,F,PhD,68,Other,72,92,Full,0,6396.0,3
5501,503,F,PhD,68,Other,72,93,Full,0,6581.0,3
5502,503,F,PhD,68,Other,72,94,Full,0,6581.0,3
5503,503,F,PhD,68,Other,72,95,Full,0,6772.0,3
5504,504,F,PhD,81,Arts,89,89,Assoc,0,4393.0,2
5505,504,F,PhD,81,Arts,89,90,Assoc,0,4468.0,2
5506,504,F,PhD,81,Arts,89,91,Assoc,0,4676.0,2
5507,504,F,PhD,81,Arts,89,92,Assoc,0,4881.0,2
5508,504,F,PhD,81,Arts,89,93,Full,0,5242.0,3
5509,504,F,PhD,81,Arts,89,94,Full,0,5242.0,3
5510,504,F,PhD,81,Arts,89,95,Full,0,5878.0,3
5511,505,F,PhD,89,Prof,89,89,Assist,0,4651.0,1
5512,505,F,PhD,89,Prof,89,90,Assist,0,5155.0,1
5513,505,F,PhD,89,Prof,89,91,Assist,0,5551.0,1
5514,505,F,PhD,89,Prof,89,92,Assist,0,5794.0,1
5515,505,F,PhD,89,Prof,89,93,Assist,0,5962.0,1
5516,505,F,PhD,89,Prof,89,94,Assoc,0,6135.0,2
5517,505,F,PhD,89,Prof,89,95,Assoc,0,6496.0,2
5518,506,M,PhD,68,Other,81,81,Full,0,3719.0,3
5519,506,M,PhD,68,Other,81,82,Full,0,3773.0,3
5520,506,M,PhD,68,Other,81,83,Full,0,3980.0,3
5521,506,M,PhD,68,Other,81,84,Full,0,4312.0,3
5522,506,M,PhD,68,Other,81,85,Full,0,4312.0,3
5523,506,M,PhD,68,Other,81,86,Full,0,4702.0,3
5524,506,M,PhD,68,Other,81,87,Full,0,4939.0,3
5525,506,M,PhD,68,Other,81,88,Full,0,5082.0,3
5526,506,M,PhD,68,Other,81,89,Full,0,5436.0,3
5527,506,M,PhD,68,Other,81,90,Full,0,5610.0,3
5528,506,M,PhD,68,Other,81,91,Full,0,5870.0,3
5529,506,M,PhD,68,Other,81,92,Full,0,6040.0,3
5530,506,M,PhD,68,Other,81,93,Full,0,6305.0,3
5531,506,M,PhD,68,Other,81,94,Full,0,6305.0,3
5532,506,M,PhD,68,Other,81,95,Full,0,6581.0,3
5533,507,M,PhD,83,Other,91,91,Assoc,0,3934.0,2
5534,507,M,PhD,83,Other,91,92,Assoc,0,4225.0,2
5535,507,M,PhD,83,Other,91,93,Assoc,0,4411.0,2
5536,507,M,PhD,83,Other,91,94,Assoc,0,4670.0,2
5537,507,M,PhD,83,Other,91,95,Assoc,0,4875.0,2
5538,509,M,PhD,70,Other,87,87,Full,0,6002.0,3
5539,509,M,PhD,70,Other,87,88,Full,0,6002.0,3
5540,509,M,PhD,70,Other,87,89,Full,0,6462.0,3
5541,509,M,PhD,70,Other,87,90,Full,0,6668.0,3
5542,509,M,PhD,70,Other,87,91,Full,0,6878.0,3
5543,509,M,PhD,70,Other,87,92,Full,0,7078.0,3
5544,509,M,PhD,70,Other,87,93,Full,0,7180.0,3
5545,509,M,PhD,70,Other,87,94,Full,0,7180.0,3
5546,509,M,PhD,70,Other,87,95,Full,0,7283.0,3
5547,510,M,PhD,70,Other,73,76,Assoc,0,1817.0,2
5548,510,M,PhD,70,Other,73,77,Assoc,0,2140.0,2
5549,510,M,PhD,70,Other,73,78,Full,0,2332.0,3
5550,510,M,PhD,70,Other,73,79,Full,0,2612.0,3
5551,510,M,PhD,70,Other,73,80,Full,0,2946.154,3
5552,510,M,PhD,70,Other,73,81,Full,0,3619.0,3
5553,510,M,PhD,70,Other,73,82,Full,0,3831.0,3
5554,510,M,PhD,70,Other,73,83,Full,0,4042.0,3
5555,510,M,PhD,70,Other,73,84,Full,0,4505.0,3
5556,510,M,PhD,70,Other,73,85,Full,0,4505.0,3
5557,510,M,PhD,70,Other,73,86,Full,0,5129.0,3
5558,510,M,PhD,70,Other,73,87,Full,0,5387.0,3
5559,510,M,PhD,70,Other,73,88,Full,0,5543.0,3
5560,510,M,PhD,70,Other,73,89,Full,0,6103.0,3
5561,510,M,PhD,70,Other,73,90,Full,0,6388.0,3
5562,510,M,PhD,70,Other,73,91,Full,0,6684.0,3
5563,510,M,PhD,70,Other,73,92,Full,0,6878.0,3
5564,510,M,PhD,70,Other,73,93,Full,0,7078.0,3
5565,510,M,PhD,70,Other,73,94,Full,0,7078.0,3
5566,510,M,PhD,70,Other,73,95,Full,0,7283.0,3
5567,511,F,PhD,75,Arts,78,78,Assist,0,1556.0,1
5568,511,F,PhD,75,Arts,78,79,Assist,0,1726.0,1
5569,511,F,PhD,75,Arts,78,80,Assist,0,1835.0,1
5570,511,F,PhD,75,Arts,78,81,Assist,0,2072.0,1
5571,511,F,PhD,75,Arts,78,82,Assist,0,2194.0,1
5572,511,F,PhD,75,Arts,78,83,Assist,0,2382.0,1
5573,511,F,PhD,75,Arts,78,84,Assoc,0,2694.0,2
5574,511,F,PhD,75,Arts,78,85,Assoc,0,2694.0,2
5575,511,F,PhD,75,Arts,78,86,Assoc,0,2774.0,2
5576,511,F,PhD,75,Arts,78,87,Assoc,0,2913.0,2
5577,511,F,PhD,75,Arts,78,88,Assoc,0,3266.0,2
5578,511,F,PhD,75,Arts,78,89,Assoc,0,3596.0,2
5579,511,F,PhD,75,Arts,78,90,Assoc,0,3658.0,2
5580,511,F,PhD,75,Arts,78,91,Assoc,0,3828.0,2
5581,511,F,PhD,75,Arts,78,92,Assoc,0,3939.0,2
5582,511,F,PhD,75,Arts,78,93,Assoc,0,3939.0,2
5583,511,F,PhD,75,Arts,78,94,Assoc,0,3939.0,2
5584,511,F,PhD,75,Arts,78,95,Assoc,0,3939.0,2
5585,512,M,PhD,81,Arts,91,91,Assoc,0,4812.0,2
5586,512,M,PhD,81,Arts,91,92,Assoc,0,4812.0,2
5587,512,M,PhD,81,Arts,91,93,Full,1,6590.0,3
5588,512,M,PhD,81,Arts,91,94,Full,1,6590.0,3
5589,512,M,PhD,81,Arts,91,95,Full,1,6878.0,3
5590,513,M,PhD,83,Other,89,89,Assoc,0,4393.0,2
5591,513,M,PhD,83,Other,89,90,Assoc,0,4468.0,2
5592,513,M,PhD,83,Other,89,91,Assoc,0,4743.0,2
5593,513,M,PhD,83,Other,89,92,Assoc,0,5022.0,2
5594,513,M,PhD,83,Other,89,93,Full,0,5394.0,3
5595,513,M,PhD,83,Other,89,94,Full,0,5394.0,3
5596,513,M,PhD,83,Other,89,95,Full,0,5794.0,3
5597,514,F,PhD,74,Other,79,79,Assoc,0,2834.0,2
5598,514,F,PhD,74,Other,79,80,Assoc,0,3040.0,2
5599,514,F,PhD,74,Other,79,81,Assoc,0,3369.0,2
5600,514,F,PhD,74,Other,79,82,Assoc,0,3568.0,2
5601,514,F,PhD,74,Other,79,83,Assoc,0,3764.0,2
5602,514,F,PhD,74,Other,79,84,Assoc,0,4077.333,2
5603,514,F,PhD,74,Other,79,85,Assoc,1,4317.0,2
5604,514,F,PhD,74,Other,79,86,Assoc,1,4316.0,2
5605,514,F,PhD,74,Other,79,87,Assoc,1,6033.0,2
5606,514,F,PhD,74,Other,79,88,Full,1,6707.0,3
5607,514,F,PhD,74,Other,79,89,Full,1,7364.0,3
5608,514,F,PhD,74,Other,79,90,Full,1,7879.0,3
5609,514,F,PhD,74,Other,79,91,Full,1,8431.0,3
5610,514,F,PhD,74,Other,79,92,Full,1,9003.0,3
5611,514,F,PhD,74,Other,79,93,Full,1,9395.0,3
5612,514,F,PhD,74,Other,79,94,Full,1,9395.0,3
5613,514,F,PhD,74,Other,79,95,Full,1,10400.0,3
5614,516,M,PhD,92,Other,91,91,Assist,0,6778.0,1
5615,516,M,PhD,92,Other,91,92,Assist,0,6778.0,1
5616,516,M,PhD,92,Other,91,93,Assist,0,6977.0,1
5617,516,M,PhD,92,Other,91,94,Assist,0,6977.0,1
5618,516,M,PhD,92,Other,91,95,Assist,0,7209.0,1
5619,517,F,PhD,66,Arts,80,80,Assist,0,2121.0,1
5620,517,F,PhD,66,Arts,80,81,Assist,0,2391.0,1
5621,517,F,PhD,66,Arts,80,82,Assist,0,2460.0,1
5622,517,F,PhD,66,Arts,80,83,Assist,0,2595.0,1
5623,517,F,PhD,66,Arts,80,84,Assist,0,2770.0,1
5624,517,F,PhD,66,Arts,80,85,Assoc,0,2851.0,2
5625,517,F,PhD,66,Arts,80,86,Assoc,0,3437.0,2
5626,517,F,PhD,66,Arts,80,87,Assoc,0,3610.0,2
5627,517,F,PhD,66,Arts,80,88,Assoc,0,3768.0,2
5628,517,F,PhD,66,Arts,80,89,Assoc,0,4032.0,2
5629,517,F,PhD,66,Arts,80,90,Assoc,0,4160.0,2
5630,517,F,PhD,66,Arts,80,91,Assoc,0,4610.0,2
5631,517,F,PhD,66,Arts,80,92,Assoc,0,4881.0,2
5632,517,F,PhD,66,Arts,80,93,Assoc,0,5022.0,2
5633,517,F,PhD,66,Arts,80,94,Full,0,5168.0,3
5634,517,F,PhD,66,Arts,80,95,Full,0,5394.0,3
5635,518,M,PhD,78,Prof,78,78,Assist,0,1828.0,1
5636,518,M,PhD,78,Prof,78,79,Assist,0,2039.0,1
5637,518,M,PhD,78,Prof,78,80,Assist,0,2247.0,1
5638,518,M,PhD,78,Prof,78,81,Assist,0,2567.0,1
5639,518,M,PhD,78,Prof,78,82,Assist,0,2758.0,1
5640,518,M,PhD,78,Prof,78,83,Assoc,0,3710.0,2
5641,518,M,PhD,78,Prof,78,84,Assoc,0,4018.0,2
5642,518,M,PhD,78,Prof,78,85,Assoc,0,4018.0,2
5643,518,M,PhD,78,Prof,78,86,Assoc,0,4775.0,2
5644,518,M,PhD,78,Prof,78,87,Assoc,0,5015.0,2
5645,518,M,PhD,78,Prof,78,88,Assoc,0,5160.0,2
5646,518,M,PhD,78,Prof,78,89,Full,0,5763.0,3
5647,518,M,PhD,78,Prof,78,90,Full,0,6764.0,3
5648,518,M,PhD,78,Prof,78,91,Full,0,7180.0,3
5649,518,M,PhD,78,Prof,78,92,Full,0,7494.0,3
5650,518,M,PhD,78,Prof,78,93,Full,0,7712.0,3
5651,518,M,PhD,78,Prof,78,94,Full,0,7712.0,3
5652,518,M,PhD,78,Prof,78,95,Full,0,8049.0,3
5653,520,M,PhD,75,Other,83,83,Assist,0,2708.0,1
5654,520,M,PhD,75,Other,83,84,Assist,0,2851.0,1
5655,520,M,PhD,75,Other,83,85,Assist,0,2851.0,1
5656,520,M,PhD,75,Other,83,86,Assoc,0,3437.0,2
5657,520,M,PhD,75,Other,83,87,Assoc,0,3610.0,2
5658,520,M,PhD,75,Other,83,88,Assoc,0,3715.0,2
5659,520,M,PhD,75,Other,83,89,Assoc,0,3918.0,2
5660,520,M,PhD,75,Other,83,90,Assoc,0,4043.0,2
5661,520,M,PhD,75,Other,83,91,Assoc,0,4171.0,2
5662,520,M,PhD,75,Other,83,92,Assoc,0,4171.0,2
5663,520,M,PhD,75,Other,83,93,Assoc,0,4231.0,2
5664,520,M,PhD,75,Other,83,94,Assoc,0,4231.0,2
5665,520,M,PhD,75,Other,83,95,Assoc,0,4292.0,2
5666,522,M,PhD,63,Other,69,76,Full,0,2291.045,3
5667,522,M,PhD,63,Other,69,77,Full,0,2544.0,3
5668,522,M,PhD,63,Other,69,78,Full,0,2671.0,3
5669,522,M,PhD,63,Other,69,79,Full,0,2986.0,3
5670,522,M,PhD,63,Other,69,80,Full,0,3202.0,3
5671,522,M,PhD,63,Other,69,81,Full,0,3517.0,3
5672,522,M,PhD,63,Other,69,82,Full,0,3619.0,3
5673,522,M,PhD,63,Other,69,83,Full,0,3928.0,3
5674,522,M,PhD,63,Other,69,84,Full,0,4378.0,3
5675,522,M,PhD,63,Other,69,85,Full,0,4378.0,3
5676,522,M,PhD,63,Other,69,86,Full,0,4775.0,3
5677,522,M,PhD,63,Other,69,87,Full,0,5015.0,3
5678,522,M,PhD,63,Other,69,88,Full,0,5160.0,3
5679,522,M,PhD,63,Other,69,89,Full,0,5601.0,3
5680,522,M,PhD,63,Other,69,90,Full,0,5863.0,3
5681,522,M,PhD,63,Other,69,91,Full,0,6313.0,3
5682,522,M,PhD,63,Other,69,92,Full,0,6496.0,3
5683,522,M,PhD,63,Other,69,93,Full,0,6684.0,3
5684,522,M,PhD,63,Other,69,94,Full,0,6684.0,3
5685,522,M,PhD,63,Other,69,95,Full,0,6878.0,3
5686,523,M,PhD,74,Prof,76,76,Assist,0,1430.0,1
5687,523,M,PhD,74,Prof,76,77,Assist,0,1642.0,1
5688,523,M,PhD,74,Prof,76,78,Assist,0,1640.0,1
5689,523,M,PhD,74,Prof,76,79,Assist,0,1944.0,1
5690,523,M,PhD,74,Prof,76,80,Assist,0,2162.0,1
5691,523,M,PhD,74,Prof,76,81,Assist,0,2357.0,1
5692,523,M,PhD,74,Prof,76,82,Assoc,0,2567.0,2
5693,523,M,PhD,74,Prof,76,83,Assoc,0,2748.0,2
5694,523,M,PhD,74,Prof,76,84,Assoc,0,2977.0,2
5695,523,M,PhD,74,Prof,76,85,Assoc,0,2977.0,2
5696,523,M,PhD,74,Prof,76,86,Full,0,3854.0,3
5697,523,M,PhD,74,Prof,76,87,Full,0,4047.0,3
5698,523,M,PhD,74,Prof,76,88,Full,0,4047.0,3
5699,523,M,PhD,74,Prof,76,89,Full,0,4925.0,3
5700,523,M,PhD,74,Prof,76,90,Full,0,5458.0,3
5701,523,M,PhD,74,Prof,76,91,Full,0,5962.0,3
5702,523,M,PhD,74,Prof,76,92,Full,0,6781.0,3
5703,523,M,PhD,74,Prof,76,93,Full,0,6977.0,3
5704,523,M,PhD,74,Prof,76,94,Full,0,6977.0,3
5705,523,M,PhD,74,Prof,76,95,Full,0,7388.0,3
5706,524,M,PhD,63,Prof,83,83,Full,1,6410.0,3
5707,524,M,PhD,63,Prof,83,84,Full,1,6723.0,3
5708,524,M,PhD,63,Prof,83,85,Full,1,6723.0,3
5709,524,M,PhD,63,Prof,83,86,Full,1,7764.0,3
5710,524,M,PhD,63,Prof,83,87,Full,1,8153.0,3
5711,524,M,PhD,63,Prof,83,88,Full,0,8153.0,3
5712,524,M,PhD,63,Prof,83,89,Full,0,8977.0,3
5713,524,M,PhD,63,Prof,83,90,Full,0,9669.0,3
5714,524,M,PhD,63,Prof,83,91,Full,1,10561.0,3
5715,524,M,PhD,63,Prof,83,92,Full,1,10888.0,3
5716,524,M,PhD,63,Prof,83,93,Full,1,11160.0,3
5717,524,M,PhD,63,Prof,83,94,Full,0,11160.0,3
5718,524,M,PhD,63,Prof,83,95,Full,0,11343.0,3
5719,525,F,PhD,77,Other,80,80,Assist,0,2000.0,1
5720,525,F,PhD,77,Other,80,81,Assist,0,2194.0,1
5721,525,F,PhD,77,Other,80,83,Assist,0,2451.0,1
5722,525,F,PhD,77,Other,80,84,Assist,0,2935.0,1
5723,525,F,PhD,77,Other,80,86,Assist,0,3293.0,1
5724,525,F,PhD,77,Other,80,87,Assist,0,3458.0,1
5725,525,F,PhD,77,Other,80,88,Assoc,0,3715.0,2
5726,525,F,PhD,77,Other,80,89,Assoc,0,3975.0,2
5727,525,F,PhD,77,Other,80,90,Assoc,0,4160.0,2
5728,525,F,PhD,77,Other,80,91,Assoc,0,4416.0,2
5729,525,F,PhD,77,Other,80,92,Assoc,0,4676.0,2
5730,525,F,PhD,77,Other,80,93,Assoc,0,4951.0,2
5731,525,F,PhD,77,Other,80,94,Assoc,0,4951.0,2
5732,525,F,PhD,77,Other,80,95,Assoc,0,5168.0,2
5733,526,M,PhD,85,Other,86,86,Assist,0,3293.0,1
5734,526,M,PhD,85,Other,86,87,Assist,0,3458.0,1
5735,526,M,PhD,85,Other,86,88,Assist,0,3508.0,1
5736,526,M,PhD,85,Other,86,89,Assist,0,3808.0,1
5737,526,M,PhD,85,Other,86,90,Assist,0,4101.0,1
5738,526,M,PhD,85,Other,86,91,Assoc,0,4544.0,2
5739,526,M,PhD,85,Other,86,92,Assoc,0,4812.0,2
5740,526,M,PhD,85,Other,86,93,Assoc,0,5095.0,2
5741,526,M,PhD,85,Other,86,94,Assoc,0,5095.0,2
5742,526,M,PhD,85,Other,86,95,Assoc,0,5472.0,2
5743,527,M,PhD,55,Other,57,76,Full,1,2852.0,3
5744,527,M,PhD,55,Other,57,77,Full,1,3202.0,3
5745,527,M,PhD,55,Other,57,78,Full,0,3434.0,3
5746,527,M,PhD,55,Other,57,79,Full,0,3755.0,3
5747,527,M,PhD,55,Other,57,80,Full,0,4010.0,3
5748,527,M,PhD,55,Other,57,81,Full,0,4358.0,3
5749,527,M,PhD,55,Other,57,82,Full,0,4358.0,3
5750,527,M,PhD,55,Other,57,83,Full,0,4643.939,3
5751,527,M,PhD,55,Other,57,84,Full,0,4908.0,3
5752,527,M,PhD,55,Other,57,85,Full,0,4908.0,3
5753,527,M,PhD,55,Other,57,86,Full,0,5354.0,3
5754,527,M,PhD,55,Other,57,87,Full,0,5623.0,3
5755,527,M,PhD,55,Other,57,88,Full,0,5786.0,3
5756,527,M,PhD,55,Other,57,89,Full,0,6280.0,3
5757,527,M,PhD,55,Other,57,90,Full,0,6668.0,3
5758,527,M,PhD,55,Other,57,91,Full,0,6977.0,3
5759,527,M,PhD,55,Other,57,92,Full,0,7180.0,3
5760,527,M,PhD,55,Other,57,93,Full,0,7388.0,3
5761,527,M,PhD,55,Other,57,94,Full,0,7388.0,3
5762,527,M,PhD,55,Other,57,95,Full,0,7602.0,3
5763,528,M,PhD,65,Arts,65,76,Full,0,2018.0,3
5764,528,M,PhD,65,Arts,65,77,Full,0,2256.0,3
5765,528,M,PhD,65,Arts,65,78,Full,0,2667.0,3
5766,528,M,PhD,65,Arts,65,79,Full,0,2986.0,3
5767,528,M,PhD,65,Arts,65,80,Full,0,3202.0,3
5768,528,M,PhD,65,Arts,65,81,Full,0,3550.746,3
5769,528,M,PhD,65,Arts,65,82,Full,0,3723.0,3
5770,528,M,PhD,65,Arts,65,83,Full,0,3928.0,3
5771,528,M,PhD,65,Arts,65,84,Full,1,4256.0,3
5772,528,M,PhD,65,Arts,65,85,Full,0,4256.0,3
5773,528,M,PhD,65,Arts,65,86,Full,0,4708.0,3
5774,528,M,PhD,65,Arts,65,87,Full,0,4944.0,3
5775,528,M,PhD,65,Arts,65,88,Full,0,5087.0,3
5776,528,M,PhD,65,Arts,65,89,Full,0,5443.0,3
5777,528,M,PhD,65,Arts,65,90,Full,0,5780.0,3
5778,528,M,PhD,65,Arts,65,91,Full,0,6223.0,3
5779,528,M,PhD,65,Arts,65,92,Full,0,6404.0,3
5780,528,M,PhD,65,Arts,65,93,Full,0,6590.0,3
5781,528,M,PhD,65,Arts,65,94,Full,0,6590.0,3
5782,528,M,PhD,65,Arts,65,95,Full,0,6684.0,3
5783,529,F,PhD,89,Arts,90,90,Assist,0,3711.0,1
5784,529,F,PhD,89,Arts,90,91,Assist,0,3774.0,1
5785,529,F,PhD,89,Arts,90,92,Assist,0,3883.0,1
5786,529,F,PhD,89,Arts,90,93,Assist,0,4053.0,1
5787,529,F,PhD,89,Arts,90,94,Assist,0,4053.0,1
5788,529,F,PhD,89,Arts,90,95,Assist,0,4292.0,1
5789,530,M,PhD,73,Prof,78,78,Assist,0,2000.0,1
5790,530,M,PhD,73,Prof,78,79,Assist,0,2247.0,1
5791,530,M,PhD,73,Prof,78,80,Assoc,0,2485.0,2
5792,530,M,PhD,73,Prof,78,81,Assoc,0,2755.0,2
5793,530,M,PhD,73,Prof,78,82,Assoc,0,2917.0,2
5794,530,M,PhD,73,Prof,78,83,Assoc,0,3077.0,2
5795,530,M,PhD,73,Prof,78,84,Full,0,3333.0,3
5796,530,M,PhD,73,Prof,78,85,Full,0,3333.0,3
5797,530,M,PhD,73,Prof,78,86,Full,0,4708.0,3
5798,530,M,PhD,73,Prof,78,87,Full,0,4944.0,3
5799,530,M,PhD,73,Prof,78,88,Full,0,5087.0,3
5800,530,M,PhD,73,Prof,78,89,Full,0,5443.0,3
5801,530,M,PhD,73,Prof,78,90,Full,0,5780.0,3
5802,530,M,PhD,73,Prof,78,91,Full,0,6048.0,3
5803,530,M,PhD,73,Prof,78,92,Full,0,6313.0,3
5804,530,M,PhD,73,Prof,78,93,Full,0,6404.0,3
5805,530,M,PhD,73,Prof,78,94,Full,0,6404.0,3
5806,530,M,PhD,73,Prof,78,95,Full,0,6590.0,3
5807,531,M,PhD,80,Prof,83,83,Assist,0,2414.0,1
5808,531,M,PhD,80,Prof,83,84,Assist,0,2811.0,1
5809,531,M,PhD,80,Prof,83,85,Assist,0,2811.0,1
5810,531,M,PhD,80,Prof,83,86,Assist,0,3155.0,1
5811,531,M,PhD,80,Prof,83,87,Assist,0,3313.0,1
5812,531,M,PhD,80,Prof,83,88,Assist,0,3361.0,1
5813,531,M,PhD,80,Prof,83,89,Assist,0,3648.0,1
5814,531,M,PhD,80,Prof,83,90,Assoc,0,4220.0,2
5815,531,M,PhD,80,Prof,83,91,Assoc,0,4416.0,2
5816,531,M,PhD,80,Prof,83,92,Assoc,0,4720.0,2
5817,531,M,PhD,80,Prof,83,93,Assoc,0,4856.0,2
5818,531,M,PhD,80,Prof,83,94,Assoc,0,4856.0,2
5819,531,M,PhD,80,Prof,83,95,Assoc,0,5095.0,2
5820,532,M,PhD,65,Other,65,76,Assoc,0,2138.0,2
5821,532,M,PhD,65,Other,65,77,Assoc,0,2352.0,2
5822,532,M,PhD,65,Other,65,79,Full,0,2917.0,3
5823,532,M,PhD,65,Other,65,80,Full,0,3209.0,3
5824,532,M,PhD,65,Other,65,81,Full,0,3667.0,3
5825,532,M,PhD,65,Other,65,82,Full,0,3773.0,3
5826,532,M,PhD,65,Other,65,83,Full,0,3980.0,3
5827,532,M,PhD,65,Other,65,84,Full,0,4190.0,3
5828,532,M,PhD,65,Other,65,85,Full,0,4190.0,3
5829,532,M,PhD,65,Other,65,86,Full,0,4316.0,3
5830,532,M,PhD,65,Other,65,87,Full,0,4533.0,3
5831,532,M,PhD,65,Other,65,88,Full,0,4598.0,3
5832,532,M,PhD,65,Other,65,89,Full,0,4919.0,3
5833,532,M,PhD,65,Other,65,90,Full,0,5149.0,3
5834,532,M,PhD,65,Other,65,91,Full,0,5388.0,3
5835,532,M,PhD,65,Other,65,92,Full,0,5624.0,3
5836,532,M,PhD,65,Other,65,93,Full,0,5787.0,3
5837,532,M,PhD,65,Other,65,94,Full,0,5787.0,3
5838,532,M,PhD,65,Other,65,95,Full,0,5955.0,3
5839,533,M,PhD,73,Other,82,82,Assist,0,2357.0,1
5840,533,M,PhD,73,Other,82,83,Assist,0,2487.0,1
5841,533,M,PhD,73,Other,82,84,Assist,0,2770.0,1
5842,533,M,PhD,73,Other,82,85,Assist,0,2770.0,1
5843,533,M,PhD,73,Other,82,86,Assist,0,3293.0,1
5844,533,M,PhD,73,Other,82,87,Assoc,0,3559.0,2
5845,533,M,PhD,73,Other,82,88,Assoc,0,3662.0,2
5846,533,M,PhD,73,Other,82,89,Assoc,0,3975.0,2
5847,533,M,PhD,73,Other,82,90,Assoc,0,4220.0,2
5848,533,M,PhD,73,Other,82,91,Assoc,0,4676.0,2
5849,533,M,PhD,73,Other,82,92,Assoc,0,4812.0,2
5850,533,M,PhD,73,Other,82,93,Assoc,0,4951.0,2
5851,533,M,PhD,73,Other,82,94,Full,0,5095.0,3
5852,533,M,PhD,73,Other,82,95,Full,0,5394.0,3
5853,534,F,PhD,89,Other,93,93,Assist,0,3996.0,1
5854,534,F,PhD,89,Other,93,94,Assist,0,3996.0,1
5855,534,F,PhD,89,Other,93,95,Assist,0,4231.0,1
5856,535,M,PhD,61,Prof,77,77,Full,1,3500.0,3
5857,535,M,PhD,61,Prof,77,78,Full,1,3681.0,3
5858,535,M,PhD,61,Prof,77,79,Full,1,4109.0,3
5859,535,M,PhD,61,Prof,77,80,Full,1,4460.0,3
5860,535,M,PhD,61,Prof,77,81,Full,1,5093.0,3
5861,535,M,PhD,61,Prof,77,82,Full,1,5393.0,3
5862,535,M,PhD,61,Prof,77,83,Full,1,5771.0,3
5863,535,M,PhD,61,Prof,77,84,Full,1,6163.0,3
5864,535,M,PhD,61,Prof,77,85,Full,0,6723.0,3
5865,535,M,PhD,61,Prof,77,86,Full,0,7332.0,3
5866,535,M,PhD,61,Prof,77,87,Full,1,7700.0,3
5867,535,M,PhD,61,Prof,77,88,Full,1,7924.0,3
5868,535,M,PhD,61,Prof,77,89,Full,1,8600.0,3
5869,535,M,PhD,61,Prof,77,90,Full,0,9396.0,3
5870,535,M,PhD,61,Prof,77,91,Full,0,9833.0,3
5871,535,M,PhD,61,Prof,77,92,Full,0,10118.0,3
5872,535,M,PhD,61,Prof,77,93,Full,0,10411.0,3
5873,535,M,PhD,61,Prof,77,94,Full,0,10411.0,3
5874,535,M,PhD,61,Prof,77,95,Full,0,10867.0,3
5875,536,F,PhD,83,Arts,85,85,Assist,0,2892.0,1
5876,536,F,PhD,83,Arts,85,86,Assist,0,2980.0,1
5877,536,F,PhD,83,Arts,85,87,Assist,0,3129.0,1
5878,536,F,PhD,83,Arts,85,88,Assist,0,3220.0,1
5879,536,F,PhD,83,Arts,85,89,Assist,0,3445.0,1
5880,536,F,PhD,83,Arts,85,90,Assist,0,3606.0,1
5881,536,F,PhD,83,Arts,85,91,Assoc,0,3939.0,2
5882,536,F,PhD,83,Arts,85,92,Assoc,0,4112.0,2
5883,536,F,PhD,83,Arts,85,93,Assoc,0,4292.0,2
5884,536,F,PhD,83,Arts,85,94,Assoc,0,4292.0,2
5885,536,F,PhD,83,Arts,85,95,Assoc,0,4544.0,2
5886,537,M,PhD,81,Other,83,83,Assist,0,2416.0,1
5887,537,M,PhD,81,Other,83,84,Assist,0,2732.0,1
5888,537,M,PhD,81,Other,83,85,Assist,0,2732.0,1
5889,537,M,PhD,81,Other,83,86,Assist,0,3389.0,1
5890,537,M,PhD,81,Other,83,87,Assoc,0,3662.0,2
5891,537,M,PhD,81,Other,83,88,Assoc,0,3822.0,2
5892,537,M,PhD,81,Other,83,89,Assoc,0,4208.0,2
5893,537,M,PhD,81,Other,83,90,Assoc,0,4533.0,2
5894,537,M,PhD,81,Other,83,91,Assoc,0,5022.0,2
5895,537,M,PhD,81,Other,83,92,Full,0,5472.0,3
5896,537,M,PhD,81,Other,83,93,Full,0,5712.0,3
5897,537,M,PhD,81,Other,83,94,Full,0,5712.0,3
5898,537,M,PhD,81,Other,83,95,Full,0,5962.0,3
5899,538,M,PhD,91,Other,91,91,Assist,0,6778.0,1
5900,538,M,PhD,91,Other,91,92,Assist,0,6778.0,1
5901,538,M,PhD,91,Other,91,93,Assist,0,6977.0,1
5902,538,M,PhD,91,Other,91,94,Assist,0,6977.0,1
5903,538,M,PhD,91,Other,91,95,Assist,0,7321.0,1
5904,539,M,PhD,57,Other,64,76,Full,0,2643.0,3
5905,539,M,PhD,57,Other,64,77,Full,0,3066.0,3
5906,539,M,PhD,57,Other,64,78,Full,0,3202.0,3
5907,539,M,PhD,57,Other,64,79,Full,0,3556.0,3
5908,539,M,PhD,57,Other,64,80,Full,0,3852.0,3
5909,539,M,PhD,57,Other,64,81,Full,0,4174.0,3
5910,539,M,PhD,57,Other,64,82,Full,0,4296.0,3
5911,539,M,PhD,57,Other,64,83,Full,0,4531.0,3
5912,539,M,PhD,57,Other,64,84,Full,0,5052.0,3
5913,539,M,PhD,57,Other,64,85,Full,0,5052.0,3
5914,539,M,PhD,57,Other,64,86,Full,0,5751.0,3
5915,539,M,PhD,57,Other,64,87,Full,1,6580.0,3
5916,539,M,PhD,57,Other,64,88,Full,1,6967.0,3
5917,539,M,PhD,57,Other,64,89,Full,1,7562.0,3
5918,539,M,PhD,57,Other,64,90,Full,1,8145.0,3
5919,539,M,PhD,57,Other,64,91,Full,1,8646.0,3
5920,539,M,PhD,57,Other,64,92,Full,0,8896.0,3
5921,539,M,PhD,57,Other,64,93,Full,0,9154.0,3
5922,539,M,PhD,57,Other,64,94,Full,0,9154.0,3
5923,539,M,PhD,57,Other,64,95,Full,0,9420.0,3
5924,540,M,PhD,66,Other,69,76,Assoc,0,2173.0,2
5925,540,M,PhD,66,Other,69,77,Assoc,0,2369.0,2
5926,540,M,PhD,66,Other,69,78,Full,0,2514.0,3
5927,540,M,PhD,66,Other,69,79,Full,1,2806.0,3
5928,540,M,PhD,66,Other,69,80,Full,0,3016.0,3
5929,540,M,PhD,66,Other,69,81,Full,1,3413.0,3
5930,540,M,PhD,66,Other,69,82,Full,1,3563.0,3
5931,540,M,PhD,66,Other,69,83,Full,1,4009.0,3
5932,540,M,PhD,66,Other,69,84,Full,1,4207.0,3
5933,540,M,PhD,66,Other,69,85,Full,1,4390.0,3
5934,540,M,PhD,66,Other,69,86,Full,1,4516.0,3
5935,540,M,PhD,66,Other,69,87,Full,1,4733.0,3
5936,540,M,PhD,66,Other,69,88,Full,1,4864.0,3
5937,540,M,PhD,66,Other,69,89,Full,1,4990.0,3
5938,540,M,PhD,66,Other,69,90,Full,0,5149.0,3
5939,540,M,PhD,66,Other,69,91,Full,0,5388.0,3
5940,540,M,PhD,66,Other,69,92,Full,0,5544.0,3
5941,540,M,PhD,66,Other,69,93,Full,0,5705.0,3
5942,540,M,PhD,66,Other,69,94,Full,0,5706.0,3
5943,540,M,PhD,66,Other,69,95,Full,0,5870.0,3
5944,541,M,PhD,69,Other,69,76,Assoc,0,1859.0,2
5945,541,M,PhD,69,Other,69,77,Assoc,0,2045.0,2
5946,541,M,PhD,69,Other,69,78,Assoc,0,2157.0,2
5947,541,M,PhD,69,Other,69,79,Assoc,0,2391.0,2
5948,541,M,PhD,69,Other,69,80,Assoc,0,2570.0,2
5949,541,M,PhD,69,Other,69,81,Assoc,0,2834.0,2
5950,541,M,PhD,69,Other,69,82,Assoc,0,2834.0,2
5951,541,M,PhD,69,Other,69,83,Full,0,3077.0,3
5952,541,M,PhD,69,Other,69,84,Full,0,3240.0,3
5953,541,M,PhD,69,Other,69,85,Full,0,3240.0,3
5954,541,M,PhD,69,Other,69,86,Full,0,3337.0,3
5955,541,M,PhD,69,Other,69,87,Full,0,3505.0,3
5956,541,M,PhD,69,Other,69,88,Full,0,3873.0,3
5957,541,M,PhD,69,Other,69,89,Full,0,4603.0,3
5958,541,M,PhD,69,Other,69,90,Full,0,4463.0,3
5959,541,M,PhD,69,Other,69,91,Full,0,5070.0,3
5960,541,M,PhD,69,Other,69,92,Full,0,4806.0,3
5961,541,M,PhD,69,Other,69,93,Full,0,4945.0,3
5962,541,M,PhD,69,Other,69,94,Full,0,4945.0,3
5963,541,M,PhD,69,Other,69,95,Full,0,6496.0,3
5964,542,M,PhD,68,Other,78,78,Assoc,0,2870.0,2
5965,542,M,PhD,68,Other,78,79,Full,0,3158.0,3
5966,542,M,PhD,68,Other,78,80,Full,0,3356.0,3
5967,542,M,PhD,68,Other,78,81,Full,0,3831.0,3
5968,542,M,PhD,68,Other,78,82,Full,0,4057.0,3
5969,542,M,PhD,68,Other,78,83,Full,0,4798.0,3
5970,542,M,PhD,68,Other,78,84,Full,0,5349.0,3
5971,542,M,PhD,68,Other,78,85,Full,0,5349.0,3
5972,542,M,PhD,68,Other,78,86,Full,1,7736.0,3
5973,542,M,PhD,68,Other,78,87,Full,1,8125.0,3
5974,542,M,PhD,68,Other,78,88,Full,1,9080.0,3
5975,542,M,PhD,68,Other,78,89,Full,1,11217.0,3
5976,542,M,PhD,68,Other,78,90,Full,0,8262.0,3
5977,542,M,PhD,68,Other,78,91,Full,0,8523.0,3
5978,542,M,PhD,68,Other,78,92,Full,0,9025.0,3
5979,542,M,PhD,68,Other,78,93,Full,0,9154.0,3
5980,542,M,PhD,68,Other,78,94,Full,0,9154.0,3
5981,542,M,PhD,68,Other,78,95,Full,0,9449.0,3
5982,543,M,PhD,54,Prof,61,76,Full,0,3637.313,3
5983,543,M,PhD,54,Prof,61,77,Full,0,3847.761,3
5984,543,M,PhD,54,Prof,61,78,Full,0,4015.714,3
5985,543,M,PhD,54,Prof,61,79,Full,0,4322.0,3
5986,543,M,PhD,54,Prof,61,80,Full,0,4606.0,3
5987,543,M,PhD,54,Prof,61,81,Full,0,5100.0,3
5988,543,M,PhD,54,Prof,61,82,Full,0,5324.0,3
5989,543,M,PhD,54,Prof,61,83,Full,0,5617.0,3
5990,543,M,PhD,54,Prof,61,84,Full,0,5997.0,3
5991,543,M,PhD,54,Prof,61,85,Full,0,5997.0,3
5992,543,M,PhD,54,Prof,61,86,Full,0,6540.0,3
5993,543,M,PhD,54,Prof,61,87,Full,0,6868.0,3
5994,543,M,PhD,54,Prof,61,88,Full,1,7377.0,3
5995,543,M,PhD,54,Prof,61,89,Full,1,7893.0,3
5996,543,M,PhD,54,Prof,61,90,Full,1,8502.0,3
5997,543,M,PhD,54,Prof,61,91,Full,1,8896.0,3
5998,543,M,PhD,54,Prof,61,92,Full,1,9154.0,3
5999,543,M,PhD,54,Prof,61,93,Full,1,9286.0,3
6000,543,M,PhD,54,Prof,61,94,Full,1,9286.0,3
6001,543,M,PhD,54,Prof,61,95,Full,0,9420.0,3
6002,544,M,PhD,68,Other,72,76,Full,0,2079.104,3
6003,544,M,PhD,68,Other,72,77,Full,0,2256.0,3
6004,544,M,PhD,68,Other,72,78,Full,0,2502.0,3
6005,544,M,PhD,68,Other,72,79,Full,0,2759.0,3
6006,544,M,PhD,68,Other,72,80,Full,0,2964.0,3
6007,544,M,PhD,68,Other,72,81,Full,0,3348.0,3
6008,544,M,PhD,68,Other,72,82,Full,0,3517.0,3
6009,544,M,PhD,68,Other,72,83,Full,0,3764.0,3
6010,544,M,PhD,68,Other,72,84,Full,0,4135.0,3
6011,544,M,PhD,68,Other,72,85,Full,0,4135.0,3
6012,544,M,PhD,68,Other,72,86,Full,0,4844.0,3
6013,544,M,PhD,68,Other,72,87,Full,0,5087.0,3
6014,544,M,PhD,68,Other,72,88,Full,0,5310.0,3
6015,544,M,PhD,68,Other,72,89,Full,0,5846.0,3
6016,544,M,PhD,68,Other,72,90,Full,0,8262.0,3
6017,544,M,PhD,68,Other,72,91,Full,0,8402.0,3
6018,544,M,PhD,68,Other,72,92,Full,0,8646.0,3
6019,544,M,PhD,68,Other,72,93,Full,0,8896.0,3
6020,544,M,PhD,68,Other,72,94,Full,0,8896.0,3
6021,544,M,PhD,68,Other,72,95,Full,0,9286.0,3
6022,545,M,PhD,72,Other,85,85,Full,0,4505.0,3
6023,545,M,PhD,72,Other,85,86,Full,0,4641.0,3
6024,545,M,PhD,72,Other,85,87,Full,0,4874.0,3
6025,545,M,PhD,72,Other,85,88,Full,0,5087.0,3
6026,545,M,PhD,72,Other,85,89,Full,0,5522.0,3
6027,545,M,PhD,72,Other,85,90,Full,0,5780.0,3
6028,545,M,PhD,72,Other,85,91,Full,0,6223.0,3
6029,545,M,PhD,72,Other,85,92,Full,0,6496.0,3
6030,545,M,PhD,72,Other,85,93,Full,0,6684.0,3
6031,545,M,PhD,72,Other,85,94,Full,0,6684.0,3
6032,545,M,PhD,72,Other,85,95,Full,0,6977.0,3
6033,547,M,PhD,84,Prof,84,84,Assist,0,3636.0,1
6034,547,M,PhD,84,Prof,84,85,Assist,0,3636.0,1
6035,547,M,PhD,84,Prof,84,86,Assist,0,4081.0,1
6036,547,M,PhD,84,Prof,84,87,Assist,0,4285.0,1
6037,547,M,PhD,84,Prof,84,88,Assist,0,4538.0,1
6038,547,M,PhD,84,Prof,84,89,Assist,0,4925.0,1
6039,547,M,PhD,84,Prof,84,90,Assoc,0,5458.0,2
6040,547,M,PhD,84,Prof,84,91,Assoc,0,5962.0,2
6041,547,M,PhD,84,Prof,84,92,Assoc,0,6223.0,2
6042,547,M,PhD,84,Prof,84,93,Assoc,0,6404.0,2
6043,547,M,PhD,84,Prof,84,94,Assoc,0,6404.0,2
6044,547,M,PhD,84,Prof,84,95,Full,0,6878.0,3
6045,548,M,PhD,72,Other,72,76,Assist,0,1630.0,1
6046,548,M,PhD,72,Other,72,77,Assoc,0,1854.0,2
6047,548,M,PhD,72,Other,72,78,Assoc,0,1961.0,2
6048,548,M,PhD,72,Other,72,79,Assoc,0,2213.0,2
6049,548,M,PhD,72,Other,72,80,Assoc,0,2379.0,2
6050,548,M,PhD,72,Other,72,81,Assoc,0,2602.0,2
6051,548,M,PhD,72,Other,72,82,Assoc,0,2602.0,2
6052,548,M,PhD,72,Other,72,83,Full,0,2824.0,3
6053,548,M,PhD,72,Other,72,84,Full,0,3016.0,3
6054,548,M,PhD,72,Other,72,85,Full,0,3016.0,3
6055,548,M,PhD,72,Other,72,86,Full,0,3257.0,3
6056,548,M,PhD,72,Other,72,87,Full,0,3263.0,3
6057,548,M,PhD,72,Other,72,88,Full,0,3705.0,3
6058,548,M,PhD,72,Other,72,89,Full,0,4085.0,3
6059,548,M,PhD,72,Other,72,90,Full,0,4276.0,3
6060,548,M,PhD,72,Other,72,91,Full,0,4411.0,3
6061,548,M,PhD,72,Other,72,92,Full,0,4604.0,3
6062,548,M,PhD,72,Other,72,93,Full,0,4737.0,3
6063,548,M,PhD,72,Other,72,94,Full,0,4737.0,3
6064,548,M,PhD,72,Other,72,95,Full,0,6223.0,3
6065,550,M,PhD,82,Other,82,82,Assist,0,2425.0,1
6066,550,M,PhD,82,Other,82,83,Assist,0,2671.0,1
6067,550,M,PhD,82,Other,82,84,Assist,0,2977.0,1
6068,550,M,PhD,82,Other,82,85,Assist,0,2977.0,1
6069,550,M,PhD,82,Other,82,86,Assist,0,3588.0,1
6070,550,M,PhD,82,Other,82,87,Assist,0,3768.0,1
6071,550,M,PhD,82,Other,82,88,Assoc,0,4105.0,2
6072,550,M,PhD,82,Other,82,89,Assoc,0,4520.0,2
6073,550,M,PhD,82,Other,82,90,Assoc,0,5010.0,2
6074,550,M,PhD,82,Other,82,91,Full,0,5551.0,3
6075,550,M,PhD,82,Other,82,92,Full,0,5962.0,3
6076,550,M,PhD,82,Other,82,93,Full,0,6223.0,3
6077,550,M,PhD,82,Other,82,94,Full,0,6223.0,3
6078,550,M,PhD,82,Other,82,95,Full,1,8258.0,3
6079,551,M,PhD,77,Other,78,78,Assist,0,2089.0,1
6080,551,M,PhD,77,Other,78,79,Assist,0,2378.0,1
6081,551,M,PhD,77,Other,78,80,Assist,0,2605.0,1
6082,551,M,PhD,77,Other,78,81,Assist,0,3005.0,1
6083,551,M,PhD,77,Other,78,82,Assoc,0,3517.0,2
6084,551,M,PhD,77,Other,78,83,Assoc,0,4160.0,2
6085,551,M,PhD,77,Other,78,84,Assoc,0,4908.0,2
6086,551,M,PhD,77,Other,78,85,Assoc,0,4908.0,2
6087,551,M,PhD,77,Other,78,86,Full,0,6615.0,3
6088,551,M,PhD,77,Other,78,87,Full,0,7144.0,3
6089,551,M,PhD,77,Other,78,88,Full,0,7532.0,3
6090,551,M,PhD,77,Other,78,89,Full,0,8292.0,3
6091,551,M,PhD,77,Other,78,90,Full,0,9002.0,3
6092,551,M,PhD,77,Other,78,91,Full,0,9154.0,3
6093,551,M,PhD,77,Other,78,92,Full,1,9693.0,3
6094,551,M,PhD,77,Other,78,93,Full,1,10118.0,3
6095,551,M,PhD,77,Other,78,94,Full,1,10118.0,3
6096,551,M,PhD,77,Other,78,95,Full,1,10758.0,3
6097,552,F,PhD,92,Other,94,94,Assist,0,3362.0,1
6098,552,F,PhD,92,Other,94,95,Assist,0,3559.0,1
6099,553,M,PhD,72,Prof,79,79,Assist,0,2133.0,1
6100,553,M,PhD,72,Prof,79,80,Assist,0,2298.0,1
6101,553,M,PhD,72,Prof,79,81,Assist,0,2677.0,1
6102,553,M,PhD,72,Prof,79,82,Assist,0,2876.0,1
6103,553,M,PhD,72,Prof,79,83,Assist,0,3710.0,1
6104,553,M,PhD,72,Prof,79,84,Assoc,0,4018.0,2
6105,553,M,PhD,72,Prof,79,85,Assoc,0,4018.0,2
6106,553,M,PhD,72,Prof,79,86,Assoc,0,4914.0,2
6107,553,M,PhD,72,Prof,79,87,Assoc,0,5160.0,2
6108,553,M,PhD,72,Prof,79,88,Assoc,0,5236.0,2
6109,553,M,PhD,72,Prof,79,89,Assoc,0,5601.0,2
6110,553,M,PhD,72,Prof,79,90,Assoc,0,6208.0,2
6111,553,M,PhD,72,Prof,79,91,Assoc,0,6878.0,2
6112,553,M,PhD,72,Prof,79,92,Assoc,0,6977.0,2
6113,553,M,PhD,72,Prof,79,93,Assoc,0,7180.0,2
6114,553,M,PhD,72,Prof,79,94,Assoc,0,7180.0,2
6115,553,M,PhD,72,Prof,79,95,Assoc,0,7388.0,2
6116,554,F,PhD,81,Other,84,84,Assist,0,3534.0,1
6117,554,F,PhD,81,Other,84,85,Assist,0,3534.0,1
6118,554,F,PhD,81,Other,84,86,Assist,0,3909.0,1
6119,554,F,PhD,81,Other,84,87,Assist,0,4105.0,1
6120,554,F,PhD,81,Other,84,88,Assist,0,4285.0,1
6121,554,F,PhD,81,Other,84,89,Assoc,0,4925.0,2
6122,554,F,PhD,81,Other,84,90,Assoc,0,5229.0,2
6123,554,F,PhD,81,Other,84,91,Assoc,0,6684.0,2
6124,554,F,PhD,81,Other,84,92,Assoc,0,6684.0,2
6125,554,F,PhD,81,Other,84,93,Assoc,0,6878.0,2
6126,554,F,PhD,81,Other,84,94,Full,0,7078.0,3
6127,554,F,PhD,81,Other,84,95,Full,0,8770.0,3
6128,555,M,PhD,69,Other,68,76,Assoc,0,1839.0,2
6129,555,M,PhD,69,Other,68,77,Assoc,0,2142.373,2
6130,555,M,PhD,69,Other,68,78,Assoc,0,2256.0,2
6131,555,M,PhD,69,Other,68,79,Assoc,0,2583.0,2
6132,555,M,PhD,69,Other,68,80,Assoc,0,2732.0,2
6133,555,M,PhD,69,Other,68,81,Assoc,0,2920.0,2
6134,555,M,PhD,69,Other,68,82,Assoc,0,3048.0,2
6135,555,M,PhD,69,Other,68,83,Full,0,3342.424,3
6136,555,M,PhD,69,Other,68,84,Full,0,3434.0,3
6137,555,M,PhD,69,Other,68,85,Full,0,3434.0,3
6138,555,M,PhD,69,Other,68,86,Full,0,4199.0,3
6139,555,M,PhD,69,Other,68,87,Full,0,4410.0,3
6140,555,M,PhD,69,Other,68,88,Full,0,4538.0,3
6141,555,M,PhD,69,Other,68,89,Full,0,4855.0,3
6142,555,M,PhD,69,Other,68,90,Full,0,5082.0,3
6143,555,M,PhD,69,Other,68,91,Full,0,5242.0,3
6144,555,M,PhD,69,Other,68,92,Full,0,5472.0,3
6145,555,M,PhD,69,Other,68,93,Full,0,5631.0,3
6146,555,M,PhD,69,Other,68,94,Full,0,5631.0,3
6147,555,M,PhD,69,Other,68,95,Full,0,6048.0,3
6148,556,M,PhD,63,Other,66,76,Assoc,0,2060.0,2
6149,556,M,PhD,63,Other,66,77,Assoc,0,2251.0,2
6150,556,M,PhD,63,Other,66,78,Assoc,0,2386.0,2
6151,556,M,PhD,63,Other,66,79,Assoc,0,2716.0,2
6152,556,M,PhD,63,Other,66,80,Assoc,0,2913.0,2
6153,556,M,PhD,63,Other,66,81,Assoc,0,3228.0,2
6154,556,M,PhD,63,Other,66,82,Assoc,0,3228.0,2
6155,556,M,PhD,63,Other,66,83,Assoc,0,3406.0,2
6156,556,M,PhD,63,Other,66,84,Assoc,0,3586.0,2
6157,556,M,PhD,63,Other,66,85,Assoc,0,3586.0,2
6158,556,M,PhD,63,Other,66,86,Assoc,0,3692.0,2
6159,556,M,PhD,63,Other,66,87,Assoc,0,3877.0,2
6160,556,M,PhD,63,Other,66,88,Assoc,0,3877.0,2
6161,556,M,PhD,63,Other,66,89,Assoc,0,4090.0,2
6162,556,M,PhD,63,Other,66,90,Assoc,0,4220.0,2
6163,556,M,PhD,63,Other,66,91,Assoc,0,4610.0,2
6164,556,M,PhD,63,Other,66,92,Assoc,0,4676.0,2
6165,556,M,PhD,63,Other,66,93,Assoc,0,4812.0,2
6166,556,M,PhD,63,Other,66,94,Assoc,0,4812.0,2
6167,556,M,PhD,63,Other,66,95,Assoc,0,4982.0,2
6168,557,F,PhD,87,Other,89,89,Assist,0,3296.0,1
6169,557,F,PhD,87,Other,89,90,Assist,0,3353.0,1
6170,557,F,PhD,87,Other,89,91,Assist,0,3509.0,1
6171,557,F,PhD,87,Other,89,92,Assist,0,3663.0,1
6172,557,F,PhD,87,Other,89,93,Assist,0,3823.0,1
6173,557,F,PhD,87,Other,89,94,Assist,0,3823.0,1
6174,557,F,PhD,87,Other,89,95,Assoc,0,4225.0,2
6175,558,M,PhD,77,Other,89,89,Assoc,0,5601.0,2
6176,558,M,PhD,77,Other,89,90,Assoc,0,5698.0,2
6177,558,M,PhD,77,Other,89,91,Assoc,0,5962.0,2
6178,558,M,PhD,77,Other,89,92,Full,0,6313.0,3
6179,558,M,PhD,77,Other,89,93,Full,0,6781.0,3
6180,558,M,PhD,77,Other,89,94,Full,0,6781.0,3
6181,558,M,PhD,77,Other,89,95,Full,0,7283.0,3
6182,560,F,PhD,81,Other,90,90,Assoc,0,3353.0,2
6183,560,F,PhD,81,Other,90,91,Assoc,0,3611.0,2
6184,560,F,PhD,81,Other,90,92,Assoc,0,3769.0,2
6185,560,F,PhD,81,Other,90,95,Assoc,0,4604.0,2
6186,561,M,PhD,74,Prof,74,76,Assist,0,1743.0,1
6187,561,M,PhD,74,Prof,74,77,Assist,0,1970.149,1
6188,561,M,PhD,74,Prof,74,78,Assoc,0,2176.0,2
6189,561,M,PhD,74,Prof,74,79,Assoc,0,2454.0,2
6190,561,M,PhD,74,Prof,74,80,Assoc,0,2778.0,2
6191,561,M,PhD,74,Prof,74,81,Assoc,0,3182.0,2
6192,561,M,PhD,74,Prof,74,82,Assoc,0,3417.0,2
6193,561,M,PhD,74,Prof,74,83,Full,0,3985.0,3
6194,561,M,PhD,74,Prof,74,84,Full,0,5389.0,3
6195,561,M,PhD,74,Prof,74,85,Full,0,5389.0,3
6196,561,M,PhD,74,Prof,74,86,Full,0,6949.0,3
6197,561,M,PhD,74,Prof,74,87,Full,1,7228.0,3
6198,561,M,PhD,74,Prof,74,88,Full,1,7811.0,3
6199,561,M,PhD,74,Prof,74,89,Full,1,8478.0,3
6200,561,M,PhD,74,Prof,74,90,Full,1,9396.0,3
6201,561,M,PhD,74,Prof,74,91,Full,0,9833.0,3
6202,561,M,PhD,74,Prof,74,92,Full,1,10140.0,3
6203,561,M,PhD,74,Prof,74,93,Full,1,11024.0,3
6204,561,M,PhD,74,Prof,74,94,Full,1,11024.0,3
6205,561,M,PhD,74,Prof,74,95,Full,1,11507.0,3
6206,562,M,PhD,75,Other,91,91,Full,0,9974.0,3
6207,562,M,PhD,75,Other,91,92,Full,0,9974.0,3
6208,562,M,PhD,75,Other,91,93,Full,0,10263.0,3
6209,562,M,PhD,75,Other,91,94,Full,0,10263.0,3
6210,562,M,PhD,75,Other,91,95,Full,0,10561.0,3
6211,563,F,PhD,72,Prof,88,88,Full,1,7500.0,3
6212,563,F,PhD,72,Prof,88,89,Full,1,8055.0,3
6213,563,F,PhD,72,Prof,88,90,Full,1,8538.0,3
6214,563,F,PhD,72,Prof,88,91,Full,1,9050.0,3
6215,563,F,PhD,72,Prof,88,92,Full,1,9330.0,3
6216,563,F,PhD,72,Prof,88,93,Full,1,9563.0,3
6217,563,F,PhD,72,Prof,88,94,Full,1,9563.0,3
6218,563,F,PhD,72,Prof,88,95,Full,1,9946.0,3
6219,564,M,PhD,69,Other,92,92,Assoc,0,7283.0,2
6220,564,M,PhD,69,Other,92,93,Assoc,0,7388.0,2
6221,564,M,PhD,69,Other,92,94,Assoc,0,7388.0,2
6222,564,M,PhD,69,Other,92,95,Assoc,0,7494.0,2
6223,565,M,PhD,77,Prof,93,93,Full,0,5088.0,3
6224,565,M,PhD,77,Prof,93,94,Full,0,5088.0,3
6225,565,M,PhD,77,Prof,93,95,Full,0,5088.0,3
6226,566,M,PhD,72,Prof,78,78,Assist,0,1960.0,1
6227,566,M,PhD,72,Prof,78,79,Assist,0,2171.0,1
6228,566,M,PhD,72,Prof,78,80,Assoc,0,2381.0,2
6229,566,M,PhD,72,Prof,78,81,Assoc,0,2602.0,2
6230,566,M,PhD,72,Prof,78,82,Assoc,0,2794.0,2
6231,566,M,PhD,72,Prof,78,83,Assoc,0,2990.0,2
6232,566,M,PhD,72,Prof,78,84,Full,0,3381.0,3
6233,566,M,PhD,72,Prof,78,85,Full,0,4013.0,3
6234,566,M,PhD,72,Prof,78,86,Full,0,4134.0,3
6235,566,M,PhD,72,Prof,78,87,Full,0,4343.0,3
6236,566,M,PhD,72,Prof,78,88,Full,0,4598.0,3
6237,566,M,PhD,72,Prof,78,89,Full,0,5436.0,3
6238,566,M,PhD,72,Prof,78,90,Full,0,5855.0,3
6239,566,M,PhD,72,Prof,78,91,Full,0,6396.0,3
6240,566,M,PhD,72,Prof,78,92,Full,0,6676.0,3
6241,566,M,PhD,72,Prof,78,93,Full,0,7069.0,3
6242,566,M,PhD,72,Prof,78,94,Full,0,7069.0,3
6243,566,M,PhD,72,Prof,78,95,Full,0,7379.0,3
6246,570,M,PhD,65,Other,76,76,Full,0,2894.0,3
6247,570,M,PhD,65,Other,76,77,Full,0,3111.0,3
6248,570,M,PhD,65,Other,76,78,Full,0,3202.0,3
6249,570,M,PhD,65,Other,76,80,Full,0,3698.0,3
6250,570,M,PhD,65,Other,76,82,Full,0,4057.0,3
6251,570,M,PhD,65,Other,76,83,Full,0,4322.727,3
6252,570,M,PhD,65,Other,76,84,Full,0,4636.0,3
6253,570,M,PhD,65,Other,76,85,Full,0,4636.0,3
6254,570,M,PhD,65,Other,76,86,Full,0,5588.0,3
6255,570,M,PhD,65,Other,76,87,Full,0,5869.0,3
6256,570,M,PhD,65,Other,76,88,Full,0,6039.0,3
6257,570,M,PhD,65,Other,76,89,Full,0,6462.0,3
6258,570,M,PhD,65,Other,76,90,Full,0,6764.0,3
6259,570,M,PhD,65,Other,76,91,Full,0,7078.0,3
6260,570,M,PhD,65,Other,76,92,Full,0,7180.0,3
6261,570,M,PhD,65,Other,76,93,Full,0,7283.0,3
6262,570,M,PhD,65,Other,76,94,Full,0,7283.0,3
6263,570,M,PhD,65,Other,76,95,Full,0,7388.0,3
6264,571,F,PhD,69,Other,69,76,Assoc,0,1818.0,2
6265,571,F,PhD,69,Other,69,77,Assoc,0,1955.0,2
6266,571,F,PhD,69,Other,69,78,Assoc,0,2131.0,2
6267,571,F,PhD,69,Other,69,79,Assoc,0,2366.0,2
6268,571,F,PhD,69,Other,69,80,Assoc,0,2507.463,2
6269,571,F,PhD,69,Other,69,81,Assoc,0,2755.0,2
6270,571,F,PhD,69,Other,69,82,Full,1,3667.0,3
6271,571,F,PhD,69,Other,69,83,Full,1,3868.0,3
6272,571,F,PhD,69,Other,69,84,Full,1,4250.0,3
6273,571,F,PhD,69,Other,69,85,Full,1,4250.0,3
6274,571,F,PhD,69,Other,69,86,Full,1,4635.0,3
6275,571,F,PhD,69,Other,69,87,Full,0,4869.0,3
6276,571,F,PhD,69,Other,69,88,Full,0,4939.0,3
6277,571,F,PhD,69,Other,69,89,Full,0,5134.0,3
6278,571,F,PhD,69,Other,69,90,Full,0,5298.0,3
6279,571,F,PhD,69,Other,69,91,Full,0,5465.0,3
6280,571,F,PhD,69,Other,69,92,Full,0,5544.0,3
6281,571,F,PhD,69,Other,69,93,Full,0,5624.0,3
6282,571,F,PhD,69,Other,69,94,Full,0,5624.0,3
6283,571,F,PhD,69,Other,69,95,Full,0,5705.0,3
6284,572,M,PhD,60,Other,66,76,Full,0,2303.0,3
6285,572,M,PhD,60,Other,66,77,Full,0,2628.0,3
6286,572,M,PhD,60,Other,66,78,Full,0,2714.0,3
6287,572,M,PhD,60,Other,66,79,Full,0,2986.0,3
6288,572,M,PhD,60,Other,66,80,Full,0,3153.0,3
6289,572,M,PhD,60,Other,66,81,Full,0,3417.0,3
6290,572,M,PhD,60,Other,66,82,Full,0,3417.0,3
6291,572,M,PhD,60,Other,66,83,Full,0,3605.0,3
6292,572,M,PhD,60,Other,66,84,Full,0,3851.0,3
6293,572,M,PhD,60,Other,66,85,Full,0,3851.0,3
6294,572,M,PhD,60,Other,66,86,Full,0,3966.0,3
6295,572,M,PhD,60,Other,66,87,Full,0,4165.0,3
6296,572,M,PhD,60,Other,66,88,Full,1,4285.0,3
6297,572,M,PhD,60,Other,66,89,Full,1,4996.0,3
6298,572,M,PhD,60,Other,66,90,Full,0,5229.0,3
6299,572,M,PhD,60,Other,66,91,Full,0,5878.0,3
6300,572,M,PhD,60,Other,66,92,Full,0,6135.0,3
6301,572,M,PhD,60,Other,66,93,Full,0,7180.0,3
6302,572,M,PhD,60,Other,66,94,Full,1,7680.0,3
6303,572,M,PhD,60,Other,66,95,Full,1,8180.0,3
6304,573,M,PhD,65,Prof,66,76,Full,0,2267.0,3
6305,573,M,PhD,65,Prof,66,77,Full,0,2502.0,3
6306,573,M,PhD,65,Prof,66,78,Full,0,2628.0,3
6307,573,M,PhD,65,Prof,66,79,Full,0,2940.0,3
6308,573,M,PhD,65,Prof,66,80,Full,0,3153.0,3
6309,573,M,PhD,65,Prof,66,81,Full,0,3723.0,3
6310,573,M,PhD,65,Prof,66,82,Full,0,3943.0,3
6311,573,M,PhD,65,Prof,66,83,Full,0,4342.0,3
6312,573,M,PhD,65,Prof,66,84,Full,0,4908.0,3
6313,573,M,PhD,65,Prof,66,85,Full,0,4908.0,3
6314,573,M,PhD,65,Prof,66,86,Full,0,5833.0,3
6315,573,M,PhD,65,Prof,66,87,Full,0,6126.0,3
6316,573,M,PhD,65,Prof,66,88,Full,0,6304.0,3
6317,573,M,PhD,65,Prof,66,89,Full,0,6842.0,3
6318,573,M,PhD,65,Prof,66,90,Full,0,7915.0,3
6319,573,M,PhD,65,Prof,66,91,Full,0,8283.0,3
6320,573,M,PhD,65,Prof,66,92,Full,0,8646.0,3
6321,573,M,PhD,65,Prof,66,93,Full,0,8896.0,3
6322,573,M,PhD,65,Prof,66,94,Full,0,8896.0,3
6323,573,M,PhD,65,Prof,66,95,Full,0,9154.0,3
6324,574,F,PhD,74,Other,74,76,Assist,0,1713.0,1
6325,574,F,PhD,74,Other,74,77,Assist,0,1866.0,1
6326,574,F,PhD,74,Other,74,78,Assist,0,1980.0,1
6327,574,F,PhD,74,Other,74,79,Assist,0,2285.0,1
6328,574,F,PhD,74,Other,74,80,Assoc,0,2507.0,2
6329,574,F,PhD,74,Other,74,81,Assoc,0,2855.0,2
6330,574,F,PhD,74,Other,74,82,Assoc,0,2719.0,2
6331,574,F,PhD,74,Other,74,83,Assoc,0,3043.038,2
6332,574,F,PhD,74,Other,74,84,Assoc,0,3243.0,2
6333,574,F,PhD,74,Other,74,85,Assoc,0,3243.0,2
6334,574,F,PhD,74,Other,74,86,Assoc,0,3537.0,2
6335,574,F,PhD,74,Other,74,87,Assoc,0,3715.0,2
6336,574,F,PhD,74,Other,74,88,Full,0,4165.0,3
6337,574,F,PhD,74,Other,74,89,Full,0,5931.0,3
6338,574,F,PhD,74,Other,74,90,Full,0,6120.0,3
6339,574,F,PhD,74,Other,74,91,Full,0,6496.0,3
6340,574,F,PhD,74,Other,74,92,Full,0,6684.0,3
6341,574,F,PhD,74,Other,74,93,Full,0,6878.0,3
6342,574,F,PhD,74,Other,74,94,Full,0,6878.0,3
6343,574,F,PhD,74,Other,74,95,Full,0,7078.0,3
6344,575,F,PhD,78,Other,85,85,Assist,0,3020.0,1
6345,575,F,PhD,78,Other,85,86,Assist,0,3110.0,1
6346,575,F,PhD,78,Other,85,87,Assist,0,3266.0,1
6347,575,F,PhD,78,Other,85,88,Assist,0,3361.0,1
6348,575,F,PhD,78,Other,85,89,Assist,0,3596.0,1
6349,575,F,PhD,78,Other,85,90,Assist,0,3764.0,1
6350,575,F,PhD,78,Other,85,91,Assoc,0,4112.0,2
6351,575,F,PhD,78,Other,85,92,Assoc,0,4231.0,2
6352,575,F,PhD,78,Other,85,93,Assoc,0,4480.0,2
6353,575,F,PhD,78,Other,85,94,Assoc,0,4480.0,2
6354,575,F,PhD,78,Other,85,95,Assoc,0,4743.0,2
6355,576,M,PhD,66,Other,68,76,Assoc,0,1839.0,2
6356,576,M,PhD,66,Other,68,77,Assoc,0,2058.0,2
6357,576,M,PhD,66,Other,68,78,Assoc,0,2216.0,2
6358,576,M,PhD,66,Other,68,79,Full,0,2540.0,3
6359,576,M,PhD,66,Other,68,80,Full,0,2732.0,3
6360,576,M,PhD,66,Other,68,81,Full,0,3048.0,3
6361,576,M,PhD,66,Other,68,82,Full,0,3048.0,3
6362,576,M,PhD,66,Other,68,83,Full,0,3357.0,3
6363,576,M,PhD,66,Other,68,84,Full,0,3636.0,3
6364,576,M,PhD,66,Other,68,85,Full,0,3636.0,3
6365,576,M,PhD,66,Other,68,86,Full,0,4321.0,3
6366,576,M,PhD,66,Other,68,87,Full,0,4538.0,3
6367,576,M,PhD,66,Other,68,88,Full,0,4669.0,3
6368,576,M,PhD,66,Other,68,89,Full,0,5068.0,3
6369,576,M,PhD,66,Other,68,90,Full,0,5305.0,3
6370,576,M,PhD,66,Other,68,91,Full,0,5794.0,3
6371,576,M,PhD,66,Other,68,92,Full,0,5962.0,3
6372,576,M,PhD,66,Other,68,93,Full,0,6313.0,3
6373,576,M,PhD,66,Other,68,94,Full,0,6313.0,3
6374,576,M,PhD,66,Other,68,95,Full,1,6590.0,3
6375,577,F,PhD,79,Other,89,89,Assoc,0,3592.0,2
6376,577,F,PhD,79,Other,89,90,Assoc,0,3814.0,2
6377,577,F,PhD,79,Other,89,91,Assoc,0,4048.0,2
6378,577,F,PhD,79,Other,89,92,Assoc,0,4286.0,2
6379,577,F,PhD,79,Other,89,93,Assoc,0,4538.0,2
6380,577,F,PhD,79,Other,89,94,Assoc,0,4538.0,2
6381,577,F,PhD,79,Other,89,95,Assoc,0,4737.0,2
6382,578,M,PhD,76,Other,83,83,Assist,0,2184.0,1
6383,578,M,PhD,76,Other,83,84,Assist,0,2504.0,1
6384,578,M,PhD,76,Other,83,85,Assist,0,2504.0,1
6385,578,M,PhD,76,Other,83,86,Assoc,0,2976.0,2
6386,578,M,PhD,76,Other,83,87,Assoc,0,3126.0,2
6387,578,M,PhD,76,Other,83,88,Assoc,0,3217.0,2
6388,578,M,PhD,76,Other,83,89,Assoc,0,3749.0,2
6389,578,M,PhD,76,Other,83,90,Assoc,0,3924.0,2
6390,578,M,PhD,76,Other,83,91,Assoc,0,4348.0,2
6391,578,M,PhD,76,Other,83,92,Assoc,0,4604.0,2
6392,578,M,PhD,76,Other,83,93,Assoc,0,4875.0,2
6393,578,M,PhD,76,Other,83,94,Assoc,0,4875.0,2
6394,578,M,PhD,76,Other,83,95,Assoc,1,5472.0,2
6395,579,M,PhD,87,Other,90,90,Assist,0,4220.0,1
6396,579,M,PhD,87,Other,90,91,Assist,0,4292.0,1
6397,579,M,PhD,87,Other,90,92,Assist,0,4416.0,1
6398,579,M,PhD,87,Other,90,93,Assist,0,4544.0,1
6399,579,M,PhD,87,Other,90,94,Assoc,0,4676.0,2
6400,579,M,PhD,87,Other,90,95,Assoc,0,4951.0,2
6401,580,M,PhD,77,Prof,86,86,Assoc,0,5431.0,2
6402,580,M,PhD,77,Prof,86,87,Assoc,0,5703.0,2
6403,580,M,PhD,77,Prof,86,88,Assoc,0,5953.0,2
6404,580,M,PhD,77,Prof,86,89,Full,0,6649.0,3
6405,580,M,PhD,77,Prof,86,90,Full,0,7475.0,3
6406,580,M,PhD,77,Prof,86,91,Full,0,7823.0,3
6407,580,M,PhD,77,Prof,86,92,Full,0,8165.0,3
6408,580,M,PhD,77,Prof,86,93,Full,0,8402.0,3
6409,580,M,PhD,77,Prof,86,94,Full,0,8402.0,3
6410,580,M,PhD,77,Prof,86,95,Full,0,8646.0,3
6411,581,M,PhD,79,Other,83,83,Assist,0,2826.0,1
6412,581,M,PhD,79,Other,83,84,Assist,0,3020.0,1
6413,581,M,PhD,79,Other,83,85,Assist,0,3020.0,1
6414,581,M,PhD,79,Other,83,86,Assist,0,3487.0,1
6415,581,M,PhD,79,Other,83,87,Assist,0,3662.0,1
6416,581,M,PhD,79,Other,83,88,Assoc,0,3877.0,2
6417,581,M,PhD,79,Other,83,89,Assoc,0,4208.0,2
6418,581,M,PhD,79,Other,83,90,Assoc,0,4468.0,2
6419,581,M,PhD,79,Other,83,91,Assoc,0,4951.0,2
6420,581,M,PhD,79,Other,83,92,Full,0,5318.0,3
6421,581,M,PhD,79,Other,83,93,Full,0,5472.0,3
6422,581,M,PhD,79,Other,83,94,Full,0,5472.0,3
6423,581,M,PhD,79,Other,83,95,Full,0,5712.0,3
6424,582,M,PhD,74,Other,81,81,Full,0,4421.0,3
6425,582,M,PhD,74,Other,81,82,Full,0,4681.0,3
6426,582,M,PhD,74,Other,81,83,Full,1,5229.0,3
6427,582,M,PhD,74,Other,81,84,Full,1,5828.0,3
6428,582,M,PhD,74,Other,81,85,Full,1,5828.0,3
6429,582,M,PhD,74,Other,81,86,Full,1,7682.0,3
6430,582,M,PhD,74,Other,81,87,Full,1,8050.0,3
6431,582,M,PhD,74,Other,81,88,Full,1,8388.0,3
6432,582,M,PhD,74,Other,81,89,Full,1,9199.0,3
6433,582,M,PhD,74,Other,81,90,Full,1,9263.0,3
6434,582,M,PhD,74,Other,81,91,Full,1,10118.0,3
6435,582,M,PhD,74,Other,81,92,Full,0,10867.0,3
6436,582,M,PhD,74,Other,81,93,Full,0,11343.0,3
6437,582,M,PhD,74,Other,81,94,Full,0,11343.0,3
6438,582,M,PhD,74,Other,81,95,Full,0,11702.0,3
6439,583,M,PhD,86,Prof,86,86,Assist,0,4383.0,1
6440,583,M,PhD,86,Prof,86,87,Assist,0,4603.0,1
6441,583,M,PhD,86,Prof,86,88,Assist,0,4603.0,1
6442,583,M,PhD,86,Prof,86,89,Assist,0,4925.0,1
6443,583,M,PhD,86,Prof,86,90,Assist,0,5537.0,1
6444,583,M,PhD,86,Prof,86,91,Assist,0,5794.0,1
6445,583,M,PhD,86,Prof,86,92,Assoc,0,6223.0,2
6446,583,M,PhD,86,Prof,86,93,Assoc,0,6404.0,2
6447,583,M,PhD,86,Prof,86,94,Assoc,0,6404.0,2
6448,583,M,PhD,86,Prof,86,95,Assoc,0,6781.0,2
6449,584,F,PhD,90,Other,92,92,Assist,0,3715.0,1
6450,584,F,PhD,90,Other,92,93,Assist,0,3715.0,1
6451,584,F,PhD,90,Other,92,94,Assist,0,3715.0,1
6452,584,F,PhD,90,Other,92,95,Assist,0,3769.0,1
6453,585,M,PhD,69,Other,73,76,Assoc,0,1910.0,2
6454,585,M,PhD,69,Other,73,77,Assoc,0,2176.0,2
6455,585,M,PhD,69,Other,73,78,Assoc,0,2337.0,2
6456,585,M,PhD,69,Other,73,79,Full,0,2658.209,3
6457,585,M,PhD,69,Other,73,80,Full,0,2949.254,3
6458,585,M,PhD,69,Other,73,81,Full,0,3322.0,3
6459,585,M,PhD,69,Other,73,82,Full,0,4057.0,3
6460,585,M,PhD,69,Other,73,83,Full,0,4468.0,3
6461,585,M,PhD,69,Other,73,84,Full,0,5052.0,3
6462,585,M,PhD,69,Other,73,85,Full,0,5052.0,3
6463,585,M,PhD,69,Other,73,86,Full,0,5833.0,3
6464,585,M,PhD,69,Other,73,87,Full,0,7377.0,3
6465,585,M,PhD,69,Other,73,88,Full,0,7483.0,3
6466,585,M,PhD,69,Other,73,89,Full,0,9237.0,3
6467,585,M,PhD,69,Other,73,90,Full,0,9396.0,3
6468,585,M,PhD,69,Other,73,91,Full,0,9693.0,3
6469,585,M,PhD,69,Other,73,92,Full,0,10867.0,3
6470,585,M,PhD,69,Other,73,93,Full,0,11182.0,3
6471,585,M,PhD,69,Other,73,94,Full,0,11182.0,3
6472,585,M,PhD,69,Other,73,95,Full,0,11184.0,3
6473,586,F,PhD,91,Other,94,94,Assist,0,4353.0,1
6474,586,F,PhD,91,Other,94,95,Assist,0,4544.0,1
6475,587,M,PhD,80,Other,82,82,Assoc,1,4880.0,2
6476,587,M,PhD,80,Other,82,83,Assoc,1,5149.0,2
6477,587,M,PhD,80,Other,82,84,Assoc,1,5656.0,2
6478,587,M,PhD,80,Other,82,85,Assoc,1,5656.0,2
6479,587,M,PhD,80,Other,82,86,Assoc,1,6169.0,2
6480,587,M,PhD,80,Other,82,87,Assoc,1,6169.0,2
6481,587,M,PhD,80,Other,82,88,Assoc,0,6668.0,2
6482,587,M,PhD,80,Other,82,89,Assoc,0,6932.0,2
6483,587,M,PhD,80,Other,82,90,Assoc,0,7051.0,2
6484,587,M,PhD,80,Other,82,91,Assoc,0,7171.0,2
6485,587,M,PhD,80,Other,82,92,Assoc,0,7171.0,2
6486,587,M,PhD,80,Other,82,93,Assoc,0,7171.0,2
6487,587,M,PhD,80,Other,82,94,Assoc,0,7171.0,2
6488,587,M,PhD,80,Other,82,95,Assoc,0,7379.0,2
6489,588,F,PhD,91,Arts,93,93,Assist,0,3667.0,1
6490,588,F,PhD,91,Arts,93,94,Assist,0,3667.0,1
6491,588,F,PhD,91,Arts,93,95,Assist,0,3828.0,1
6492,589,F,PhD,90,Other,91,91,Assist,0,3129.545,1
6493,589,F,PhD,90,Other,91,92,Assist,0,3221.0,1
6494,589,F,PhD,90,Other,91,93,Assist,0,3267.0,1
6495,589,F,PhD,90,Other,91,94,Assist,0,3267.0,1
6496,589,F,PhD,90,Other,91,95,Assist,0,3459.0,1
6497,590,M,PhD,71,Other,76,76,Assoc,1,3014.0,2
6498,590,M,PhD,71,Other,76,77,Full,1,3405.333,3
6499,590,M,PhD,71,Other,76,78,Full,1,3576.0,3
6500,590,M,PhD,71,Other,76,79,Full,1,3954.0,3
6501,590,M,PhD,71,Other,76,80,Full,1,4255.0,3
6502,590,M,PhD,71,Other,76,95,Full,1,10105.0,3
6503,591,M,PhD,83,Other,87,87,Assist,0,5588.0,1
6504,591,M,PhD,83,Other,87,88,Assist,0,5588.0,1
6505,591,M,PhD,83,Other,87,89,Assist,0,6190.0,1
6506,591,M,PhD,83,Other,87,90,Assoc,0,6861.0,2
6507,591,M,PhD,83,Other,87,91,Assoc,0,7494.0,2
6508,591,M,PhD,83,Other,87,92,Assoc,0,7935.0,2
6509,591,M,PhD,83,Other,87,93,Assoc,0,8523.0,2
6510,591,M,PhD,83,Other,87,94,Assoc,0,8523.0,2
6511,591,M,PhD,83,Other,87,95,Assoc,0,8895.0,2
6512,592,F,PhD,94,Other,94,94,Assist,0,4416.0,1
6513,592,F,PhD,94,Other,94,95,Assist,0,4544.0,1
6514,593,M,PhD,84,Prof,86,86,Assist,0,4023.0,1
6515,593,M,PhD,84,Prof,86,87,Assist,0,4225.0,1
6516,593,M,PhD,84,Prof,86,88,Assist,0,4473.0,1
6517,593,M,PhD,84,Prof,86,89,Assist,0,4786.0,1
6518,593,M,PhD,84,Prof,86,90,Assist,0,5305.0,1
6519,593,M,PhD,84,Prof,86,91,Assist,0,5712.0,1
6520,593,M,PhD,84,Prof,86,92,Assist,0,5962.0,1
6521,593,M,PhD,84,Prof,86,93,Assoc,0,6404.0,2
6522,593,M,PhD,84,Prof,86,94,Assoc,0,6404.0,2
6523,593,M,PhD,84,Prof,86,95,Assoc,0,6590.0,2
6524,594,M,PhD,70,Other,76,76,Assoc,0,1773.0,2
6525,594,M,PhD,70,Other,76,77,Assoc,0,2019.0,2
6526,594,M,PhD,70,Other,76,78,Assoc,0,2216.0,2
6527,594,M,PhD,70,Other,76,79,Assoc,0,2583.0,2
6528,594,M,PhD,70,Other,76,80,Assoc,0,2824.0,2
6529,594,M,PhD,70,Other,76,81,Assoc,0,3048.0,2
6530,594,M,PhD,70,Other,76,82,Assoc,0,3137.0,2
6531,594,M,PhD,70,Other,76,83,Assoc,0,3310.0,2
6532,594,M,PhD,70,Other,76,84,Assoc,0,3484.0,2
6533,594,M,PhD,70,Other,76,85,Assoc,0,3484.0,2
6534,594,M,PhD,70,Other,76,86,Assoc,0,3588.0,2
6535,594,M,PhD,70,Other,76,87,Assoc,0,3768.0,2
6536,594,M,PhD,70,Other,76,88,Assoc,0,3822.0,2
6537,594,M,PhD,70,Other,76,89,Assoc,0,4090.0,2
6538,594,M,PhD,70,Other,76,90,Full,0,4405.0,3
6539,594,M,PhD,70,Other,76,91,Full,0,4951.0,3
6540,594,M,PhD,70,Other,76,92,Full,0,5022.0,3
6541,594,M,PhD,70,Other,76,93,Full,0,5095.0,3
6542,594,M,PhD,70,Other,76,94,Full,0,5095.0,3
6543,594,M,PhD,70,Other,76,95,Full,0,5168.0,3
6544,595,M,PhD,68,Other,70,76,Assoc,0,1743.0,2
6545,595,M,PhD,68,Other,70,77,Assoc,0,1942.0,2
6546,595,M,PhD,68,Other,70,78,Assoc,0,2097.0,2
6547,595,M,PhD,68,Other,70,79,Assoc,0,2369.0,2
6548,595,M,PhD,68,Other,70,80,Assoc,0,2552.0,2
6549,595,M,PhD,68,Other,70,81,Assoc,0,2798.0,2
6550,595,M,PhD,68,Other,70,82,Assoc,0,2798.0,2
6551,595,M,PhD,68,Other,70,83,Assoc,0,3037.0,2
6552,595,M,PhD,68,Other,70,84,Full,0,3386.0,3
6553,595,M,PhD,68,Other,70,85,Full,0,3386.0,3
6554,595,M,PhD,68,Other,70,86,Full,0,3854.0,3
6555,595,M,PhD,68,Other,70,87,Full,0,4047.0,3
6556,595,M,PhD,68,Other,70,88,Full,0,4225.0,3
6557,595,M,PhD,68,Other,70,89,Full,0,4718.0,3
6558,595,M,PhD,68,Other,70,90,Full,0,4939.0,3
6559,595,M,PhD,68,Other,70,91,Full,0,5318.0,3
6560,595,M,PhD,68,Other,70,92,Full,0,5551.0,3
6561,595,M,PhD,68,Other,70,93,Full,0,5712.0,3
6562,595,M,PhD,68,Other,70,94,Full,0,5712.0,3
6563,595,M,PhD,68,Other,70,95,Full,0,6135.0,3
6564,596,M,PhD,85,Other,91,91,Assist,0,4416.0,1
6565,596,M,PhD,85,Other,91,92,Assist,0,4416.0,1
6566,596,M,PhD,85,Other,91,93,Assist,0,4544.0,1
6567,596,M,PhD,85,Other,91,94,Assist,0,4544.0,1
6568,596,M,PhD,85,Other,91,95,Assist,0,4676.0,1
6569,597,F,PhD,86,Other,86,86,Assist,0,2851.0,1
6570,597,F,PhD,86,Other,86,87,Assist,0,2995.0,1
6571,597,F,PhD,86,Other,86,88,Assist,0,3082.0,1
6572,597,F,PhD,86,Other,86,89,Assist,0,3296.0,1
6573,597,F,PhD,86,Other,86,90,Assist,0,3450.0,1
6574,597,F,PhD,86,Other,86,91,Assist,0,3559.0,1
6575,597,F,PhD,86,Other,86,92,Assist,0,3663.0,1
6576,597,F,PhD,86,Other,86,93,Assoc,0,3878.0,2
6577,597,F,PhD,86,Other,86,94,Assoc,0,3878.0,2
6578,597,F,PhD,86,Other,86,95,Assoc,0,4106.0,2
6579,598,M,PhD,71,Other,74,76,Assist,0,1839.0,1
6580,598,M,PhD,71,Other,74,77,Assist,0,2019.0,1
6581,598,M,PhD,71,Other,74,78,Assist,0,2136.0,1
6582,598,M,PhD,71,Other,74,79,Assoc,0,2411.0,2
6583,598,M,PhD,71,Other,74,80,Assoc,0,2597.0,2
6584,598,M,PhD,71,Other,74,81,Assoc,0,2879.0,2
6585,598,M,PhD,71,Other,74,82,Assoc,0,3034.848,2
6586,598,M,PhD,71,Other,74,83,Assoc,0,3170.0,2
6587,598,M,PhD,71,Other,74,84,Assoc,0,3434.0,2
6588,598,M,PhD,71,Other,74,85,Assoc,0,3434.0,2
6589,598,M,PhD,71,Other,74,86,Assoc,0,3745.0,2
6590,598,M,PhD,71,Other,74,87,Assoc,0,3933.0,2
6591,598,M,PhD,71,Other,74,88,Assoc,0,4047.0,2
6592,598,M,PhD,71,Other,74,89,Assoc,0,4330.0,2
6593,598,M,PhD,71,Other,74,90,Assoc,0,4533.0,2
6594,598,M,PhD,71,Other,74,91,Assoc,0,4676.0,2
6595,598,M,PhD,71,Other,74,92,Assoc,0,4812.0,2
6596,598,M,PhD,71,Other,74,93,Assoc,0,4881.0,2
6597,598,M,PhD,71,Other,74,94,Assoc,0,4881.0,2
6598,598,M,PhD,71,Other,74,95,Assoc,0,5095.0,2
6599,599,M,PhD,94,Other,93,93,Assist,0,7667.0,1
6600,599,M,PhD,94,Other,93,94,Assist,0,7667.0,1
6601,599,M,PhD,94,Other,93,95,Assist,0,7919.0,1
6602,600,M,PhD,77,Other,77,77,Assist,0,1466.0,1
6603,600,M,PhD,77,Other,77,78,Assist,0,1608.0,1
6604,600,M,PhD,77,Other,77,79,Assist,0,1842.0,1
6605,600,M,PhD,77,Other,77,80,Assist,0,2290.0,1
6606,600,M,PhD,77,Other,77,81,Assist,0,2532.0,1
6607,600,M,PhD,77,Other,77,82,Assoc,0,2719.0,2
6608,600,M,PhD,77,Other,77,83,Assoc,0,2910.0,2
6609,600,M,PhD,77,Other,77,84,Assoc,0,3197.0,2
6610,600,M,PhD,77,Other,77,85,Assoc,0,3197.0,2
6611,600,M,PhD,77,Other,77,86,Full,0,3966.0,3
6612,600,M,PhD,77,Other,77,87,Full,0,4165.0,3
6613,600,M,PhD,77,Other,77,88,Full,0,4285.0,3
6614,600,M,PhD,77,Other,77,89,Full,0,4585.0,3
6615,600,M,PhD,77,Other,77,90,Full,0,4800.0,3
6616,600,M,PhD,77,Other,77,91,Full,0,5022.0,3
6617,600,M,PhD,77,Other,77,92,Full,0,5168.0,3
6618,600,M,PhD,77,Other,77,93,Full,0,5318.0,3
6619,600,M,PhD,77,Other,77,94,Full,0,5318.0,3
6620,600,M,PhD,77,Other,77,95,Full,0,5394.0,3
6621,601,F,PhD,86,Other,86,86,Assist,0,4708.0,1
6622,601,F,PhD,86,Other,86,87,Assist,0,4944.0,1
6623,601,F,PhD,86,Other,86,88,Assist,0,5387.0,1
6624,601,F,PhD,86,Other,86,89,Assist,0,5846.0,1
6625,601,F,PhD,86,Other,86,90,Assist,0,6120.0,1
6626,601,F,PhD,86,Other,86,91,Assist,0,6781.0,1
6627,601,F,PhD,86,Other,86,92,Assist,0,6977.0,1
6628,601,F,PhD,86,Other,86,93,Assoc,0,7494.0,2
6629,601,F,PhD,86,Other,86,94,Assoc,0,7494.0,2
6630,601,F,PhD,86,Other,86,95,Assoc,0,7919.0,2
6631,602,M,PhD,88,Prof,90,90,Assist,0,5010.0,1
6632,602,M,PhD,88,Prof,90,91,Assist,0,5095.0,1
6633,602,M,PhD,88,Prof,90,92,Assist,0,5318.0,1
6634,602,M,PhD,88,Prof,90,93,Assist,0,5631.0,1
6635,602,M,PhD,88,Prof,90,94,Assist,0,5631.0,1
6636,602,M,PhD,88,Prof,90,95,Assist,0,5794.0,1
6637,603,M,PhD,94,Other,94,94,Assist,0,4544.0,1
6638,603,M,PhD,94,Other,94,95,Assist,0,4676.0,1
6639,604,M,PhD,61,Other,61,76,Full,0,4257.0,3
6640,604,M,PhD,61,Other,61,77,Full,0,4500.0,3
6641,604,M,PhD,61,Other,61,78,Full,0,4680.0,3
6642,604,M,PhD,61,Other,61,79,Full,0,5154.0,3
6643,604,M,PhD,61,Other,61,80,Full,0,5463.0,3
6644,604,M,PhD,61,Other,61,81,Full,0,5853.731,3
6645,604,M,PhD,61,Other,61,82,Full,0,5883.0,3
6646,604,M,PhD,61,Other,61,83,Full,0,6207.0,3
6647,604,M,PhD,61,Other,61,84,Full,0,6350.0,3
6648,604,M,PhD,61,Other,61,85,Full,0,6723.0,3
6649,604,M,PhD,61,Other,61,86,Full,0,6925.0,3
6650,604,M,PhD,61,Other,61,87,Full,0,7272.0,3
6651,604,M,PhD,61,Other,61,88,Full,0,7272.0,3
6652,604,M,PhD,61,Other,61,89,Full,0,7562.0,3
6653,604,M,PhD,61,Other,61,90,Full,0,7803.0,3
6654,604,M,PhD,61,Other,61,91,Full,0,8283.0,3
6655,604,M,PhD,61,Other,61,92,Full,0,8523.0,3
6656,604,M,PhD,61,Other,61,93,Full,0,8770.0,3
6657,604,M,PhD,61,Other,61,94,Full,0,8770.0,3
6658,604,M,PhD,61,Other,61,95,Full,0,9025.0,3
6659,605,F,PhD,74,Prof,86,86,Assoc,0,5509.0,2
6660,605,F,PhD,74,Prof,86,87,Assoc,0,5786.0,2
6661,605,F,PhD,74,Prof,86,88,Assoc,0,5953.0,2
6662,605,F,PhD,74,Prof,86,89,Full,0,6555.0,3
6663,605,F,PhD,74,Prof,86,90,Full,0,7692.0,3
6664,605,F,PhD,74,Prof,86,91,Full,0,7935.0,3
6665,605,F,PhD,74,Prof,86,92,Full,0,8165.0,3
6666,605,F,PhD,74,Prof,86,93,Full,0,8402.0,3
6667,605,F,PhD,74,Prof,86,94,Full,0,8402.0,3
6668,605,F,PhD,74,Prof,86,95,Full,0,8523.0,3
6669,606,M,PhD,82,Prof,92,92,Assist,0,6111.0,1
6670,606,M,PhD,82,Prof,92,93,Assist,0,6135.0,1
6671,606,M,PhD,82,Prof,92,94,Assist,0,6135.0,1
6672,606,M,PhD,82,Prof,92,95,Assist,0,6404.0,1
6673,607,M,PhD,70,Other,72,76,Assoc,0,2506.0,2
6674,607,M,PhD,70,Other,72,77,Assoc,0,2786.567,2
6675,607,M,PhD,70,Other,72,78,Assoc,0,2925.0,2
6676,607,M,PhD,70,Other,72,80,Full,0,3498.0,3
6677,607,M,PhD,70,Other,72,81,Full,0,3887.0,3
6678,607,M,PhD,70,Other,72,82,Full,0,4116.0,3
6679,607,M,PhD,70,Other,72,83,Full,0,4798.0,3
6680,607,M,PhD,70,Other,72,84,Full,0,5349.0,3
6681,607,M,PhD,70,Other,72,85,Full,0,5349.0,3
6682,607,M,PhD,70,Other,72,86,Full,0,5833.0,3
6683,607,M,PhD,70,Other,72,87,Full,0,6126.0,3
6684,607,M,PhD,70,Other,72,88,Full,0,6126.0,3
6685,607,M,PhD,70,Other,72,89,Full,0,6462.0,3
6686,607,M,PhD,70,Other,72,90,Full,0,6764.0,3
6687,607,M,PhD,70,Other,72,91,Full,0,7078.0,3
6688,607,M,PhD,70,Other,72,92,Full,0,7388.0,3
6689,607,M,PhD,70,Other,72,93,Full,0,7494.0,3
6690,607,M,PhD,70,Other,72,94,Full,0,7494.0,3
6691,607,M,PhD,70,Other,72,95,Full,0,7714.0,3
6692,608,M,PhD,85,Prof,85,85,Assist,0,3688.0,1
6693,608,M,PhD,85,Prof,85,86,Assist,0,3799.0,1
6694,608,M,PhD,85,Prof,85,87,Assist,0,3990.0,1
6695,608,M,PhD,85,Prof,85,88,Assist,0,4105.0,1
6696,608,M,PhD,85,Prof,85,89,Assist,0,4393.0,1
6697,608,M,PhD,85,Prof,85,90,Assist,0,4800.0,1
6698,608,M,PhD,85,Prof,85,91,Assoc,0,5242.0,2
6699,608,M,PhD,85,Prof,85,92,Assoc,0,5551.0,2
6700,608,M,PhD,85,Prof,85,93,Assoc,0,5712.0,2
6701,608,M,PhD,85,Prof,85,94,Assoc,0,5712.0,2
6702,608,M,PhD,85,Prof,85,95,Assoc,0,5794.0,2
6703,609,F,PhD,73,Prof,78,78,Assist,0,1900.0,1
6704,609,F,PhD,73,Prof,78,79,Assist,0,2161.0,1
6705,609,F,PhD,73,Prof,78,80,Assist,0,2320.896,1
6706,609,F,PhD,73,Prof,78,81,Assist,0,2719.0,1
6707,609,F,PhD,73,Prof,78,82,Assist,0,2838.0,1
6708,609,F,PhD,73,Prof,78,83,Assist,0,3081.0,1
6709,609,F,PhD,73,Prof,78,84,Assoc,0,3337.0,2
6710,609,F,PhD,73,Prof,78,85,Assoc,0,3337.0,2
6711,609,F,PhD,73,Prof,78,86,Assoc,0,3745.0,2
6712,609,F,PhD,73,Prof,78,87,Assoc,0,3933.0,2
6713,609,F,PhD,73,Prof,78,88,Assoc,0,4047.0,2
6714,609,F,PhD,73,Prof,78,89,Assoc,0,4434.328,2
6715,609,F,PhD,73,Prof,78,90,Assoc,0,4800.0,2
6716,609,F,PhD,73,Prof,78,91,Assoc,0,5095.0,2
6717,609,F,PhD,73,Prof,78,92,Assoc,0,5242.0,2
6718,609,F,PhD,73,Prof,78,93,Assoc,0,5394.0,2
6719,609,F,PhD,73,Prof,78,94,Assoc,0,5394.0,2
6720,609,F,PhD,73,Prof,78,95,Assoc,0,5631.0,2
6721,610,M,PhD,74,Other,88,88,Assoc,0,3658.0,2
6722,610,M,PhD,74,Other,88,89,Assoc,0,3970.0,2
6723,610,M,PhD,74,Other,88,90,Assoc,0,4215.0,2
6724,610,M,PhD,74,Other,88,91,Full,0,4806.0,3
6725,610,M,PhD,74,Other,88,92,Full,0,5088.0,3
6726,610,M,PhD,74,Other,88,93,Full,0,5311.0,3
6727,610,M,PhD,74,Other,88,94,Full,0,5311.0,3
6728,610,M,PhD,74,Other,88,95,Full,0,5544.0,3
6729,611,M,PhD,83,Other,85,85,Assist,0,3152.0,1
6730,611,M,PhD,83,Other,85,86,Assist,0,3246.0,1
6731,611,M,PhD,83,Other,85,87,Assist,0,3409.0,1
6732,611,M,PhD,83,Other,85,88,Assist,0,3559.0,1
6733,611,M,PhD,83,Other,85,89,Assist,0,3808.0,1
6734,611,M,PhD,83,Other,85,90,Assist,0,3986.0,1
6735,611,M,PhD,83,Other,85,91,Assoc,0,4416.0,2
6736,611,M,PhD,83,Other,85,92,Assoc,0,4676.0,2
6737,611,M,PhD,83,Other,85,93,Assoc,0,4812.0,2
6738,611,M,PhD,83,Other,85,94,Assoc,0,4812.0,2
6739,611,M,PhD,83,Other,85,95,Assoc,0,5095.0,2
6740,612,M,PhD,70,Prof,83,83,Assoc,0,3605.0,2
6741,612,M,PhD,70,Prof,83,84,Assoc,0,3795.0,2
6742,612,M,PhD,70,Prof,83,85,Assoc,0,3795.0,2
6743,612,M,PhD,70,Prof,83,86,Assoc,0,4446.0,2
6744,612,M,PhD,70,Prof,83,87,Assoc,0,4669.0,2
6745,612,M,PhD,70,Prof,83,88,Assoc,0,4874.0,2
6746,612,M,PhD,70,Prof,83,89,Assoc,0,5366.0,2
6747,612,M,PhD,70,Prof,83,90,Assoc,0,6120.0,2
6748,612,M,PhD,70,Prof,83,91,Full,0,6684.0,3
6749,612,M,PhD,70,Prof,83,92,Full,0,7078.0,3
6750,612,M,PhD,70,Prof,83,93,Full,0,7388.0,3
6751,612,M,PhD,70,Prof,83,94,Full,0,7388.0,3
6752,612,M,PhD,70,Prof,83,95,Full,0,7712.0,3
6753,613,M,PhD,61,Prof,68,76,Full,0,2339.0,3
6754,613,M,PhD,61,Prof,68,77,Full,0,2544.0,3
6755,613,M,PhD,61,Prof,68,78,Full,0,2628.0,3
6756,613,M,PhD,61,Prof,68,81,Full,0,3369.0,3
6757,613,M,PhD,61,Prof,68,82,Full,0,3517.0,3
6758,613,M,PhD,61,Prof,68,83,Full,0,3764.0,3
6759,613,M,PhD,61,Prof,68,84,Full,0,4018.0,3
6760,613,M,PhD,61,Prof,68,85,Full,0,4018.0,3
6761,613,M,PhD,61,Prof,68,86,Full,0,4139.0,3
6762,613,M,PhD,61,Prof,68,87,Full,0,4347.0,3
6763,613,M,PhD,61,Prof,68,88,Full,0,4347.0,3
6764,613,M,PhD,61,Prof,68,89,Full,0,5068.0,3
6765,613,M,PhD,61,Prof,68,90,Full,0,5617.0,3
6766,613,M,PhD,61,Prof,68,91,Full,0,5794.0,3
6767,613,M,PhD,61,Prof,68,92,Full,0,5962.0,3
6768,613,M,PhD,61,Prof,68,93,Full,0,6135.0,3
6769,613,M,PhD,61,Prof,68,94,Full,0,6135.0,3
6770,613,M,PhD,61,Prof,68,95,Full,0,6223.0,3
6771,614,M,PhD,84,Arts,84,84,Assist,0,2301.0,1
6772,614,M,PhD,84,Arts,84,85,Assist,0,2301.0,1
6773,614,M,PhD,84,Arts,84,86,Assist,0,2696.0,1
6774,614,M,PhD,84,Arts,84,88,Assist,0,2913.0,1
6775,614,M,PhD,84,Arts,84,89,Assist,0,3117.0,1
6776,614,M,PhD,84,Arts,84,90,Assoc,0,3658.0,2
6777,614,M,PhD,84,Arts,84,91,Assoc,0,4053.0,2
6778,614,M,PhD,84,Arts,84,92,Assoc,0,4171.0,2
6779,614,M,PhD,84,Arts,84,93,Assoc,0,4292.0,2
6780,614,M,PhD,84,Arts,84,94,Assoc,0,4292.0,2
6781,614,M,PhD,84,Arts,84,95,Assoc,0,4480.0,2
6783,616,M,PhD,68,Arts,73,76,Assoc,1,1743.0,2
6784,616,M,PhD,68,Arts,73,77,Assoc,1,2019.0,2
6785,616,M,PhD,68,Arts,73,78,Assoc,1,2176.0,2
6786,616,M,PhD,68,Arts,73,79,Assoc,1,2454.0,2
6787,616,M,PhD,68,Arts,73,80,Assoc,1,2642.0,2
6788,616,M,PhD,68,Arts,73,81,Assoc,1,3005.0,2
6789,616,M,PhD,68,Arts,73,82,Assoc,1,3092.0,2
6790,616,M,PhD,68,Arts,73,83,Assoc,1,3310.0,2
6791,616,M,PhD,68,Arts,73,84,Full,1,3636.0,3
6792,616,M,PhD,68,Arts,73,85,Full,1,3636.0,3
6793,616,M,PhD,68,Arts,73,86,Full,1,4081.0,3
6794,616,M,PhD,68,Arts,73,87,Full,1,4285.0,3
6795,616,M,PhD,68,Arts,73,88,Full,1,4473.0,3
6796,616,M,PhD,68,Arts,73,89,Full,1,4925.0,3
6797,616,M,PhD,68,Arts,73,90,Full,1,5780.0,3
6798,616,M,PhD,68,Arts,73,91,Full,0,6223.0,3
6799,616,M,PhD,68,Arts,73,92,Full,0,6404.0,3
6800,616,M,PhD,68,Arts,73,93,Full,0,6496.0,3
6801,616,M,PhD,68,Arts,73,94,Full,0,6496.0,3
6802,616,M,PhD,68,Arts,73,95,Full,0,6684.0,3
6803,617,F,PhD,84,Other,84,84,Assist,0,2651.0,1
6804,617,F,PhD,84,Other,84,85,Assist,0,2651.0,1
6805,617,F,PhD,84,Other,84,86,Assist,0,2892.0,1
6806,617,F,PhD,84,Other,84,87,Assist,0,3038.0,1
6807,617,F,PhD,84,Other,84,88,Assist,0,3171.0,1
6808,617,F,PhD,84,Other,84,89,Assist,0,3490.0,1
6809,617,F,PhD,84,Other,84,90,Assist,0,3653.0,1
6810,617,F,PhD,84,Other,84,91,Assoc,0,3991.0,2
6811,617,F,PhD,84,Other,84,92,Assoc,0,4106.0,2
6812,617,F,PhD,84,Other,84,93,Assoc,0,4225.0,2
6813,617,F,PhD,84,Other,84,94,Assoc,0,4225.0,2
6814,617,F,PhD,84,Other,84,95,Assoc,0,4411.0,2
6815,618,F,PhD,61,Other,73,76,Full,0,2482.0,3
6816,618,F,PhD,61,Other,73,77,Full,0,2800.0,3
6817,618,F,PhD,61,Other,73,78,Full,0,2976.0,3
6818,618,F,PhD,61,Other,73,79,Full,0,3297.015,3
6819,618,F,PhD,61,Other,73,80,Full,0,3597.0,3
6820,618,F,PhD,61,Other,73,81,Full,0,4116.0,3
6821,618,F,PhD,61,Other,73,82,Full,0,4358.0,3
6822,618,F,PhD,61,Other,73,83,Full,0,4598.0,3
6823,618,F,PhD,61,Other,73,84,Full,0,5052.0,3
6824,618,F,PhD,61,Other,73,85,Full,0,5052.0,3
6825,618,F,PhD,61,Other,73,86,Full,0,5669.0,3
6826,618,F,PhD,61,Other,73,87,Full,0,5953.0,3
6827,618,F,PhD,61,Other,73,88,Full,0,6126.0,3
6828,618,F,PhD,61,Other,73,89,Full,0,6555.0,3
6829,618,F,PhD,61,Other,73,90,Full,0,6861.0,3
6830,618,F,PhD,61,Other,73,91,Full,0,7180.0,3
6831,618,F,PhD,61,Other,73,92,Full,0,7388.0,3
6832,618,F,PhD,61,Other,73,93,Full,0,7602.0,3
6833,618,F,PhD,61,Other,73,94,Full,0,7602.0,3
6834,618,F,PhD,61,Other,73,95,Full,0,7823.0,3
6835,619,F,PhD,70,Prof,73,76,Assoc,0,1946.0,2
6836,619,F,PhD,70,Prof,73,77,Assoc,0,2058.0,2
6837,619,F,PhD,70,Prof,73,78,Assoc,0,2136.0,2
6838,619,F,PhD,70,Prof,73,79,Assoc,0,2285.0,2
6839,619,F,PhD,70,Prof,73,80,Assoc,0,2507.0,2
6840,619,F,PhD,70,Prof,73,81,Assoc,0,2758.0,2
6841,619,F,PhD,70,Prof,73,82,Assoc,0,2758.0,2
6842,619,F,PhD,70,Prof,73,83,Assoc,0,3505.0,2
6843,619,F,PhD,70,Prof,73,84,Assoc,0,4077.0,2
6844,619,F,PhD,70,Prof,73,85,Full,0,4195.0,3
6845,619,F,PhD,70,Prof,73,86,Full,0,4708.0,3
6846,619,F,PhD,70,Prof,73,87,Full,0,4944.0,3
6847,619,F,PhD,70,Prof,73,88,Full,0,5623.0,3
6848,619,F,PhD,70,Prof,73,89,Full,0,6190.0,3
6849,619,F,PhD,70,Prof,73,90,Full,0,6668.0,3
6850,619,F,PhD,70,Prof,73,91,Full,0,7078.0,3
6851,619,F,PhD,70,Prof,73,92,Full,0,7283.0,3
6852,619,F,PhD,70,Prof,73,93,Full,0,7602.0,3
6853,619,F,PhD,70,Prof,73,94,Full,0,7602.0,3
6854,619,F,PhD,70,Prof,73,95,Full,1,9556.0,3
6855,620,M,PhD,89,Other,94,94,Assist,0,3042.0,1
6856,620,M,PhD,89,Other,94,95,Assist,0,3130.588,1
6857,621,M,PhD,66,Other,71,76,Assoc,0,2258.0,2
6858,621,M,PhD,66,Other,71,77,Assoc,0,2529.0,2
6859,621,M,PhD,66,Other,71,78,Full,0,2719.0,3
6860,621,M,PhD,66,Other,71,79,Full,0,3021.0,3
6861,621,M,PhD,66,Other,71,80,Full,0,3327.0,3
6862,621,M,PhD,66,Other,71,81,Full,0,3777.612,3
6863,621,M,PhD,66,Other,71,82,Full,0,4000.0,3
6864,621,M,PhD,66,Other,71,83,Full,0,4220.0,3
6865,621,M,PhD,66,Other,71,84,Full,0,4442.0,3
6866,621,M,PhD,66,Other,71,85,Full,0,4442.0,3
6867,621,M,PhD,66,Other,71,86,Full,0,4985.0,3
6868,621,M,PhD,66,Other,71,87,Full,0,5235.0,3
6869,621,M,PhD,66,Other,71,88,Full,0,5361.194,3
6870,621,M,PhD,66,Other,71,89,Full,0,5734.328,3
6871,621,M,PhD,66,Other,71,90,Full,0,5946.269,3
6872,621,M,PhD,66,Other,71,91,Full,0,6781.0,3
6873,621,M,PhD,66,Other,71,92,Full,0,7078.0,3
6874,621,M,PhD,66,Other,71,93,Full,0,7283.0,3
6875,621,M,PhD,66,Other,71,94,Full,0,7283.0,3
6876,621,M,PhD,66,Other,71,95,Full,0,7611.0,3
6877,622,M,PhD,51,Other,91,91,Full,0,10411.0,3
6878,622,M,PhD,51,Other,91,92,Full,0,10411.0,3
6879,622,M,PhD,51,Other,91,93,Full,0,10561.0,3
6880,622,M,PhD,51,Other,91,94,Full,0,10561.0,3
6881,622,M,PhD,51,Other,91,95,Full,0,10867.0,3
6882,623,M,PhD,73,Arts,72,76,Assist,0,1563.0,1
6883,623,M,PhD,73,Arts,72,77,Assist,0,1717.0,1
6884,623,M,PhD,73,Arts,72,78,Assist,0,1828.0,1
6885,623,M,PhD,73,Arts,72,79,Assoc,0,2028.358,2
6886,623,M,PhD,73,Arts,72,80,Assoc,0,2121.0,2
6887,623,M,PhD,73,Arts,72,81,Assoc,0,2391.0,2
6888,623,M,PhD,73,Arts,72,82,Assoc,0,2532.0,2
6889,623,M,PhD,73,Arts,72,83,Assoc,0,2671.0,2
6890,623,M,PhD,73,Arts,72,84,Assoc,0,2811.0,2
6891,623,M,PhD,73,Arts,72,85,Assoc,0,2811.0,2
6892,623,M,PhD,73,Arts,72,86,Assoc,0,2896.0,2
6893,623,M,PhD,73,Arts,72,87,Assoc,0,3041.0,2
6894,623,M,PhD,73,Arts,72,88,Assoc,0,3266.0,2
6895,623,M,PhD,73,Arts,72,89,Assoc,0,3754.0,2
6896,623,M,PhD,73,Arts,72,90,Assoc,0,3986.0,2
6897,623,M,PhD,73,Arts,72,91,Full,0,4544.0,3
6898,623,M,PhD,73,Arts,72,92,Full,0,4676.0,3
6899,623,M,PhD,73,Arts,72,93,Full,0,4812.0,3
6900,623,M,PhD,73,Arts,72,94,Full,0,4812.0,3
6901,623,M,PhD,73,Arts,72,95,Full,0,5095.0,3
6902,624,M,PhD,70,Other,78,78,Assist,0,1730.0,1
6903,624,M,PhD,70,Other,78,79,Assist,0,1959.0,1
6904,624,M,PhD,70,Other,78,80,Assist,0,2079.0,1
6905,624,M,PhD,70,Other,78,81,Assoc,0,2323.0,2
6906,624,M,PhD,70,Other,78,82,Assoc,0,2391.0,2
6907,624,M,PhD,70,Other,78,83,Assoc,0,2523.0,2
6908,624,M,PhD,70,Other,78,84,Assoc,0,2892.0,2
6909,624,M,PhD,70,Other,78,85,Assoc,0,2892.0,2
6910,624,M,PhD,70,Other,78,86,Assoc,0,3246.0,2
6911,624,M,PhD,70,Other,78,87,Assoc,0,3409.0,2
6912,624,M,PhD,70,Other,78,88,Full,0,3877.0,3
6913,624,M,PhD,70,Other,78,89,Full,0,4330.0,3
6914,624,M,PhD,70,Other,78,90,Full,0,4533.0,3
6915,624,M,PhD,70,Other,78,91,Full,0,5394.0,3
6916,624,M,PhD,70,Other,78,92,Full,0,5631.0,3
6917,624,M,PhD,70,Other,78,93,Full,1,7388.0,3
6918,624,M,PhD,70,Other,78,94,Full,1,7388.0,3
6919,624,M,PhD,70,Other,78,95,Full,1,7935.0,3
6920,625,F,PhD,88,Other,91,91,Assist,0,2752.0,1
6921,625,F,PhD,88,Other,91,92,Assist,0,3042.0,1
6922,625,F,PhD,88,Other,91,93,Assist,0,3130.0,1
6923,625,F,PhD,88,Other,91,94,Assist,0,3130.0,1
6924,625,F,PhD,88,Other,91,95,Assist,0,3256.0,1
6925,626,M,PhD,74,Other,85,85,Assoc,0,4704.0,2
6926,626,M,PhD,74,Other,85,86,Assoc,0,4844.0,2
6927,626,M,PhD,74,Other,85,87,Assoc,0,5087.0,2
6928,626,M,PhD,74,Other,85,88,Assoc,0,5087.0,2
6929,626,M,PhD,74,Other,85,89,Assoc,0,5290.0,2
6930,626,M,PhD,74,Other,85,90,Assoc,0,5381.0,2
6931,626,M,PhD,74,Other,85,91,Full,0,5631.0,3
6932,626,M,PhD,74,Other,85,92,Full,0,5878.0,3
6933,626,M,PhD,74,Other,85,93,Full,0,6048.0,3
6934,626,M,PhD,74,Other,85,94,Full,0,6048.0,3
6935,626,M,PhD,74,Other,85,95,Full,0,6313.0,3
6937,628,M,PhD,85,Prof,89,89,Assist,0,4996.0,1
6938,628,M,PhD,85,Prof,89,90,Assist,0,5082.0,1
6939,628,M,PhD,85,Prof,89,91,Assist,0,5394.0,1
6940,628,M,PhD,85,Prof,89,92,Assist,0,5631.0,1
6941,628,M,PhD,85,Prof,89,93,Assoc,0,6048.0,2
6942,628,M,PhD,85,Prof,89,94,Assoc,0,6048.0,2
6943,628,M,PhD,85,Prof,89,95,Assoc,0,6496.0,2
6944,629,F,PhD,90,Other,92,92,Assist,0,3611.0,1
6945,629,F,PhD,90,Other,92,93,Assist,0,3715.0,1
6946,629,F,PhD,90,Other,92,94,Assist,0,3715.0,1
6947,629,F,PhD,90,Other,92,95,Assist,0,3934.0,1
6948,630,M,PhD,84,Prof,90,90,Assoc,0,4663.333,2
6949,630,M,PhD,84,Prof,90,91,Assoc,0,4743.0,2
6950,630,M,PhD,84,Prof,90,92,Assoc,0,4881.0,2
6951,630,M,PhD,84,Prof,90,93,Assoc,0,5022.0,2
6952,630,M,PhD,84,Prof,90,94,Assoc,0,5022.0,2
6953,630,M,PhD,84,Prof,90,95,Assoc,0,5168.0,2
6954,631,M,PhD,63,Other,68,76,Full,0,2232.0,3
6955,631,M,PhD,63,Other,68,77,Full,0,2460.0,3
6956,631,M,PhD,63,Other,68,78,Full,1,2586.0,3
6957,631,M,PhD,63,Other,68,79,Full,1,2850.0,3
6958,631,M,PhD,63,Other,68,80,Full,1,3058.0,3
6959,631,M,PhD,63,Other,68,81,Full,0,3417.0,3
6960,631,M,PhD,63,Other,68,82,Full,0,3417.0,3
6961,631,M,PhD,63,Other,68,83,Full,0,3605.0,3
6962,631,M,PhD,63,Other,68,84,Full,0,4018.0,3
6963,631,M,PhD,63,Other,68,85,Full,0,4018.0,3
6964,631,M,PhD,63,Other,68,86,Full,0,4139.0,3
6965,631,M,PhD,63,Other,68,87,Full,0,4347.0,3
6966,631,M,PhD,63,Other,68,88,Full,0,4473.0,3
6967,631,M,PhD,63,Other,68,89,Full,0,4786.0,3
6968,631,M,PhD,63,Other,68,90,Full,0,4939.0,3
6969,631,M,PhD,63,Other,68,91,Full,0,5168.0,3
6970,631,M,PhD,63,Other,68,92,Full,0,5318.0,3
6971,631,M,PhD,63,Other,68,93,Full,0,5394.0,3
6972,631,M,PhD,63,Other,68,94,Full,0,5394.0,3
6973,631,M,PhD,63,Other,68,95,Full,0,5551.0,3
6974,632,M,PhD,74,Prof,89,89,Full,0,6555.0,3
6975,632,M,PhD,74,Prof,89,90,Full,0,7060.0,3
6976,632,M,PhD,74,Prof,89,91,Full,0,7602.0,3
6977,632,M,PhD,74,Prof,89,92,Full,0,7935.0,3
6978,632,M,PhD,74,Prof,89,93,Full,0,8165.0,3
6979,632,M,PhD,74,Prof,89,94,Full,0,8165.0,3
6980,632,M,PhD,74,Prof,89,95,Full,0,8523.0,3
6981,633,M,PhD,63,Other,75,76,Assist,0,2232.0,1
6982,633,M,PhD,63,Other,75,77,Assist,0,2400.0,1
6983,633,M,PhD,63,Other,75,78,Assist,0,2471.0,1
6984,633,M,PhD,63,Other,75,79,Assist,0,2647.0,1
6985,633,M,PhD,63,Other,75,80,Assist,0,2826.0,1
6986,633,M,PhD,63,Other,75,83,Assoc,0,3406.0,2
6987,633,M,PhD,63,Other,75,84,Assoc,0,3586.0,2
6988,633,M,PhD,63,Other,75,85,Assoc,0,3586.0,2
6989,633,M,PhD,63,Other,75,86,Assoc,0,3909.0,2
6990,633,M,PhD,63,Other,75,87,Assoc,0,4105.0,2
6991,633,M,PhD,63,Other,75,88,Assoc,0,4225.0,2
6992,633,M,PhD,63,Other,75,89,Assoc,0,4585.0,2
6993,633,M,PhD,63,Other,75,90,Assoc,0,4869.0,2
6994,633,M,PhD,63,Other,75,91,Assoc,0,5242.0,2
6995,633,M,PhD,63,Other,75,92,Assoc,0,5394.0,2
6996,633,M,PhD,63,Other,75,93,Assoc,0,5551.0,2
6997,633,M,PhD,63,Other,75,94,Full,0,5712.0,3
6998,633,M,PhD,63,Other,75,95,Full,0,6135.0,3
6999,634,M,PhD,69,Other,70,76,Assoc,0,1598.0,2
7000,634,M,PhD,69,Other,70,77,Assoc,0,1746.0,2
7001,634,M,PhD,69,Other,70,78,Assoc,0,1817.0,2
7002,634,M,PhD,69,Other,70,79,Assoc,0,1981.0,2
7003,634,M,PhD,69,Other,70,80,Assoc,0,2138.0,2
7004,634,M,PhD,69,Other,70,81,Assoc,0,2353.0,2
7005,634,M,PhD,69,Other,70,82,Assoc,0,2422.0,2
7006,634,M,PhD,69,Other,70,83,Assoc,0,2555.0,2
7007,634,M,PhD,69,Other,70,84,Assoc,0,2977.0,2
7008,634,M,PhD,69,Other,70,85,Assoc,0,2977.0,2
7009,634,M,PhD,69,Other,70,86,Assoc,0,3066.0,2
7010,634,M,PhD,69,Other,70,87,Assoc,0,3220.0,2
7011,634,M,PhD,69,Other,70,88,Assoc,0,3313.0,2
7012,634,M,PhD,69,Other,70,89,Assoc,0,3918.0,2
7013,634,M,PhD,69,Other,70,90,Assoc,0,3986.0,2
7014,634,M,PhD,69,Other,70,91,Assoc,0,4053.0,2
7015,634,M,PhD,69,Other,70,92,Assoc,0,4112.0,2
7016,634,M,PhD,69,Other,70,93,Assoc,0,4112.0,2
7017,634,M,PhD,69,Other,70,94,Assoc,0,4112.0,2
7018,634,M,PhD,69,Other,70,95,Assoc,0,4231.0,2
7019,635,M,PhD,67,Other,79,79,Full,1,4300.0,3
7020,635,M,PhD,67,Other,79,80,Full,1,4606.0,3
7021,635,M,PhD,67,Other,79,81,Full,1,5143.0,3
7022,635,M,PhD,67,Other,79,82,Full,1,5324.0,3
7023,635,M,PhD,67,Other,79,83,Full,1,5862.0,3
7024,635,M,PhD,67,Other,79,84,Full,0,6663.0,3
7025,635,M,PhD,67,Other,79,85,Full,0,6663.0,3
7026,635,M,PhD,67,Other,79,86,Full,0,7228.0,3
7027,635,M,PhD,67,Other,79,87,Full,0,7591.0,3
7028,635,M,PhD,67,Other,79,88,Full,0,7811.0,3
7029,635,M,PhD,67,Other,79,89,Full,0,8239.0,3
7030,635,M,PhD,67,Other,79,90,Full,0,8624.0,3
7031,635,M,PhD,67,Other,79,91,Full,0,9025.0,3
7032,635,M,PhD,67,Other,79,92,Full,0,9154.0,3
7033,635,M,PhD,67,Other,79,93,Full,0,9420.0,3
7034,635,M,PhD,67,Other,79,94,Full,0,9420.0,3
7035,635,M,PhD,67,Other,79,95,Full,0,9692.515,3
7036,636,M,PhD,75,Prof,79,79,Assist,0,1927.0,1
7037,636,M,PhD,75,Prof,79,82,Assoc,0,2492.0,2
7038,636,M,PhD,75,Prof,79,83,Assoc,0,2668.0,2
7039,636,M,PhD,75,Prof,79,84,Assoc,0,2808.0,2
7040,636,M,PhD,75,Prof,79,85,Assoc,0,3194.0,2
7041,636,M,PhD,75,Prof,79,86,Assoc,0,3289.0,2
7042,636,M,PhD,75,Prof,79,87,Assoc,0,4343.0,2
7043,636,M,PhD,75,Prof,79,88,Full,0,4469.0,3
7044,636,M,PhD,75,Prof,79,89,Full,0,4990.0,3
7045,636,M,PhD,75,Prof,79,90,Full,0,5374.0,3
7046,636,M,PhD,75,Prof,79,91,Full,0,5705.0,3
7047,636,M,PhD,75,Prof,79,92,Full,0,5870.0,3
7048,636,M,PhD,75,Prof,79,93,Full,0,6216.0,3
7049,636,M,PhD,75,Prof,79,94,Full,0,6216.0,3
7050,636,M,PhD,75,Prof,79,95,Full,0,6488.0,3
7051,637,M,PhD,82,Other,87,87,Assist,0,3171.0,1
7052,637,M,PhD,82,Other,87,88,Assist,0,3263.0,1
7053,637,M,PhD,82,Other,87,89,Assist,0,3541.0,1
7054,637,M,PhD,82,Other,87,90,Assist,0,3653.0,1
7055,637,M,PhD,82,Other,87,91,Assist,0,3769.0,1
7056,637,M,PhD,82,Other,87,92,Assoc,0,4048.0,2
7057,637,M,PhD,82,Other,87,93,Assoc,0,4165.0,2
7058,637,M,PhD,82,Other,87,94,Assoc,0,4165.0,2
7059,637,M,PhD,82,Other,87,95,Assoc,0,4348.0,2
7060,638,M,PhD,67,Other,67,76,Assoc,0,2018.0,2
7061,638,M,PhD,67,Other,67,77,Full,0,2296.0,3
7062,638,M,PhD,67,Other,67,78,Full,0,2460.0,3
7063,638,M,PhD,67,Other,67,79,Full,0,2759.0,3
7064,638,M,PhD,67,Other,67,80,Full,0,2964.0,3
7065,638,M,PhD,67,Other,67,81,Full,0,3322.0,3
7066,638,M,PhD,67,Other,67,82,Full,0,3322.0,3
7067,638,M,PhD,67,Other,67,83,Full,0,3817.0,3
7068,638,M,PhD,67,Other,67,84,Full,0,4256.0,3
7069,638,M,PhD,67,Other,67,85,Full,1,4636.0,3
7070,638,M,PhD,67,Other,67,86,Full,1,5833.0,3
7071,638,M,PhD,67,Other,67,87,Full,1,6126.0,3
7072,638,M,PhD,67,Other,67,88,Full,1,6580.0,3
7073,638,M,PhD,67,Other,67,89,Full,1,7142.0,3
7074,638,M,PhD,67,Other,67,90,Full,1,7583.0,3
7075,638,M,PhD,67,Other,67,91,Full,1,8165.0,3
7076,638,M,PhD,67,Other,67,92,Full,0,8402.0,3
7077,638,M,PhD,67,Other,67,93,Full,0,8646.0,3
7078,638,M,PhD,67,Other,67,94,Full,0,8646.0,3
7079,638,M,PhD,67,Other,67,95,Full,0,8896.0,3
7080,639,M,PhD,75,Other,75,76,Assist,0,1592.0,1
7081,639,M,PhD,75,Other,75,77,Assist,0,1644.0,1
7082,639,M,PhD,75,Other,75,78,Assist,0,1717.0,1
7083,639,M,PhD,75,Other,75,80,Assist,0,2162.0,1
7084,639,M,PhD,75,Other,75,84,Assoc,0,2851.0,2
7085,639,M,PhD,75,Other,75,85,Assoc,0,2851.0,2
7086,639,M,PhD,75,Other,75,86,Assoc,0,3537.0,2
7087,639,M,PhD,75,Other,75,87,Assoc,0,3715.0,2
7088,639,M,PhD,75,Other,75,88,Assoc,0,3822.0,2
7089,639,M,PhD,75,Other,75,89,Full,0,4269.0,3
7090,639,M,PhD,75,Other,75,90,Full,0,4468.0,3
7091,639,M,PhD,75,Other,75,91,Full,0,4812.0,3
7092,639,M,PhD,75,Other,75,92,Full,0,5022.0,3
7093,639,M,PhD,75,Other,75,93,Full,0,5168.0,3
7094,639,M,PhD,75,Other,75,94,Full,0,5168.0,3
7095,639,M,PhD,75,Other,75,95,Full,0,5394.0,3
7096,640,M,PhD,71,Other,71,76,Assist,0,1910.0,1
7097,640,M,PhD,71,Other,71,77,Assoc,0,2216.0,2
7098,640,M,PhD,71,Other,71,78,Assoc,0,2337.0,2
7099,640,M,PhD,71,Other,71,79,Assoc,0,2671.0,2
7100,640,M,PhD,71,Other,71,80,Assoc,0,2869.0,2
7101,640,M,PhD,71,Other,71,81,Assoc,0,3182.0,2
7102,640,M,PhD,71,Other,71,82,Assoc,0,3275.0,2
7103,640,M,PhD,71,Other,71,83,Assoc,0,3455.0,2
7104,640,M,PhD,71,Other,71,84,Assoc,0,3962.0,2
7105,640,M,PhD,71,Other,71,85,Assoc,0,3962.0,2
7106,640,M,PhD,71,Other,71,86,Assoc,0,4321.0,2
7107,640,M,PhD,71,Other,71,87,Assoc,0,4538.0,2
7108,640,M,PhD,71,Other,71,88,Assoc,0,4805.0,2
7109,640,M,PhD,71,Other,71,89,Assoc,0,5366.0,2
7110,640,M,PhD,71,Other,71,90,Full,0,5863.0,3
7111,640,M,PhD,71,Other,71,91,Full,0,6313.0,3
7112,640,M,PhD,71,Other,71,92,Full,0,6684.0,3
7113,640,M,PhD,71,Other,71,93,Full,0,7078.0,3
7114,640,M,PhD,71,Other,71,94,Full,0,7078.0,3
7115,640,M,PhD,71,Other,71,95,Full,0,7283.0,3
7117,643,M,PhD,89,Other,90,90,Assist,0,3759.0,1
7118,643,M,PhD,89,Other,90,91,Assist,0,3991.0,1
7119,643,M,PhD,89,Other,90,92,Assist,0,4286.0,1
7120,643,M,PhD,89,Other,90,93,Assist,0,4474.0,1
7121,643,M,PhD,89,Other,90,94,Assoc,0,5465.0,2
7122,643,M,PhD,89,Other,90,95,Assoc,0,5705.0,2
7123,644,M,PhD,67,Other,66,76,Assoc,1,1982.0,2
7124,644,M,PhD,67,Other,66,77,Assoc,0,2216.0,2
7125,644,M,PhD,67,Other,66,78,Assoc,1,2544.0,2
7126,644,M,PhD,67,Other,66,79,Assoc,1,2895.0,2
7127,644,M,PhD,67,Other,66,80,Assoc,1,3202.0,2
7128,644,M,PhD,67,Other,66,81,Full,0,3217.333,3
7129,644,M,PhD,67,Other,66,82,Full,0,3619.0,3
7130,644,M,PhD,67,Other,66,83,Full,1,4042.0,3
7131,644,M,PhD,67,Other,66,84,Full,1,4505.0,3
7132,644,M,PhD,67,Other,66,85,Full,1,4505.0,3
7133,644,M,PhD,67,Other,66,86,Full,1,4914.0,3
7134,644,M,PhD,67,Other,66,87,Full,1,5160.0,3
7135,644,M,PhD,67,Other,66,88,Full,1,5229.0,3
7136,644,M,PhD,67,Other,66,89,Full,1,5756.0,3
7137,644,M,PhD,67,Other,66,90,Full,1,7574.0,3
7138,644,M,PhD,67,Other,66,91,Full,1,7702.0,3
7139,644,M,PhD,67,Other,66,92,Full,1,8639.0,3
7140,644,M,PhD,67,Other,66,93,Full,1,8897.0,3
7141,644,M,PhD,67,Other,66,94,Full,1,8897.0,3
7142,644,M,PhD,67,Other,66,95,Full,1,9378.0,3
7143,645,M,PhD,65,Other,72,76,Assoc,0,2150.0,2
7144,645,M,PhD,65,Other,72,77,Full,0,2402.0,3
7145,645,M,PhD,65,Other,72,78,Full,0,2522.0,3
7146,645,M,PhD,65,Other,72,79,Full,0,2743.0,3
7147,645,M,PhD,65,Other,72,80,Full,1,3337.0,3
7148,645,M,PhD,65,Other,72,81,Full,1,3773.0,3
7149,645,M,PhD,65,Other,72,82,Full,1,3938.0,3
7150,645,M,PhD,65,Other,72,83,Full,0,4154.0,3
7151,645,M,PhD,65,Other,72,84,Full,0,4373.0,3
7152,645,M,PhD,65,Other,72,85,Full,0,4373.0,3
7153,645,M,PhD,65,Other,72,86,Full,0,4908.0,3
7154,645,M,PhD,65,Other,72,87,Full,0,5155.0,3
7155,645,M,PhD,65,Other,72,88,Full,0,5305.0,3
7156,645,M,PhD,65,Other,72,89,Full,0,5756.0,3
7157,645,M,PhD,65,Other,72,90,Full,0,6112.0,3
7158,645,M,PhD,65,Other,72,91,Full,0,6488.0,3
7159,645,M,PhD,65,Other,72,92,Full,0,6772.0,3
7160,645,M,PhD,65,Other,72,93,Full,0,6969.0,3
7161,645,M,PhD,65,Other,72,94,Full,0,6969.0,3
7162,645,M,PhD,65,Other,72,95,Full,0,7379.0,3
7163,646,F,PhD,91,Other,91,91,Assist,0,3769.0,1
7164,646,F,PhD,91,Other,91,92,Assist,0,3878.0,1
7165,646,F,PhD,91,Other,91,93,Assist,0,3991.0,1
7166,646,F,PhD,91,Other,91,94,Assist,0,3991.0,1
7167,646,F,PhD,91,Other,91,95,Assist,0,4225.0,1
7168,647,M,PhD,71,Other,94,94,Full,0,8896.0,3
7169,647,M,PhD,71,Other,94,95,Full,0,9154.0,3
7170,648,F,PhD,91,Other,91,91,Assist,0,3559.0,1
7171,648,F,PhD,91,Other,91,92,Assist,0,3559.0,1
7172,648,F,PhD,91,Other,91,93,Assist,0,3769.0,1
7173,648,F,PhD,91,Other,91,94,Assist,0,3769.0,1
7174,648,F,PhD,91,Other,91,95,Assist,0,4165.0,1
7175,649,M,PhD,82,Other,84,84,Assist,0,2851.0,1
7176,649,M,PhD,82,Other,84,85,Assist,0,2811.0,1
7177,649,M,PhD,82,Other,84,86,Assist,0,3437.0,1
7178,649,M,PhD,82,Other,84,87,Assist,0,3610.0,1
7179,649,M,PhD,82,Other,84,88,Assoc,0,3877.0,2
7180,649,M,PhD,82,Other,84,89,Assoc,0,4208.0,2
7181,649,M,PhD,82,Other,84,90,Assoc,0,4405.0,2
7182,649,M,PhD,82,Other,84,91,Assoc,0,4812.0,2
7183,649,M,PhD,82,Other,84,92,Full,0,5168.0,3
7184,649,M,PhD,82,Other,84,93,Full,0,5318.0,3
7185,649,M,PhD,82,Other,84,94,Full,0,5318.0,3
7186,649,M,PhD,82,Other,84,95,Full,0,5712.0,3
7187,650,M,PhD,85,Other,89,89,Assist,0,2859.0,1
7188,650,M,PhD,85,Other,89,90,Assist,0,3034.0,1
7189,650,M,PhD,85,Other,89,91,Assist,0,3175.0,1
7190,650,M,PhD,85,Other,89,92,Assist,0,3267.0,1
7191,650,M,PhD,85,Other,89,93,Assist,0,3362.0,1
7192,650,M,PhD,85,Other,89,94,Assist,0,3362.0,1
7193,650,M,PhD,85,Other,89,95,Assoc,0,3878.0,2
7194,651,M,PhD,82,Other,85,85,Assist,0,2811.0,1
7195,651,M,PhD,82,Other,85,86,Assist,0,2896.0,1
7196,651,M,PhD,82,Other,85,87,Assist,0,3041.0,1
7197,651,M,PhD,82,Other,85,88,Assist,0,3174.0,1
7198,651,M,PhD,82,Other,85,89,Assist,0,3495.0,1
7199,651,M,PhD,82,Other,85,90,Assist,0,3606.0,1
7200,651,M,PhD,82,Other,85,91,Assist,0,3996.0,1
7201,651,M,PhD,82,Other,85,92,Assoc,0,4292.0,2
7202,651,M,PhD,82,Other,85,93,Assoc,0,4416.0,2
7203,651,M,PhD,82,Other,85,94,Assoc,0,5318.0,2
7204,651,M,PhD,82,Other,85,95,Assoc,0,4610.0,2
7205,653,M,PhD,77,Other,78,78,Assist,0,2089.0,1
7206,653,M,PhD,77,Other,78,79,Assist,0,2378.0,1
7207,653,M,PhD,77,Other,78,80,Assist,0,2635.0,1
7208,653,M,PhD,77,Other,78,81,Assoc,0,3092.0,2
7209,653,M,PhD,77,Other,78,82,Assoc,0,3322.0,2
7210,653,M,PhD,77,Other,78,83,Assoc,1,3926.866,2
7211,653,M,PhD,77,Other,78,84,Assoc,1,4636.0,2
7212,653,M,PhD,77,Other,78,85,Assoc,0,4636.0,2
7213,653,M,PhD,77,Other,78,86,Assoc,0,5056.0,2
7214,653,M,PhD,77,Other,78,87,Assoc,0,5310.0,2
7215,653,M,PhD,77,Other,78,88,Assoc,0,5464.0,2
7216,653,M,PhD,77,Other,78,89,Assoc,0,5931.0,2
7217,653,M,PhD,77,Other,78,90,Assoc,0,6208.0,2
7218,653,M,PhD,77,Other,78,91,Full,0,7283.0,3
7219,653,M,PhD,77,Other,78,92,Full,0,7823.0,3
7220,653,M,PhD,77,Other,78,93,Full,0,8049.0,3
7221,653,M,PhD,77,Other,78,94,Full,0,8049.0,3
7222,653,M,PhD,77,Other,78,95,Full,0,8671.0,3
7223,654,F,PhD,90,Other,92,92,Assist,0,2833.0,1
7224,654,F,PhD,90,Other,92,93,Assist,0,3333.0,1
7225,654,F,PhD,90,Other,92,94,Assist,0,3333.0,1
7226,654,F,PhD,90,Other,92,95,Assist,0,5016.0,1
7227,655,F,PhD,81,Other,83,83,Assist,0,2630.0,1
7228,655,F,PhD,81,Other,83,84,Assist,0,2848.0,1
7229,655,F,PhD,81,Other,83,85,Assist,0,2848.0,1
7230,655,F,PhD,81,Other,83,86,Assist,0,3196.0,1
7231,655,F,PhD,81,Other,83,87,Assist,0,3357.0,1
7232,655,F,PhD,81,Other,83,88,Assoc,0,3658.0,2
7233,655,F,PhD,81,Other,83,89,Assoc,0,4027.0,2
7234,655,F,PhD,81,Other,83,90,Assoc,0,4463.0,2
7235,655,F,PhD,81,Other,83,91,Assoc,0,5016.0,2
7236,655,F,PhD,81,Other,83,92,Assoc,0,5236.0,2
7237,655,F,PhD,81,Other,83,93,Full,0,5955.0,3
7238,655,F,PhD,81,Other,83,94,Full,1,5955.0,3
7239,655,F,PhD,81,Other,83,95,Full,1,6655.0,3
7240,657,M,PhD,90,Arts,88,88,Assist,0,2913.0,1
7241,657,M,PhD,90,Arts,88,89,Assist,0,3029.0,1
7242,657,M,PhD,90,Arts,88,90,Assist,0,3216.0,1
7243,657,M,PhD,90,Arts,88,91,Assist,0,3414.0,1
7244,657,M,PhD,90,Arts,88,92,Assist,0,3564.0,1
7245,657,M,PhD,90,Arts,88,93,Assist,0,3720.0,1
7246,657,M,PhD,90,Arts,88,94,Assist,0,3720.0,1
7247,657,M,PhD,90,Arts,88,95,Assoc,0,4053.0,2
7248,658,F,PhD,89,Other,90,90,Assist,0,3986.0,1
7249,658,F,PhD,89,Other,90,91,Assist,0,4053.0,1
7250,658,F,PhD,89,Other,90,92,Assist,0,4171.0,1
7251,658,F,PhD,89,Other,90,93,Assist,0,4292.0,1
7252,658,F,PhD,89,Other,90,94,Assist,0,4292.0,1
7253,658,F,PhD,89,Other,90,95,Assist,0,4544.0,1
7254,659,M,PhD,66,Other,66,76,Full,0,2726.0,3
7255,659,M,PhD,66,Other,66,77,Full,0,3156.0,3
7256,659,M,PhD,66,Other,66,78,Full,0,3387.0,3
7257,659,M,PhD,66,Other,66,79,Full,0,3856.0,3
7258,659,M,PhD,66,Other,66,80,Full,0,4169.0,3
7259,659,M,PhD,66,Other,66,81,Full,0,4615.0,3
7260,659,M,PhD,66,Other,66,82,Full,0,4817.0,3
7261,659,M,PhD,66,Other,66,83,Full,0,5082.0,3
7262,659,M,PhD,66,Other,66,84,Full,0,5349.0,3
7263,659,M,PhD,66,Other,66,85,Full,0,5349.0,3
7264,659,M,PhD,66,Other,66,86,Full,0,5833.0,3
7265,659,M,PhD,66,Other,66,87,Full,0,6126.0,3
7266,659,M,PhD,66,Other,66,88,Full,0,6126.0,3
7267,659,M,PhD,66,Other,66,89,Full,0,6745.0,3
7268,659,M,PhD,66,Other,66,90,Full,0,7060.0,3
7269,659,M,PhD,66,Other,66,91,Full,0,7494.0,3
7270,659,M,PhD,66,Other,66,92,Full,0,7602.0,3
7271,659,M,PhD,66,Other,66,93,Full,0,7712.0,3
7272,659,M,PhD,66,Other,66,94,Full,0,7712.0,3
7273,659,M,PhD,66,Other,66,95,Full,0,7823.0,3
7274,660,F,PhD,75,Other,83,83,Assoc,0,2414.0,2
7275,660,F,PhD,75,Other,83,84,Assoc,0,2577.0,2
7276,660,F,PhD,75,Other,83,85,Assoc,0,2577.0,2
7277,660,F,PhD,75,Other,83,86,Assoc,0,3063.0,2
7278,660,F,PhD,75,Other,83,87,Assoc,0,3217.0,2
7279,660,F,PhD,75,Other,83,88,Assoc,0,3505.0,2
7280,660,F,PhD,75,Other,83,89,Assoc,0,3749.0,2
7281,660,F,PhD,75,Other,83,90,Assoc,0,3924.0,2
7282,660,F,PhD,75,Other,83,91,Full,0,4411.0,3
7283,660,F,PhD,75,Other,83,92,Full,0,4604.0,3
7284,660,F,PhD,75,Other,83,93,Full,0,5242.0,3
7285,660,F,PhD,75,Other,83,94,Full,0,5242.0,3
7286,660,F,PhD,75,Other,83,95,Full,0,5551.0,3
7287,661,F,PhD,84,Other,84,84,Assist,0,2690.667,1
7288,661,F,PhD,84,Other,84,85,Assist,0,2690.667,1
7289,661,F,PhD,84,Other,84,86,Assist,0,2933.333,1
7290,661,F,PhD,84,Other,84,87,Assist,0,3082.667,1
7291,661,F,PhD,84,Other,84,88,Assist,0,3171.0,1
7292,661,F,PhD,84,Other,84,89,Assist,0,3392.0,1
7293,661,F,PhD,84,Other,84,90,Assist,0,3653.0,1
7294,661,F,PhD,84,Other,84,91,Assist,0,3934.0,1
7295,661,F,PhD,84,Other,84,92,Assoc,0,4286.0,2
7296,661,F,PhD,84,Other,84,93,Assoc,0,4348.0,2
7297,661,F,PhD,84,Other,84,94,Assoc,0,4348.0,2
7298,661,F,PhD,84,Other,84,95,Assoc,0,4474.0,2
7299,663,M,PhD,67,Other,74,76,Full,0,2520.0,3
7300,663,M,PhD,67,Other,74,77,Full,0,2772.0,3
7301,663,M,PhD,67,Other,74,78,Full,0,2940.0,3
7302,663,M,PhD,67,Other,74,79,Full,0,3259.0,3
7303,663,M,PhD,67,Other,74,80,Full,0,3497.0,3
7304,663,M,PhD,67,Other,74,81,Full,0,3826.0,3
7305,663,M,PhD,67,Other,74,82,Full,0,4053.0,3
7306,663,M,PhD,67,Other,74,83,Full,0,4463.0,3
7307,663,M,PhD,67,Other,74,84,Full,0,4835.0,3
7308,663,M,PhD,67,Other,74,85,Full,0,4835.0,3
7309,663,M,PhD,67,Other,74,86,Full,0,5502.0,3
7310,663,M,PhD,67,Other,74,87,Full,0,5780.0,3
7311,663,M,PhD,67,Other,74,88,Full,0,5947.0,3
7312,663,M,PhD,67,Other,74,89,Full,0,6362.0,3
7313,663,M,PhD,67,Other,74,90,Full,1,7051.0,3
7314,663,M,PhD,67,Other,74,91,Full,1,8635.0,3
7315,663,M,PhD,67,Other,74,92,Full,1,9013.0,3
7316,663,M,PhD,67,Other,74,93,Full,1,9408.0,3
7317,663,M,PhD,67,Other,74,94,Full,1,9408.0,3
7318,663,M,PhD,67,Other,74,95,Full,1,9408.0,3
7319,664,M,PhD,69,Arts,69,76,Assoc,0,1704.478,2
7320,664,M,PhD,69,Arts,69,77,Assoc,0,1904.0,2
7321,664,M,PhD,69,Arts,69,78,Assoc,0,2019.0,2
7322,664,M,PhD,69,Arts,69,79,Assoc,0,2243.0,2
7323,664,M,PhD,69,Arts,69,80,Assoc,0,2376.0,2
7324,664,M,PhD,69,Arts,69,81,Full,0,2642.0,3
7325,664,M,PhD,69,Arts,69,82,Full,0,2798.0,3
7326,664,M,PhD,69,Arts,69,83,Full,0,3037.0,3
7327,664,M,PhD,69,Arts,69,84,Full,0,3337.0,3
7328,664,M,PhD,69,Arts,69,85,Full,0,3337.0,3
7329,664,M,PhD,69,Arts,69,86,Full,0,3640.0,3
7330,664,M,PhD,69,Arts,69,87,Full,0,3822.0,3
7331,664,M,PhD,69,Arts,69,88,Full,0,4047.0,3
7332,664,M,PhD,69,Arts,69,89,Full,0,4393.0,3
7333,664,M,PhD,69,Arts,69,90,Full,0,4731.0,3
7334,664,M,PhD,69,Arts,69,91,Full,0,5168.0,3
7335,664,M,PhD,69,Arts,69,92,Full,0,5318.0,3
7336,664,M,PhD,69,Arts,69,93,Full,0,5472.0,3
7337,664,M,PhD,69,Arts,69,94,Full,0,5472.0,3
7338,664,M,PhD,69,Arts,69,95,Full,0,5631.0,3
7339,665,M,PhD,67,Other,67,76,Assoc,0,2173.0,2
7340,665,M,PhD,67,Other,67,77,Assoc,0,2331.429,2
7341,665,M,PhD,67,Other,67,78,Assoc,0,2379.0,2
7342,665,M,PhD,67,Other,67,79,Assoc,0,2581.0,2
7343,665,M,PhD,67,Other,67,80,Assoc,0,2767.0,2
7344,665,M,PhD,67,Other,67,81,Assoc,0,3005.0,2
7345,665,M,PhD,67,Other,67,82,Assoc,0,3092.0,2
7346,665,M,PhD,67,Other,67,83,Assoc,0,3262.0,2
7347,665,M,PhD,67,Other,67,84,Assoc,0,3434.0,2
7348,665,M,PhD,67,Other,67,85,Assoc,0,3434.0,2
7349,665,M,PhD,67,Other,67,86,Assoc,0,4023.0,2
7350,665,M,PhD,67,Other,67,87,Assoc,0,4225.0,2
7351,665,M,PhD,67,Other,67,88,Assoc,0,4473.0,2
7352,665,M,PhD,67,Other,67,89,Full,0,5290.0,3
7353,665,M,PhD,67,Other,67,90,Full,0,5617.0,3
7354,665,M,PhD,67,Other,67,91,Full,0,6684.0,3
7355,665,M,PhD,67,Other,67,92,Full,0,6781.0,3
7356,665,M,PhD,67,Other,67,93,Full,0,6878.0,3
7357,665,M,PhD,67,Other,67,94,Full,0,6878.0,3
7358,665,M,PhD,67,Other,67,95,Full,0,7008.0,3
7359,666,F,PhD,80,Other,80,80,Assist,0,1726.0,1
7360,666,F,PhD,80,Other,80,81,Assist,0,1929.0,1
7361,666,F,PhD,80,Other,80,82,Assist,0,2014.0,1
7362,666,F,PhD,80,Other,80,83,Assist,0,2249.0,1
7363,666,F,PhD,80,Other,80,84,Assist,0,2581.0,1
7364,666,F,PhD,80,Other,80,85,Assist,0,2581.0,1
7365,666,F,PhD,80,Other,80,86,Assoc,0,3155.0,2
7366,666,F,PhD,80,Other,80,87,Assoc,0,3313.0,2
7367,666,F,PhD,80,Other,80,88,Assoc,0,3458.0,2
7368,666,F,PhD,80,Other,80,89,Assoc,0,4269.0,2
7369,666,F,PhD,80,Other,80,90,Assoc,0,4038.0,2
7370,666,F,PhD,80,Other,80,91,Assoc,0,4225.0,2
7371,666,F,PhD,80,Other,80,92,Assoc,0,4348.0,2
7372,666,F,PhD,80,Other,80,93,Assoc,0,4875.0,2
7373,666,F,PhD,80,Other,80,94,Full,1,4810.0,3
7374,666,F,PhD,80,Other,80,95,Full,0,4737.0,3
7375,667,M,PhD,92,Other,92,92,Assist,0,3750.0,1
7376,667,M,PhD,92,Other,92,93,Assist,0,3769.0,1
7377,667,M,PhD,92,Other,92,94,Assist,0,3769.0,1
7378,667,M,PhD,92,Other,92,95,Assist,0,4048.0,1
7379,668,M,PhD,63,Other,85,85,Full,1,5664.0,3
7380,668,M,PhD,63,Other,85,86,Full,1,5833.0,3
7381,668,M,PhD,63,Other,85,87,Full,1,6126.0,3
7382,668,M,PhD,63,Other,85,88,Full,1,6394.0,3
7383,668,M,PhD,63,Other,85,89,Full,1,6940.0,3
7384,668,M,PhD,63,Other,85,90,Full,0,7369.0,3
7385,668,M,PhD,63,Other,85,91,Full,0,7823.0,3
7386,668,M,PhD,63,Other,85,92,Full,0,7935.0,3
7387,668,M,PhD,63,Other,85,93,Full,0,8049.0,3
7388,668,M,PhD,63,Other,85,94,Full,0,8049.0,3
7389,668,M,PhD,63,Other,85,95,Full,0,8283.0,3
7390,669,M,PhD,71,Other,75,76,Assist,0,1432.0,1
7391,669,M,PhD,71,Other,75,77,Assist,0,1608.0,1
7392,669,M,PhD,71,Other,75,78,Assist,0,1887.0,1
7393,669,M,PhD,71,Other,75,79,Assist,0,2133.0,1
7394,669,M,PhD,71,Other,75,80,Assoc,0,2642.0,2
7395,669,M,PhD,71,Other,75,81,Assoc,0,2962.0,2
7396,669,M,PhD,71,Other,75,82,Assoc,0,3137.0,2
7397,669,M,PhD,71,Other,75,83,Assoc,0,3309.0,2
7398,669,M,PhD,71,Other,75,84,Assoc,0,3617.91,2
7399,669,M,PhD,71,Other,75,85,Full,0,3742.0,3
7400,669,M,PhD,71,Other,75,86,Full,0,4446.0,3
7401,669,M,PhD,71,Other,75,87,Full,0,4669.0,3
7402,669,M,PhD,71,Other,75,88,Full,0,4805.0,3
7403,669,M,PhD,71,Other,75,89,Full,0,5141.0,3
7404,669,M,PhD,71,Other,75,90,Full,0,6764.0,3
7405,669,M,PhD,71,Other,75,91,Full,0,7180.0,3
7406,669,M,PhD,71,Other,75,92,Full,0,7388.0,3
7407,669,M,PhD,71,Other,75,93,Full,0,7602.0,3
7408,669,M,PhD,71,Other,75,94,Full,1,8283.0,3
7409,669,M,PhD,71,Other,75,95,Full,1,8770.0,3
7410,670,M,PhD,85,Arts,92,92,Assoc,0,4416.0,2
7411,670,M,PhD,85,Arts,92,93,Assoc,0,4416.0,2
7412,670,M,PhD,85,Arts,92,94,Assoc,0,4416.0,2
7413,670,M,PhD,85,Arts,92,95,Assoc,0,4881.0,2
7414,671,M,PhD,55,Other,65,76,Full,0,3355.0,3
7415,671,M,PhD,55,Other,65,77,Full,0,3624.0,3
7416,671,M,PhD,55,Other,65,78,Full,0,3769.0,3
7417,671,M,PhD,55,Other,65,79,Full,0,4112.0,3
7418,671,M,PhD,55,Other,65,80,Full,0,4386.0,3
7419,671,M,PhD,55,Other,65,81,Full,0,4817.0,3
7420,671,M,PhD,55,Other,65,82,Full,0,4956.0,3
7421,671,M,PhD,55,Other,65,83,Full,0,5229.0,3
7422,671,M,PhD,55,Other,65,84,Full,0,5585.0,3
7423,671,M,PhD,55,Other,65,85,Full,0,5585.0,3
7424,671,M,PhD,55,Other,65,86,Full,0,6089.0,3
7425,671,M,PhD,55,Other,65,87,Full,0,6394.0,3
7426,671,M,PhD,55,Other,65,88,Full,0,6486.0,3
7427,671,M,PhD,55,Other,65,89,Full,0,6940.0,3
7428,671,M,PhD,55,Other,65,90,Full,0,7162.0,3
7429,671,M,PhD,55,Other,65,91,Full,0,7494.0,3
7430,671,M,PhD,55,Other,65,92,Full,0,7712.0,3
7431,671,M,PhD,55,Other,65,93,Full,0,7935.0,3
7432,671,M,PhD,55,Other,65,94,Full,0,7935.0,3
7433,671,M,PhD,55,Other,65,95,Full,0,8165.0,3
7434,672,M,PhD,64,Other,68,76,Assoc,0,1910.0,2
7435,672,M,PhD,64,Other,68,77,Assoc,0,2097.0,2
7436,672,M,PhD,64,Other,68,78,Assoc,0,2256.0,2
7437,672,M,PhD,64,Other,68,79,Assoc,0,2497.0,2
7438,672,M,PhD,64,Other,68,80,Assoc,0,2642.0,2
7439,672,M,PhD,64,Other,68,81,Assoc,0,2798.0,2
7440,672,M,PhD,64,Other,68,82,Assoc,0,2798.0,2
7441,672,M,PhD,64,Other,68,83,Assoc,0,2952.0,2
7442,672,M,PhD,64,Other,68,84,Assoc,0,3107.0,2
7443,672,M,PhD,64,Other,68,85,Assoc,0,3107.0,2
7444,672,M,PhD,64,Other,68,86,Assoc,0,3200.0,2
7445,672,M,PhD,64,Other,68,87,Assoc,0,3361.0,2
7446,672,M,PhD,64,Other,68,88,Assoc,0,3361.0,2
7447,672,M,PhD,64,Other,68,89,Assoc,0,3596.0,2
7448,672,M,PhD,64,Other,68,90,Assoc,0,3658.0,2
7449,672,M,PhD,64,Other,68,91,Assoc,0,3828.0,2
7450,672,M,PhD,64,Other,68,92,Assoc,0,3939.0,2
7451,672,M,PhD,64,Other,68,93,Assoc,0,3939.0,2
7452,672,M,PhD,64,Other,68,94,Assoc,0,3939.0,2
7453,672,M,PhD,64,Other,68,95,Assoc,0,3939.0,2
7454,673,F,PhD,86,Other,88,88,Assist,0,3361.0,1
7455,673,F,PhD,86,Other,88,89,Assist,0,3396.0,1
7456,673,F,PhD,86,Other,88,90,Assist,0,3711.0,1
7457,673,F,PhD,86,Other,88,91,Assist,0,3883.0,1
7458,673,F,PhD,86,Other,88,92,Assist,0,4053.0,1
7459,673,F,PhD,86,Other,88,93,Assist,0,4231.0,1
7460,673,F,PhD,86,Other,88,94,Assoc,0,4353.0,2
7461,673,F,PhD,86,Other,88,95,Assoc,0,4610.0,2
7462,674,F,PhD,80,Other,88,88,Assist,0,3768.0,1
7463,674,F,PhD,80,Other,88,89,Assist,0,4032.0,1
7464,674,F,PhD,80,Other,88,90,Assist,0,4281.0,1
7465,674,F,PhD,80,Other,88,91,Assist,0,4544.0,1
7466,674,F,PhD,80,Other,88,92,Assist,0,4743.0,1
7467,674,F,PhD,80,Other,88,93,Assoc,0,5022.0,2
7468,674,F,PhD,80,Other,88,94,Assoc,0,5022.0,2
7469,674,F,PhD,80,Other,88,95,Assoc,0,5248.0,2
7470,675,M,PhD,59,Arts,61,76,Assoc,0,1839.0,2
7471,675,M,PhD,59,Arts,61,77,Assoc,0,1942.0,2
7472,675,M,PhD,59,Arts,61,78,Assoc,0,2019.0,2
7473,675,M,PhD,59,Arts,61,79,Assoc,0,2191.045,2
7474,675,M,PhD,59,Arts,61,80,Assoc,0,2290.0,2
7475,675,M,PhD,59,Arts,61,81,Assoc,0,2460.0,2
7476,675,M,PhD,59,Arts,61,82,Assoc,0,2496.0,2
7477,675,M,PhD,59,Arts,61,83,Assoc,0,2708.0,2
7478,675,M,PhD,59,Arts,61,84,Assoc,0,3020.0,2
7479,675,M,PhD,59,Arts,61,85,Assoc,0,3020.0,2
7480,675,M,PhD,59,Arts,61,86,Assoc,0,3110.0,2
7481,675,M,PhD,59,Arts,61,87,Assoc,0,3266.0,2
7482,675,M,PhD,59,Arts,61,88,Full,0,3877.0,3
7483,675,M,PhD,59,Arts,61,89,Full,0,4393.0,3
7484,675,M,PhD,59,Arts,61,90,Full,0,4468.0,3
7485,675,M,PhD,59,Arts,61,91,Full,0,4676.0,3
7486,675,M,PhD,59,Arts,61,92,Full,0,4812.0,3
7487,675,M,PhD,59,Arts,61,93,Full,0,4881.0,3
7488,675,M,PhD,59,Arts,61,94,Full,0,4881.0,3
7489,675,M,PhD,59,Arts,61,95,Full,0,5168.0,3
7490,677,M,PhD,82,Other,85,85,Assist,0,3386.0,1
7491,677,M,PhD,82,Other,85,86,Assist,0,3487.0,1
7492,677,M,PhD,82,Other,85,87,Assoc,0,3768.0,2
7493,677,M,PhD,82,Other,85,88,Assoc,0,4047.0,2
7494,677,M,PhD,82,Other,85,89,Assoc,0,4456.0,2
7495,677,M,PhD,82,Other,85,90,Full,0,4869.0,3
7496,677,M,PhD,82,Other,85,91,Full,0,6977.0,3
7497,677,M,PhD,82,Other,85,92,Full,0,6977.0,3
7498,677,M,PhD,82,Other,85,93,Full,0,7180.0,3
7499,677,M,PhD,82,Other,85,94,Full,0,7180.0,3
7500,677,M,PhD,82,Other,85,95,Full,0,7494.0,3
7501,678,F,PhD,71,Other,77,77,Assist,0,1667.0,1
7502,678,F,PhD,71,Other,77,79,Assist,0,1926.0,1
7503,678,F,PhD,71,Other,77,80,Assist,0,2072.0,1
7504,678,F,PhD,71,Other,77,81,Assist,0,2353.0,1
7505,678,F,PhD,71,Other,77,82,Assist,0,2492.0,1
7506,678,F,PhD,71,Other,77,84,Assoc,0,3104.0,2
7507,678,F,PhD,71,Other,77,85,Assoc,0,3737.333,2
7508,678,F,PhD,71,Other,77,86,Assoc,0,3849.0,2
7509,678,F,PhD,71,Other,77,87,Assoc,0,4043.0,2
7510,678,F,PhD,71,Other,77,88,Assoc,0,4160.0,2
7511,678,F,PhD,71,Other,77,89,Full,0,4580.0,3
7512,678,F,PhD,71,Other,77,90,Full,0,4863.0,3
7513,678,F,PhD,71,Other,77,91,Full,0,5162.0,3
7514,678,F,PhD,71,Other,77,92,Full,0,5311.0,3
7515,678,F,PhD,71,Other,77,93,Full,0,5465.0,3
7516,678,F,PhD,71,Other,77,94,Full,0,5965.0,3
7517,678,F,PhD,71,Other,77,95,Full,0,6287.0,3
7518,679,M,PhD,84,Prof,84,84,Assist,0,3742.0,1
7519,679,M,PhD,84,Prof,84,85,Assist,0,3742.0,1
7520,679,M,PhD,84,Prof,84,86,Assist,0,3854.0,1
7521,679,M,PhD,84,Prof,84,87,Assist,0,4047.0,1
7522,679,M,PhD,84,Prof,84,88,Assist,0,4347.0,1
7523,679,M,PhD,84,Prof,84,89,Assist,0,4786.0,1
7524,679,M,PhD,84,Prof,84,90,Assoc,0,5458.0,2
7525,679,M,PhD,84,Prof,84,91,Assoc,0,6048.0,2
7526,679,M,PhD,84,Prof,84,92,Assoc,0,6313.0,2
7527,679,M,PhD,84,Prof,84,93,Assoc,0,6496.0,2
7528,679,M,PhD,84,Prof,84,94,Assoc,0,6496.0,2
7529,679,M,PhD,84,Prof,84,95,Full,0,6878.0,3
7530,682,M,PhD,69,Other,69,76,Assoc,0,2303.0,2
7531,682,M,PhD,69,Other,69,77,Assoc,0,2544.0,2
7532,682,M,PhD,69,Other,69,78,Full,0,2671.0,3
7533,682,M,PhD,69,Other,69,79,Full,0,3032.0,3
7534,682,M,PhD,69,Other,69,80,Full,1,3496.0,3
7535,682,M,PhD,69,Other,69,81,Full,1,3943.0,3
7536,682,M,PhD,69,Other,69,82,Full,1,4116.0,3
7537,682,M,PhD,69,Other,69,83,Full,0,4342.0,3
7538,682,M,PhD,69,Other,69,84,Full,0,4636.0,3
7539,682,M,PhD,69,Other,69,85,Full,0,4636.0,3
7540,682,M,PhD,69,Other,69,86,Full,0,5129.0,3
7541,682,M,PhD,69,Other,69,87,Full,0,5387.0,3
7542,682,M,PhD,69,Other,69,88,Full,1,5869.0,3
7543,682,M,PhD,69,Other,69,89,Full,0,6370.0,3
7544,682,M,PhD,69,Other,69,90,Full,0,6764.0,3
7545,682,M,PhD,69,Other,69,91,Full,0,6977.0,3
7546,682,M,PhD,69,Other,69,92,Full,0,7180.0,3
7547,682,M,PhD,69,Other,69,93,Full,0,7388.0,3
7548,682,M,PhD,69,Other,69,94,Full,0,7388.0,3
7549,682,M,PhD,69,Other,69,95,Full,0,7823.0,3
7550,683,M,PhD,65,Other,62,76,Assoc,0,2430.0,2
7551,683,M,PhD,65,Other,62,77,Assoc,0,2654.0,2
7552,683,M,PhD,65,Other,62,78,Assoc,0,2787.0,2
7553,683,M,PhD,65,Other,62,79,Assoc,0,3163.0,2
7554,683,M,PhD,65,Other,62,80,Full,0,3425.0,3
7555,683,M,PhD,65,Other,62,81,Full,0,3887.0,3
7556,683,M,PhD,65,Other,62,82,Full,0,4116.0,3
7557,683,M,PhD,65,Other,62,83,Full,0,4798.0,3
7558,683,M,PhD,65,Other,62,84,Full,0,5199.0,3
7559,683,M,PhD,65,Other,62,85,Full,0,5199.0,3
7560,683,M,PhD,65,Other,62,86,Full,0,5669.0,3
7561,683,M,PhD,65,Other,62,87,Full,1,6747.0,3
7562,683,M,PhD,65,Other,62,88,Full,1,6747.0,3
7563,683,M,PhD,65,Other,62,89,Full,1,7219.0,3
7564,683,M,PhD,65,Other,62,90,Full,1,7666.0,3
7565,683,M,PhD,65,Other,62,91,Full,1,8568.0,3
7566,683,M,PhD,65,Other,62,92,Full,0,7677.0,3
7567,683,M,PhD,65,Other,62,93,Full,0,8333.0,3
7568,683,M,PhD,65,Other,62,94,Full,0,8333.0,3
7569,683,M,PhD,65,Other,62,95,Full,0,8454.0,3
7570,684,M,PhD,70,Other,92,92,Assist,0,4048.0,1
7571,684,M,PhD,70,Other,92,93,Assist,0,4048.0,1
7572,684,M,PhD,70,Other,92,94,Assist,0,4048.0,1
7573,684,M,PhD,70,Other,92,95,Assoc,0,4165.0,2
7574,685,M,PhD,68,Other,73,76,Assoc,0,1982.0,2
7575,685,M,PhD,68,Other,73,77,Assoc,0,2136.0,2
7576,685,M,PhD,68,Other,73,78,Full,0,2378.0,3
7577,685,M,PhD,68,Other,73,81,Full,0,3182.0,3
7578,685,M,PhD,68,Other,73,82,Full,0,3002.0,3
7579,685,M,PhD,68,Other,73,83,Full,0,3167.0,3
7580,685,M,PhD,68,Other,73,84,Full,0,3381.0,3
7581,685,M,PhD,68,Other,73,85,Full,0,3381.0,3
7582,685,M,PhD,68,Other,73,86,Full,0,4023.0,3
7583,685,M,PhD,68,Other,73,87,Full,0,4225.0,3
7584,685,M,PhD,68,Other,73,88,Full,0,4285.0,3
7585,685,M,PhD,68,Other,73,89,Full,0,4585.0,3
7586,685,M,PhD,68,Other,73,90,Full,0,4869.0,3
7587,685,M,PhD,68,Other,73,91,Full,0,5794.0,3
7588,685,M,PhD,68,Other,73,92,Full,0,5962.0,3
7589,685,M,PhD,68,Other,73,93,Full,0,6135.0,3
7590,685,M,PhD,68,Other,73,94,Full,0,6135.0,3
7591,685,M,PhD,68,Other,73,95,Full,0,6223.0,3
7592,686,F,PhD,81,Other,82,82,Assist,0,2255.0,1
7593,686,F,PhD,81,Other,82,83,Assist,0,2529.0,1
7594,686,F,PhD,81,Other,82,84,Assist,0,2729.0,1
7595,686,F,PhD,81,Other,82,85,Assist,0,2729.0,1
7596,686,F,PhD,81,Other,82,86,Assist,0,3063.0,1
7597,686,F,PhD,81,Other,82,87,Assoc,0,3406.0,2
7598,686,F,PhD,81,Other,82,88,Assoc,0,3606.0,2
7599,686,F,PhD,81,Other,82,89,Assoc,0,3970.0,2
7600,686,F,PhD,81,Other,82,90,Assoc,0,4215.0,2
7601,686,F,PhD,81,Other,82,91,Assoc,0,4348.0,2
7602,686,F,PhD,81,Other,82,92,Assoc,0,4538.0,2
7603,686,F,PhD,81,Other,82,93,Assoc,0,4670.0,2
7604,686,F,PhD,81,Other,82,94,Full,0,4806.0,3
7605,686,F,PhD,81,Other,82,95,Full,0,4945.0,3
7606,687,M,PhD,63,Other,66,76,Full,0,2852.0,3
7607,687,M,PhD,63,Other,66,77,Full,0,3202.0,3
7608,687,M,PhD,63,Other,66,78,Full,0,3434.0,3
7609,687,M,PhD,63,Other,66,79,Full,0,3906.0,3
7610,687,M,PhD,63,Other,66,80,Full,0,4222.0,3
7611,687,M,PhD,63,Other,66,81,Full,0,4681.0,3
7612,687,M,PhD,63,Other,66,82,Full,0,4956.0,3
7613,687,M,PhD,63,Other,66,83,Full,0,5229.0,3
7614,687,M,PhD,63,Other,66,84,Full,0,5664.0,3
7615,687,M,PhD,63,Other,66,85,Full,0,5664.0,3
7616,687,M,PhD,63,Other,66,86,Full,0,6265.0,3
7617,687,M,PhD,63,Other,66,87,Full,0,6580.0,3
7618,687,M,PhD,63,Other,66,88,Full,0,6580.0,3
7619,687,M,PhD,63,Other,66,89,Full,0,7244.0,3
7620,687,M,PhD,63,Other,66,90,Full,0,7692.0,3
7621,687,M,PhD,63,Other,66,91,Full,0,8165.0,3
7622,687,M,PhD,63,Other,66,92,Full,0,8523.0,3
7623,687,M,PhD,63,Other,66,93,Full,0,9025.0,3
7624,687,M,PhD,63,Other,66,94,Full,0,9025.0,3
7625,687,M,PhD,63,Other,66,95,Full,0,9556.0,3
7626,688,M,PhD,87,Prof,92,92,Assoc,0,7283.0,2
7627,688,M,PhD,87,Prof,92,93,Assoc,0,7283.0,2
7628,688,M,PhD,87,Prof,92,94,Assoc,0,7283.0,2
7629,688,M,PhD,87,Prof,92,95,Assoc,0,7388.0,2
7630,689,M,PhD,85,Prof,86,86,Assist,0,4139.0,1
7631,689,M,PhD,85,Prof,86,87,Assist,0,4347.0,1
7632,689,M,PhD,85,Prof,86,88,Assist,0,4473.0,1
7633,689,M,PhD,85,Prof,86,89,Assist,0,4855.0,1
7634,689,M,PhD,85,Prof,86,90,Assist,0,5305.0,1
7635,689,M,PhD,85,Prof,86,91,Assist,0,5631.0,1
7636,689,M,PhD,85,Prof,86,92,Assist,0,5878.0,1
7637,689,M,PhD,85,Prof,86,93,Assoc,0,6223.0,2
7638,689,M,PhD,85,Prof,86,94,Assoc,0,6223.0,2
7639,689,M,PhD,85,Prof,86,95,Assoc,0,6404.0,2
7640,690,M,PhD,64,Prof,67,76,Assoc,0,1803.0,2
7641,690,M,PhD,64,Prof,67,77,Assoc,0,1866.0,2
7642,690,M,PhD,64,Prof,67,78,Assoc,0,1932.836,2
7643,690,M,PhD,64,Prof,67,79,Assoc,0,2202.0,2
7644,690,M,PhD,64,Prof,67,80,Assoc,0,2507.0,2
7645,690,M,PhD,64,Prof,67,81,Assoc,0,2838.0,2
7646,690,M,PhD,64,Prof,67,82,Assoc,0,2838.0,2
7647,690,M,PhD,64,Prof,67,83,Assoc,0,3605.0,2
7648,690,M,PhD,64,Prof,67,84,Assoc,0,3795.0,2
7649,690,M,PhD,64,Prof,67,85,Assoc,0,3795.0,2
7650,690,M,PhD,64,Prof,67,86,Assoc,0,3909.0,2
7651,690,M,PhD,64,Prof,67,87,Full,0,4225.0,3
7652,690,M,PhD,64,Prof,67,88,Full,0,4285.0,3
7653,690,M,PhD,64,Prof,67,89,Full,0,5141.0,3
7654,690,M,PhD,64,Prof,67,90,Full,0,5863.0,3
7655,690,M,PhD,64,Prof,67,91,Full,0,6135.0,3
7656,690,M,PhD,64,Prof,67,92,Full,0,6404.0,3
7657,690,M,PhD,64,Prof,67,93,Full,0,6590.0,3
7658,690,M,PhD,64,Prof,67,94,Full,0,6590.0,3
7659,690,M,PhD,64,Prof,67,95,Full,0,6684.0,3
7660,691,M,PhD,89,Arts,92,92,Assist,0,3828.0,1
7661,691,M,PhD,89,Arts,92,93,Assist,0,3939.0,1
7662,691,M,PhD,89,Arts,92,94,Assist,0,3939.0,1
7663,691,M,PhD,89,Arts,92,95,Assist,0,4112.0,1
7664,692,M,PhD,69,Other,75,76,Full,0,2894.0,3
7665,692,M,PhD,69,Other,75,77,Full,0,3294.0,3
7666,692,M,PhD,69,Other,75,78,Full,0,3818.0,3
7667,692,M,PhD,69,Other,75,79,Full,0,4545.0,3
7668,692,M,PhD,69,Other,75,80,Full,0,5045.0,3
7669,692,M,PhD,69,Other,75,81,Full,1,5556.0,3
7670,692,M,PhD,69,Other,75,82,Full,1,5717.0,3
7671,692,M,PhD,69,Other,75,83,Full,1,6031.0,3
7672,692,M,PhD,69,Other,75,84,Full,0,6855.0,3
7673,692,M,PhD,69,Other,75,85,Full,0,6855.0,3
7674,692,M,PhD,69,Other,75,86,Full,0,7545.0,3
7675,692,M,PhD,69,Other,75,87,Full,0,7924.0,3
7676,692,M,PhD,69,Other,75,88,Full,0,9273.0,3
7677,692,M,PhD,69,Other,75,89,Full,0,9781.0,3
7678,692,M,PhD,69,Other,75,90,Full,0,10238.0,3
7679,692,M,PhD,69,Other,75,91,Full,0,10713.0,3
7680,692,M,PhD,69,Other,75,92,Full,0,11182.0,3
7681,692,M,PhD,69,Other,75,93,Full,0,11507.0,3
7682,692,M,PhD,69,Other,75,94,Full,0,11507.0,3
7683,692,M,PhD,69,Other,75,95,Full,0,11840.0,3
7684,693,M,PhD,85,Prof,87,87,Assoc,0,3715.0,2
7685,693,M,PhD,85,Prof,87,88,Assoc,0,3715.0,2
7686,693,M,PhD,85,Prof,87,89,Assoc,0,4032.0,2
7687,693,M,PhD,85,Prof,87,90,Assoc,0,4664.0,2
7688,693,M,PhD,85,Prof,87,91,Assoc,0,4951.0,2
7689,693,M,PhD,85,Prof,87,92,Assoc,0,6135.0,2
7690,693,M,PhD,85,Prof,87,93,Assoc,0,6135.0,2
7691,693,M,PhD,85,Prof,87,94,Assoc,0,6817.0,2
7692,693,M,PhD,85,Prof,87,95,Full,0,6496.0,3
7693,694,F,PhD,55,Other,76,76,Full,1,3570.0,3
7694,694,F,PhD,55,Other,76,77,Full,1,4016.0,3
7695,694,F,PhD,55,Other,76,78,Full,1,4269.0,3
7696,694,F,PhD,55,Other,76,79,Full,1,4701.0,3
7697,694,F,PhD,55,Other,76,80,Full,1,5006.0,3
7698,694,F,PhD,55,Other,76,81,Full,1,5400.0,3
7699,694,F,PhD,55,Other,76,82,Full,0,5400.0,3
7700,694,F,PhD,55,Other,76,83,Full,0,5754.545,3
7701,694,F,PhD,55,Other,76,84,Full,0,5828.0,3
7702,694,F,PhD,55,Other,76,85,Full,0,5828.0,3
7703,694,F,PhD,55,Other,76,86,Full,0,6002.0,3
7704,694,F,PhD,55,Other,76,87,Full,0,6304.0,3
7705,694,F,PhD,55,Other,76,88,Full,0,6394.0,3
7706,694,F,PhD,55,Other,76,89,Full,0,6659.0,3
7707,694,F,PhD,55,Other,76,90,Full,0,6764.0,3
7708,694,F,PhD,55,Other,76,91,Full,0,7078.0,3
7709,694,F,PhD,55,Other,76,92,Full,0,7283.0,3
7710,694,F,PhD,55,Other,76,93,Full,0,7494.0,3
7711,694,F,PhD,55,Other,76,94,Full,0,7494.0,3
7712,694,F,PhD,55,Other,76,95,Full,0,7602.0,3
7713,695,M,PhD,68,Other,73,76,Assoc,0,2053.0,2
7714,695,M,PhD,68,Other,73,77,Assoc,0,2296.0,2
7715,695,M,PhD,68,Other,73,78,Assoc,0,2419.0,2
7716,695,M,PhD,68,Other,73,79,Assoc,0,2715.0,2
7717,695,M,PhD,68,Other,73,80,Assoc,0,2964.0,2
7718,695,M,PhD,68,Other,73,81,Assoc,0,3322.0,2
7719,695,M,PhD,68,Other,73,82,Assoc,0,3467.0,2
7720,695,M,PhD,68,Other,73,83,Assoc,0,3658.0,2
7721,695,M,PhD,68,Other,73,84,Assoc,0,3795.0,2
7722,695,M,PhD,68,Other,73,85,Assoc,0,3795.0,2
7723,695,M,PhD,68,Other,73,86,Full,0,4321.0,3
7724,695,M,PhD,68,Other,73,87,Full,0,4538.0,3
7725,695,M,PhD,68,Other,73,88,Full,0,4603.0,3
7726,695,M,PhD,68,Other,73,89,Full,0,4925.0,3
7727,695,M,PhD,68,Other,73,90,Full,0,5082.0,3
7728,695,M,PhD,68,Other,73,91,Full,0,5318.0,3
7729,695,M,PhD,68,Other,73,92,Full,0,5794.0,3
7730,695,M,PhD,68,Other,73,93,Full,0,5962.0,3
7731,695,M,PhD,68,Other,73,94,Full,0,5962.0,3
7732,695,M,PhD,68,Other,73,95,Full,0,6135.0,3
7733,696,M,PhD,87,Prof,93,93,Assist,0,5712.0,1
7734,696,M,PhD,87,Prof,93,94,Assist,0,5712.0,1
7735,696,M,PhD,87,Prof,93,95,Assist,0,6135.0,1
7736,697,M,PhD,80,Prof,80,80,Assist,0,2250.0,1
7737,697,M,PhD,80,Prof,80,81,Assist,0,2567.0,1
7738,697,M,PhD,80,Prof,80,82,Assist,0,2879.0,1
7739,697,M,PhD,80,Prof,80,83,Assist,0,3310.0,1
7740,697,M,PhD,80,Prof,80,84,Assist,0,4077.0,1
7741,697,M,PhD,80,Prof,80,85,Assoc,0,4195.0,2
7742,697,M,PhD,80,Prof,80,86,Assoc,0,4775.0,2
7743,697,M,PhD,80,Prof,80,87,Assoc,0,5015.0,2
7744,697,M,PhD,80,Prof,80,88,Assoc,0,5310.0,2
7745,697,M,PhD,80,Prof,80,89,Full,0,6190.0,3
7746,697,M,PhD,80,Prof,80,90,Full,0,6861.0,3
7747,697,M,PhD,80,Prof,80,91,Full,0,7283.0,3
7748,697,M,PhD,80,Prof,80,92,Full,0,7602.0,3
7749,697,M,PhD,80,Prof,80,93,Full,0,7823.0,3
7750,697,M,PhD,80,Prof,80,94,Full,0,7823.0,3
7751,697,M,PhD,80,Prof,80,95,Full,0,8283.0,3
7752,698,F,PhD,93,Other,93,93,Assist,0,5016.0,1
7753,698,F,PhD,93,Other,93,94,Assist,0,5016.0,1
7754,698,F,PhD,93,Other,93,95,Assist,0,6257.0,1
7755,701,M,PhD,68,Other,68,76,Assoc,0,1829.851,2
7756,701,M,PhD,68,Other,68,77,Assoc,0,2097.0,2
7757,701,M,PhD,68,Other,68,78,Assoc,0,2176.0,2
7758,701,M,PhD,68,Other,68,79,Assoc,0,2327.0,2
7759,701,M,PhD,68,Other,68,80,Assoc,0,2464.0,2
7760,701,M,PhD,68,Other,68,81,Assoc,0,2605.0,2
7761,701,M,PhD,68,Other,68,82,Assoc,0,2605.0,2
7762,701,M,PhD,68,Other,68,83,Assoc,0,2748.0,2
7763,701,M,PhD,68,Other,68,84,Assoc,0,2851.0,2
7764,701,M,PhD,68,Other,68,85,Assoc,0,2851.0,2
7765,701,M,PhD,68,Other,68,86,Assoc,0,2937.0,2
7766,701,M,PhD,68,Other,68,87,Assoc,0,3085.0,2
7767,701,M,PhD,68,Other,68,88,Assoc,0,3266.0,2
7768,701,M,PhD,68,Other,68,89,Assoc,0,3596.0,2
7769,701,M,PhD,68,Other,68,90,Assoc,0,3658.0,2
7770,701,M,PhD,68,Other,68,91,Assoc,0,3828.0,2
7771,701,M,PhD,68,Other,68,92,Assoc,0,3939.0,2
7772,701,M,PhD,68,Other,68,93,Assoc,0,3939.0,2
7773,701,M,PhD,68,Other,68,94,Assoc,0,3939.0,2
7774,701,M,PhD,68,Other,68,95,Assoc,0,4053.0,2
7775,702,F,PhD,86,Prof,87,87,Assist,0,3610.0,1
7776,702,F,PhD,86,Prof,87,88,Assist,0,3715.0,1
7777,702,F,PhD,86,Prof,87,89,Assist,0,4032.0,1
7778,702,F,PhD,86,Prof,87,90,Assist,0,4598.0,1
7779,702,F,PhD,86,Prof,87,91,Assist,0,4881.0,1
7780,702,F,PhD,86,Prof,87,92,Assoc,0,5242.0,2
7781,702,F,PhD,86,Prof,87,93,Assoc,0,5472.0,2
7782,702,F,PhD,86,Prof,87,94,Assoc,0,5472.0,2
7783,702,F,PhD,86,Prof,87,95,Assoc,0,5631.0,2
7784,703,F,PhD,78,Other,79,79,Assist,0,1726.0,1
7785,703,F,PhD,78,Other,79,80,Assist,0,1873.0,1
7786,703,F,PhD,78,Other,79,81,Assist,0,2042.0,1
7787,703,F,PhD,78,Other,79,82,Assist,0,2163.0,1
7788,703,F,PhD,78,Other,79,83,Assist,0,2347.0,1
7789,703,F,PhD,78,Other,79,84,Assist,0,2581.0,1
7790,703,F,PhD,78,Other,79,85,Assoc,0,2655.0,2
7791,703,F,PhD,78,Other,79,86,Assoc,0,2937.0,2
7792,703,F,PhD,78,Other,79,87,Assoc,0,3085.0,2
7793,703,F,PhD,78,Other,79,88,Assoc,0,3715.0,2
7794,703,F,PhD,78,Other,79,89,Assoc,0,4032.0,2
7795,703,F,PhD,78,Other,79,90,Assoc,0,4281.0,2
7796,703,F,PhD,78,Other,79,91,Assoc,0,4610.0,2
7797,703,F,PhD,78,Other,79,92,Assoc,0,4881.0,2
7798,703,F,PhD,78,Other,79,93,Full,0,5394.0,3
7799,703,F,PhD,78,Other,79,94,Full,0,5394.0,3
7800,703,F,PhD,78,Other,79,95,Full,0,5619.0,3
7801,704,F,PhD,78,Other,78,78,Assoc,0,2084.0,2
7802,704,F,PhD,78,Other,78,79,Assoc,0,2356.0,2
7803,704,F,PhD,78,Other,78,80,Assoc,0,2510.0,2
7804,704,F,PhD,78,Other,78,81,Assoc,0,2794.0,2
7805,704,F,PhD,78,Other,78,82,Full,0,3271.0,3
7806,704,F,PhD,78,Other,78,83,Full,0,3450.0,3
7807,704,F,PhD,78,Other,78,84,Full,1,4250.0,3
7808,704,F,PhD,78,Other,78,85,Full,1,4250.0,3
7809,704,F,PhD,78,Other,78,86,Full,1,4635.0,3
7810,704,F,PhD,78,Other,78,87,Full,1,4869.0,3
7811,704,F,PhD,78,Other,78,88,Full,1,5010.0,3
7812,704,F,PhD,78,Other,78,89,Full,1,5594.0,3
7813,704,F,PhD,78,Other,78,90,Full,0,5940.0,3
7814,704,F,PhD,78,Other,78,91,Full,0,6396.0,3
7815,704,F,PhD,78,Other,78,92,Full,0,6772.0,3
7816,704,F,PhD,78,Other,78,93,Full,0,7593.0,3
7817,704,F,PhD,78,Other,78,94,Full,0,7593.0,3
7818,704,F,PhD,78,Other,78,95,Full,0,8039.0,3
7819,705,M,PhD,70,Prof,70,76,Assist,0,1682.0,1
7820,705,M,PhD,70,Prof,70,77,Assist,0,1866.0,1
7821,705,M,PhD,70,Prof,70,78,Assoc,0,2019.0,2
7822,705,M,PhD,70,Prof,70,79,Assoc,0,2285.0,2
7823,705,M,PhD,70,Prof,70,80,Assoc,0,2464.0,2
7824,705,M,PhD,70,Prof,70,81,Assoc,0,2680.0,2
7825,705,M,PhD,70,Prof,70,82,Assoc,0,3079.0,2
7826,705,M,PhD,70,Prof,70,83,Full,1,4731.0,3
7827,705,M,PhD,70,Prof,70,84,Full,1,4841.0,3
7828,705,M,PhD,70,Prof,70,85,Full,1,4847.0,3
7829,705,M,PhD,70,Prof,70,86,Full,1,5509.0,3
7830,705,M,PhD,70,Prof,70,87,Full,1,5786.0,3
7831,705,M,PhD,70,Prof,70,88,Full,0,5703.0,3
7832,705,M,PhD,70,Prof,70,89,Full,0,6103.0,3
7833,705,M,PhD,70,Prof,70,90,Full,0,6297.0,3
7834,705,M,PhD,70,Prof,70,91,Full,0,6590.0,3
7835,705,M,PhD,70,Prof,70,92,Full,0,7500.0,3
7836,705,M,PhD,70,Prof,70,93,Full,0,7500.0,3
7837,705,M,PhD,70,Prof,70,94,Full,0,7500.0,3
7838,705,M,PhD,70,Prof,70,95,Full,0,7712.0,3
7839,706,M,PhD,82,Prof,82,82,Assist,0,2879.0,1
7840,706,M,PhD,82,Prof,82,83,Assist,0,3505.0,1
7841,706,M,PhD,82,Prof,82,84,Assist,0,3795.0,1
7842,706,M,PhD,82,Prof,82,85,Assist,0,3795.0,1
7843,706,M,PhD,82,Prof,82,86,Assoc,0,4985.0,2
7844,706,M,PhD,82,Prof,82,87,Assoc,0,5235.0,2
7845,706,M,PhD,82,Prof,82,88,Assoc,0,5623.0,2
7846,706,M,PhD,82,Prof,82,89,Assoc,0,6103.0,2
7847,706,M,PhD,82,Prof,82,90,Full,0,7583.0,3
7848,706,M,PhD,82,Prof,82,91,Full,0,8049.0,3
7849,706,M,PhD,82,Prof,82,92,Full,0,8523.0,3
7850,706,M,PhD,82,Prof,82,93,Full,0,8896.0,3
7851,706,M,PhD,82,Prof,82,94,Full,0,8896.0,3
7852,706,M,PhD,82,Prof,82,95,Full,0,9556.0,3
7853,707,M,PhD,83,Other,87,87,Assoc,0,4165.0,2
7854,707,M,PhD,83,Other,87,88,Assoc,0,4165.0,2
7855,707,M,PhD,83,Other,87,89,Assoc,0,4996.0,2
7856,707,M,PhD,83,Other,87,90,Assoc,0,5229.0,2
7857,707,M,PhD,83,Other,87,91,Assoc,0,5394.0,2
7858,707,M,PhD,83,Other,87,92,Assoc,0,5551.0,2
7859,707,M,PhD,83,Other,87,93,Assoc,0,5712.0,2
7860,707,M,PhD,83,Other,87,94,Full,0,5878.0,3
7861,707,M,PhD,83,Other,87,95,Full,0,6135.0,3
7862,708,F,PhD,86,Other,94,94,Assist,0,3715.0,1
7863,708,F,PhD,86,Other,94,95,Assist,0,3823.0,1
7864,709,M,PhD,72,Other,70,76,Assoc,0,2159.0,2
7865,709,M,PhD,72,Other,70,77,Assoc,0,2391.0,2
7866,709,M,PhD,72,Other,70,78,Assoc,0,2474.627,2
7867,709,M,PhD,72,Other,70,79,Assoc,0,2649.0,2
7868,709,M,PhD,72,Other,70,80,Assoc,0,2774.0,2
7869,709,M,PhD,72,Other,70,81,Assoc,0,3048.0,2
7870,709,M,PhD,72,Other,70,82,Assoc,0,3137.0,2
7871,709,M,PhD,72,Other,70,83,Assoc,0,3406.0,2
7872,709,M,PhD,72,Other,70,84,Assoc,0,3636.0,2
7873,709,M,PhD,72,Other,70,85,Assoc,0,3636.0,2
7874,709,M,PhD,72,Other,70,86,Assoc,0,3745.0,2
7875,709,M,PhD,72,Other,70,87,Assoc,0,3933.0,2
7876,709,M,PhD,72,Other,70,88,Assoc,0,3933.0,2
7877,709,M,PhD,72,Other,70,89,Assoc,0,4090.0,2
7878,709,M,PhD,72,Other,70,90,Assoc,0,4281.0,2
7879,709,M,PhD,72,Other,70,91,Assoc,0,4951.0,2
7880,709,M,PhD,72,Other,70,92,Assoc,1,5772.0,2
7881,709,M,PhD,72,Other,70,93,Assoc,1,7223.0,2
7882,709,M,PhD,72,Other,70,94,Assoc,1,6723.066,2
7883,709,M,PhD,72,Other,70,95,Assoc,1,7443.0,2
7884,711,M,PhD,82,Other,90,90,Assoc,0,6035.0,2
7885,711,M,PhD,82,Other,90,91,Assoc,0,6140.0,2
7886,711,M,PhD,82,Other,90,92,Assoc,0,6315.0,2
7887,711,M,PhD,82,Other,90,93,Assoc,0,6495.0,2
7888,711,M,PhD,82,Other,90,94,Assoc,0,6495.0,2
7889,711,M,PhD,82,Other,90,95,Assoc,0,6780.0,2
7890,712,M,PhD,83,Prof,83,83,Assist,0,3406.0,1
7891,712,M,PhD,83,Prof,83,84,Assist,0,3688.0,1
7892,712,M,PhD,83,Prof,83,85,Assist,0,3688.0,1
7893,712,M,PhD,83,Prof,83,86,Assist,0,4446.0,1
7894,712,M,PhD,83,Prof,83,87,Assist,0,4669.0,1
7895,712,M,PhD,83,Prof,83,88,Assoc,0,5015.0,2
7896,712,M,PhD,83,Prof,83,89,Assoc,0,5366.0,2
7897,712,M,PhD,83,Prof,83,90,Assoc,0,6297.0,2
7898,712,M,PhD,83,Prof,83,91,Assoc,0,6684.0,2
7899,712,M,PhD,83,Prof,83,92,Assoc,0,7078.0,2
7900,712,M,PhD,83,Prof,83,93,Assoc,0,7283.0,2
7901,712,M,PhD,83,Prof,83,94,Full,0,7494.0,3
7902,712,M,PhD,83,Prof,83,95,Full,0,7823.0,3
7903,713,M,PhD,77,Other,79,79,Assist,0,1834.0,1
7904,713,M,PhD,77,Other,79,80,Assist,0,1996.0,1
7905,713,M,PhD,77,Other,79,81,Assist,0,2225.0,1
7906,713,M,PhD,77,Other,79,82,Assoc,0,2425.0,2
7907,713,M,PhD,77,Other,79,83,Assoc,0,2595.0,2
7908,713,M,PhD,77,Other,79,84,Assoc,0,3386.0,2
7909,713,M,PhD,77,Other,79,85,Full,0,3484.0,3
7910,713,M,PhD,77,Other,79,86,Full,0,4023.0,3
7911,713,M,PhD,77,Other,79,87,Full,0,4225.0,3
7912,713,M,PhD,77,Other,79,88,Full,0,4473.0,3
7913,713,M,PhD,77,Other,79,89,Full,0,4925.0,3
7914,713,M,PhD,77,Other,79,90,Full,0,5229.0,3
7915,713,M,PhD,77,Other,79,91,Full,0,7823.0,3
7916,713,M,PhD,77,Other,79,92,Full,0,7823.0,3
7917,713,M,PhD,77,Other,79,93,Full,0,8049.0,3
7918,713,M,PhD,77,Other,79,94,Full,0,8049.0,3
7919,713,M,PhD,77,Other,79,95,Full,0,8402.0,3
7920,714,F,PhD,85,Other,88,88,Assist,0,3082.0,1
7921,714,F,PhD,85,Other,88,89,Assist,0,3296.0,1
7922,714,F,PhD,85,Other,88,90,Assist,0,3500.0,1
7923,714,F,PhD,85,Other,88,91,Assist,0,3769.0,1
7924,714,F,PhD,85,Other,88,92,Assist,0,3878.0,1
7925,714,F,PhD,85,Other,88,93,Assist,0,3991.0,1
7926,714,F,PhD,85,Other,88,94,Assoc,0,4106.0,2
7927,714,F,PhD,85,Other,88,95,Assoc,0,4743.0,2
7928,715,F,PhD,93,Other,93,93,Assist,0,4171.0,1
7929,715,F,PhD,93,Other,93,94,Assist,0,4171.0,1
7930,715,F,PhD,93,Other,93,95,Assist,0,4292.0,1
7931,716,F,PhD,74,Other,86,86,Full,1,7323.0,3
7932,716,F,PhD,74,Other,86,87,Full,1,7323.0,3
7933,716,F,PhD,74,Other,86,88,Full,1,7912.0,3
7934,716,F,PhD,74,Other,86,89,Full,1,8497.0,3
7935,716,F,PhD,74,Other,86,90,Full,1,9007.0,3
7936,716,F,PhD,74,Other,86,91,Full,1,9547.0,3
7937,716,F,PhD,74,Other,86,92,Full,1,9843.0,3
7938,716,F,PhD,74,Other,86,93,Full,1,10131.0,3
7939,716,F,PhD,74,Other,86,94,Full,0,10131.0,3
7940,716,F,PhD,74,Other,86,95,Full,0,11036.0,3
7941,717,F,PhD,77,Arts,80,80,Assist,0,1778.0,1
7942,717,F,PhD,77,Arts,80,81,Assist,0,1957.0,1
7943,717,F,PhD,77,Arts,80,82,Assist,0,1957.0,1
7944,717,F,PhD,77,Arts,80,83,Assist,0,2249.0,1
7945,717,F,PhD,77,Arts,80,84,Assist,0,2581.0,1
7946,717,F,PhD,77,Arts,80,85,Assist,0,2581.0,1
7947,717,F,PhD,77,Arts,80,86,Assoc,0,3022.0,2
7948,717,F,PhD,77,Arts,80,87,Assoc,0,3174.0,2
7949,717,F,PhD,77,Arts,80,88,Assoc,0,3409.0,2
7950,717,F,PhD,77,Arts,80,89,Assoc,0,3808.0,2
7951,717,F,PhD,77,Arts,80,90,Assoc,0,4043.0,2
7952,717,F,PhD,77,Arts,80,91,Assoc,0,4292.0,2
7953,717,F,PhD,77,Arts,80,92,Assoc,0,4480.0,2
7954,717,F,PhD,77,Arts,80,93,Full,0,4812.0,3
7955,717,F,PhD,77,Arts,80,94,Full,0,4812.0,3
7956,717,F,PhD,77,Arts,80,95,Full,1,5551.0,3
7957,718,M,PhD,90,Prof,93,93,Assist,0,5394.0,1
7958,718,M,PhD,90,Prof,93,94,Assist,0,5394.0,1
7959,718,M,PhD,90,Prof,93,95,Assist,0,5712.0,1
7960,719,M,PhD,57,Other,63,76,Full,0,3061.0,3
7961,719,M,PhD,57,Other,63,77,Full,0,3387.0,3
7962,719,M,PhD,57,Other,63,78,Full,0,3481.0,3
7963,719,M,PhD,57,Other,63,79,Full,0,4242.0,3
7964,719,M,PhD,57,Other,63,80,Full,0,4586.0,3
7965,719,M,PhD,57,Other,63,81,Full,0,5149.0,3
7966,719,M,PhD,57,Other,63,82,Full,0,5375.0,3
7967,719,M,PhD,57,Other,63,83,Full,0,5155.0,3
7968,719,M,PhD,57,Other,63,84,Full,0,5664.0,3
7969,719,M,PhD,57,Other,63,85,Full,0,5664.0,3
7970,719,M,PhD,57,Other,63,86,Full,0,6447.0,3
7971,719,M,PhD,57,Other,63,87,Full,0,6771.0,3
7972,719,M,PhD,57,Other,63,88,Full,0,6967.0,3
7973,719,M,PhD,57,Other,63,89,Full,0,7455.0,3
7974,719,M,PhD,57,Other,63,90,Full,0,7692.0,3
7975,719,M,PhD,57,Other,63,91,Full,0,7935.0,3
7976,719,M,PhD,57,Other,63,92,Full,0,8049.0,3
7977,719,M,PhD,57,Other,63,93,Full,0,8283.0,3
7978,719,M,PhD,57,Other,63,94,Full,0,8283.0,3
7979,719,M,PhD,57,Other,63,95,Full,0,8523.0,3
7980,720,M,PhD,66,Arts,66,76,Assoc,0,1910.0,2
7981,720,M,PhD,66,Arts,66,77,Assoc,0,2058.0,2
7982,720,M,PhD,66,Arts,66,78,Assoc,0,2136.0,2
7983,720,M,PhD,66,Arts,66,79,Assoc,0,2369.0,2
7984,720,M,PhD,66,Arts,66,80,Full,0,2673.134,3
7985,720,M,PhD,66,Arts,66,81,Full,0,3005.0,3
7986,720,M,PhD,66,Arts,66,82,Full,0,3005.0,3
7987,720,M,PhD,66,Arts,66,84,Full,1,3581.0,3
7988,720,M,PhD,66,Arts,66,85,Full,1,3581.0,3
7989,720,M,PhD,66,Arts,66,86,Full,1,4076.0,3
7990,720,M,PhD,66,Arts,66,87,Full,1,4076.0,3
7991,720,M,PhD,66,Arts,66,88,Full,0,5087.0,3
7992,720,M,PhD,66,Arts,66,89,Full,0,5522.0,3
7993,720,M,PhD,66,Arts,66,90,Full,0,5698.0,3
7994,720,M,PhD,66,Arts,66,91,Full,0,5962.0,3
7995,720,M,PhD,66,Arts,66,92,Full,0,6135.0,3
7996,720,M,PhD,66,Arts,66,93,Full,0,6313.0,3
7997,720,M,PhD,66,Arts,66,94,Full,0,6313.0,3
7998,720,M,PhD,66,Arts,66,95,Full,0,6590.0,3
7999,721,M,PhD,65,Other,67,76,Assoc,0,2053.0,2
8000,721,M,PhD,65,Other,67,77,Assoc,0,2296.0,2
8001,721,M,PhD,65,Other,67,78,Full,0,2460.0,3
8002,721,M,PhD,65,Other,67,79,Full,0,2759.0,3
8003,721,M,PhD,65,Other,67,80,Full,0,3011.0,3
8004,721,M,PhD,65,Other,67,81,Full,0,3417.0,3
8005,721,M,PhD,65,Other,67,82,Full,0,4773.0,3
8006,721,M,PhD,65,Other,67,83,Full,0,3658.0,3
8007,721,M,PhD,65,Other,67,84,Full,0,4256.0,3
8008,721,M,PhD,65,Other,67,85,Full,1,4378.0,3
8009,721,M,PhD,65,Other,67,86,Full,1,5203.0,3
8010,721,M,PhD,65,Other,67,87,Full,1,5464.0,3
8011,721,M,PhD,65,Other,67,88,Full,1,5786.0,3
8012,721,M,PhD,65,Other,67,89,Full,1,6370.0,3
8013,721,M,PhD,65,Other,67,90,Full,0,6764.0,3
8014,721,M,PhD,65,Other,67,91,Full,0,7180.0,3
8015,721,M,PhD,65,Other,67,92,Full,0,7388.0,3
8016,721,M,PhD,65,Other,67,93,Full,0,7602.0,3
8017,721,M,PhD,65,Other,67,94,Full,0,7602.0,3
8018,721,M,PhD,65,Other,67,95,Full,0,8049.0,3
8019,722,M,PhD,77,Other,76,76,Assist,0,1322.0,1
8020,722,M,PhD,77,Other,76,77,Assist,0,1466.0,1
8021,722,M,PhD,77,Other,76,78,Assist,0,1536.0,1
8022,722,M,PhD,77,Other,76,79,Assist,0,1688.0,1
8023,722,M,PhD,77,Other,76,80,Assist,0,1835.0,1
8024,722,M,PhD,77,Other,76,81,Assist,0,2102.0,1
8025,722,M,PhD,77,Other,76,82,Assist,0,2102.0,1
8026,722,M,PhD,77,Other,76,83,Assoc,0,2671.0,2
8027,722,M,PhD,77,Other,76,84,Assoc,0,2892.0,2
8028,722,M,PhD,77,Other,76,85,Assoc,0,2892.0,2
8029,722,M,PhD,77,Other,76,86,Assoc,0,3155.0,2
8030,722,M,PhD,77,Other,76,87,Assoc,0,3313.0,2
8031,722,M,PhD,77,Other,76,88,Assoc,0,3508.0,2
8032,722,M,PhD,77,Other,76,89,Assoc,0,3754.0,2
8033,722,M,PhD,77,Other,76,90,Assoc,0,3986.0,2
8034,722,M,PhD,77,Other,76,91,Assoc,0,4112.0,2
8035,722,M,PhD,77,Other,76,92,Assoc,0,4231.0,2
8036,722,M,PhD,77,Other,76,93,Assoc,0,4292.0,2
8037,722,M,PhD,77,Other,76,94,Assoc,0,4292.0,2
8038,722,M,PhD,77,Other,76,95,Full,0,4812.0,3
8039,723,M,PhD,88,Other,88,88,Assist,0,3085.0,1
8040,723,M,PhD,88,Other,88,89,Assist,0,3117.0,1
8041,723,M,PhD,88,Other,88,90,Assist,0,3310.0,1
8042,723,M,PhD,88,Other,88,91,Assist,0,3463.0,1
8043,723,M,PhD,88,Other,88,92,Assist,0,3615.0,1
8044,723,M,PhD,88,Other,88,93,Assist,0,3774.0,1
8045,723,M,PhD,88,Other,88,94,Assoc,0,3939.0,2
8046,723,M,PhD,88,Other,88,95,Assoc,0,4292.0,2
8047,724,F,PhD,70,Other,74,76,Assist,0,1882.0,1
8048,724,F,PhD,70,Other,74,77,Assist,0,2051.515,1
8049,724,F,PhD,70,Other,74,78,Assist,1,2142.0,1
8050,724,F,PhD,70,Other,74,79,Assist,1,2368.0,1
8051,724,F,PhD,70,Other,74,80,Assist,1,2547.0,1
8052,724,F,PhD,70,Other,74,81,Assoc,1,3032.836,2
8053,724,F,PhD,70,Other,74,82,Assoc,0,3228.0,2
8054,724,F,PhD,70,Other,74,83,Assoc,0,3406.0,2
8055,724,F,PhD,70,Other,74,84,Assoc,0,3586.0,2
8056,724,F,PhD,70,Other,74,85,Assoc,0,3586.0,2
8057,724,F,PhD,70,Other,74,86,Assoc,0,3692.0,2
8058,724,F,PhD,70,Other,74,87,Assoc,1,3877.0,2
8059,724,F,PhD,70,Other,74,88,Assoc,0,4047.0,2
8060,724,F,PhD,70,Other,74,89,Assoc,0,4330.0,2
8061,724,F,PhD,70,Other,74,90,Assoc,0,4533.0,2
8062,724,F,PhD,70,Other,74,91,Assoc,0,4743.0,2
8063,724,F,PhD,70,Other,74,92,Assoc,0,5022.0,2
8064,724,F,PhD,70,Other,74,93,Assoc,0,5168.0,2
8065,724,F,PhD,70,Other,74,94,Assoc,0,5168.0,2
8066,724,F,PhD,70,Other,74,95,Assoc,0,5318.0,2
8067,725,M,PhD,69,Other,75,76,Assoc,0,1803.0,2
8068,725,M,PhD,69,Other,75,77,Assoc,0,2058.0,2
8069,725,M,PhD,69,Other,75,78,Assoc,0,2176.0,2
8070,725,M,PhD,69,Other,75,79,Assoc,0,2369.0,2
8071,725,M,PhD,69,Other,75,80,Assoc,0,2552.0,2
8072,725,M,PhD,69,Other,75,81,Assoc,0,2758.0,2
8073,725,M,PhD,69,Other,75,82,Assoc,0,2758.0,2
8074,725,M,PhD,69,Other,75,83,Assoc,0,2910.0,2
8075,725,M,PhD,69,Other,75,84,Assoc,0,3197.0,2
8076,725,M,PhD,69,Other,75,85,Assoc,0,3197.0,2
8077,725,M,PhD,69,Other,75,86,Assoc,0,3293.0,2
8078,725,M,PhD,69,Other,75,87,Assoc,0,3458.0,2
8079,725,M,PhD,69,Other,75,88,Assoc,0,3559.0,2
8080,725,M,PhD,69,Other,75,89,Assoc,0,3754.0,2
8081,725,M,PhD,69,Other,75,90,Assoc,0,3929.0,2
8082,725,M,PhD,69,Other,75,91,Assoc,0,4231.0,2
8083,725,M,PhD,69,Other,75,92,Assoc,0,4544.0,2
8084,725,M,PhD,69,Other,75,93,Assoc,0,4610.0,2
8085,725,M,PhD,69,Other,75,94,Assoc,0,4610.0,2
8086,725,M,PhD,69,Other,75,95,Assoc,0,4812.0,2
8087,726,F,PhD,80,Other,86,86,Assist,0,1938.0,1
8088,726,F,PhD,80,Other,86,87,Assist,0,3409.0,1
8089,726,F,PhD,80,Other,86,88,Assist,0,3409.0,1
8090,726,F,PhD,80,Other,86,89,Assist,0,3754.0,1
8091,726,F,PhD,80,Other,86,90,Assist,0,4043.0,1
8092,726,F,PhD,80,Other,86,91,Assist,0,4292.0,1
8093,726,F,PhD,80,Other,86,92,Assoc,0,4610.0,2
8094,726,F,PhD,80,Other,86,93,Assoc,0,4743.0,2
8095,726,F,PhD,80,Other,86,94,Assoc,0,4743.0,2
8096,726,F,PhD,80,Other,86,95,Assoc,1,5095.0,2
8097,727,M,PhD,62,Other,72,76,Full,0,2923.0,3
8098,727,M,PhD,62,Other,72,77,Full,0,3254.0,3
8099,727,M,PhD,62,Other,72,78,Full,0,3449.254,3
8100,727,M,PhD,62,Other,72,79,Full,0,3862.0,3
8101,727,M,PhD,62,Other,72,80,Full,0,4183.0,3
8102,727,M,PhD,62,Other,72,81,Full,0,4548.0,3
8103,727,M,PhD,62,Other,72,82,Full,0,4548.0,3
8104,727,M,PhD,62,Other,72,83,Full,0,4798.0,3
8105,727,M,PhD,62,Other,72,84,Full,0,5052.0,3
8106,727,M,PhD,62,Other,72,85,Full,0,5052.0,3
8107,727,M,PhD,62,Other,72,86,Full,0,5203.0,3
8108,727,M,PhD,62,Other,72,87,Full,0,5464.0,3
8109,727,M,PhD,62,Other,72,88,Full,0,5543.0,3
8110,727,M,PhD,62,Other,72,89,Full,0,5931.0,3
8111,727,M,PhD,62,Other,72,90,Full,0,6120.0,3
8112,727,M,PhD,62,Other,72,91,Full,0,6878.0,3
8113,727,M,PhD,62,Other,72,92,Full,0,7283.0,3
8114,727,M,PhD,62,Other,72,93,Full,0,7494.0,3
8115,727,M,PhD,62,Other,72,94,Full,0,7494.0,3
8116,727,M,PhD,62,Other,72,95,Full,0,7688.0,3
8117,728,M,PhD,85,Prof,85,85,Assist,0,3962.0,1
8118,728,M,PhD,85,Prof,85,86,Assist,0,4081.0,1
8119,728,M,PhD,85,Prof,85,87,Assist,0,4285.0,1
8120,728,M,PhD,85,Prof,85,88,Assist,0,4538.0,1
8121,728,M,PhD,85,Prof,85,89,Assist,0,4855.0,1
8122,728,M,PhD,85,Prof,85,90,Assoc,0,5780.0,2
8123,728,M,PhD,85,Prof,85,91,Assoc,0,6135.0,2
8124,728,M,PhD,85,Prof,85,92,Assoc,0,6313.0,2
8125,728,M,PhD,85,Prof,85,93,Assoc,0,6590.0,2
8126,728,M,PhD,85,Prof,85,94,Assoc,0,6590.0,2
8127,728,M,PhD,85,Prof,85,95,Assoc,0,6781.0,2
8128,729,M,PhD,69,Other,70,76,Assoc,0,1743.0,2
8129,729,M,PhD,69,Other,70,77,Assoc,0,1942.0,2
8130,729,M,PhD,69,Other,70,78,Assoc,0,2058.0,2
8131,729,M,PhD,69,Other,70,79,Assoc,0,2369.0,2
8132,729,M,PhD,69,Other,70,80,Full,0,2642.0,3
8133,729,M,PhD,69,Other,70,81,Full,0,2962.0,3
8134,729,M,PhD,69,Other,70,82,Full,0,3048.0,3
8135,729,M,PhD,69,Other,70,83,Full,0,3357.0,3
8136,729,M,PhD,69,Other,70,84,Full,0,3688.0,3
8137,729,M,PhD,69,Other,70,85,Full,0,3688.0,3
8138,729,M,PhD,69,Other,70,86,Full,0,4575.0,3
8139,729,M,PhD,69,Other,70,87,Full,0,4805.0,3
8140,729,M,PhD,69,Other,70,88,Full,0,4944.0,3
8141,729,M,PhD,69,Other,70,89,Full,0,5366.0,3
8142,729,M,PhD,69,Other,70,90,Full,0,5617.0,3
8143,729,M,PhD,69,Other,70,91,Full,0,5878.0,3
8144,729,M,PhD,69,Other,70,92,Full,0,6048.0,3
8145,729,M,PhD,69,Other,70,93,Full,0,6223.0,3
8146,729,M,PhD,69,Other,70,94,Full,0,6223.0,3
8147,729,M,PhD,69,Other,70,95,Full,0,6404.0,3
8148,731,M,PhD,78,Other,79,79,Assist,0,1392.0,1
8149,731,M,PhD,78,Other,79,80,Assist,0,1580.0,1
8150,731,M,PhD,78,Other,79,81,Assist,0,1954.0,1
8151,731,M,PhD,78,Other,79,82,Assist,0,2040.0,1
8152,731,M,PhD,78,Other,79,83,Assist,0,2448.0,1
8153,731,M,PhD,78,Other,79,84,Assist,0,2577.0,1
8154,731,M,PhD,78,Other,79,85,Assoc,0,2651.0,2
8155,731,M,PhD,78,Other,79,86,Assoc,0,2933.0,2
8156,731,M,PhD,78,Other,79,87,Assoc,0,3082.0,2
8157,731,M,PhD,78,Other,79,88,Assoc,0,3171.0,2
8158,731,M,PhD,78,Other,79,89,Assoc,0,3374.627,2
8159,731,M,PhD,78,Other,79,90,Assoc,0,3551.0,2
8160,731,M,PhD,78,Other,79,91,Assoc,0,3715.0,2
8161,731,M,PhD,78,Other,79,92,Assoc,0,3823.0,2
8162,731,M,PhD,78,Other,79,93,Assoc,0,3934.0,2
8163,731,M,PhD,78,Other,79,94,Assoc,0,3934.0,2
8164,731,M,PhD,78,Other,79,95,Assoc,0,5122.0,2
8165,732,M,PhD,68,Other,66,76,Assoc,0,2438.75,2
8166,732,M,PhD,68,Other,66,77,Assoc,0,2670.0,2
8167,732,M,PhD,68,Other,66,78,Full,0,2897.0,3
8168,732,M,PhD,68,Other,66,79,Full,0,3342.0,3
8169,732,M,PhD,68,Other,66,80,Full,0,3619.0,3
8170,732,M,PhD,68,Other,66,81,Full,0,4120.0,3
8171,732,M,PhD,68,Other,66,82,Full,0,4120.0,3
8172,732,M,PhD,68,Other,66,83,Full,0,4597.0,3
8173,732,M,PhD,68,Other,66,84,Full,0,4841.0,3
8174,732,M,PhD,68,Other,66,85,Full,0,4841.0,3
8175,732,M,PhD,68,Other,66,86,Full,0,5354.0,3
8176,732,M,PhD,68,Other,66,87,Full,0,5623.0,3
8177,732,M,PhD,68,Other,66,88,Full,0,5623.0,3
8178,732,M,PhD,68,Other,66,89,Full,0,6103.0,3
8179,732,M,PhD,68,Other,66,90,Full,0,6480.0,3
8180,732,M,PhD,68,Other,66,91,Full,0,7078.0,3
8181,732,M,PhD,68,Other,66,92,Full,0,7388.0,3
8182,732,M,PhD,68,Other,66,93,Full,0,7602.0,3
8183,732,M,PhD,68,Other,66,94,Full,0,7602.0,3
8184,732,M,PhD,68,Other,66,95,Full,0,7822.0,3
8185,733,M,PhD,60,Other,68,76,Full,0,2446.0,3
8186,733,M,PhD,60,Other,68,77,Full,0,2671.0,3
8187,733,M,PhD,60,Other,68,78,Full,0,2844.0,3
8188,733,M,PhD,60,Other,68,79,Full,0,3172.0,3
8189,733,M,PhD,60,Other,68,80,Full,0,3447.0,3
8190,733,M,PhD,60,Other,68,81,Full,1,3818.0,3
8191,733,M,PhD,60,Other,68,82,Full,1,4474.0,3
8192,733,M,PhD,60,Other,68,83,Full,1,5169.0,3
8193,733,M,PhD,60,Other,68,84,Full,0,5427.0,3
8194,733,M,PhD,60,Other,68,85,Full,0,5427.0,3
8195,733,M,PhD,60,Other,68,86,Full,0,5917.0,3
8196,733,M,PhD,60,Other,68,87,Full,0,6214.0,3
8197,733,M,PhD,60,Other,68,88,Full,0,6304.0,3
8198,733,M,PhD,60,Other,68,89,Full,0,6745.0,3
8199,733,M,PhD,60,Other,68,90,Full,0,7060.0,3
8200,733,M,PhD,60,Other,68,91,Full,0,7388.0,3
8201,733,M,PhD,60,Other,68,92,Full,0,7494.0,3
8202,733,M,PhD,60,Other,68,93,Full,0,7712.0,3
8203,733,M,PhD,60,Other,68,94,Full,0,7712.0,3
8204,733,M,PhD,60,Other,68,95,Full,0,8049.0,3
8205,734,M,PhD,72,Other,85,85,Full,0,3194.0,3
8206,734,M,PhD,72,Other,85,86,Full,0,3688.0,3
8207,734,M,PhD,72,Other,85,87,Full,0,3873.494,3
8208,734,M,PhD,72,Other,85,88,Full,0,3985.542,3
8209,734,M,PhD,72,Other,85,89,Full,0,4387.273,3
8210,734,M,PhD,72,Other,85,90,Full,0,4725.455,3
8211,734,M,PhD,72,Other,85,91,Full,0,5016.364,3
8212,734,M,PhD,72,Other,85,92,Full,0,5236.364,3
8213,734,M,PhD,72,Other,85,93,Full,0,5387.5,3
8214,734,M,PhD,72,Other,85,94,Full,0,5387.5,3
8215,734,M,PhD,72,Other,85,95,Full,0,5465.0,3
8216,735,F,PhD,93,Arts,91,91,Assist,0,3996.0,1
8217,735,F,PhD,93,Arts,91,92,Assist,0,3996.0,1
8218,735,F,PhD,93,Arts,91,93,Assist,0,4112.0,1
8219,735,F,PhD,93,Arts,91,94,Assist,0,4112.0,1
8220,735,F,PhD,93,Arts,91,95,Assist,0,4231.0,1
8221,737,F,PhD,83,Other,94,94,Assist,0,4106.0,1
8222,737,F,PhD,83,Other,94,95,Assist,0,4165.0,1
8223,738,M,PhD,69,Other,69,76,Full,0,2459.701,3
8224,738,M,PhD,69,Other,69,77,Full,0,2779.0,3
8225,738,M,PhD,69,Other,69,78,Full,0,2932.0,3
8226,738,M,PhD,69,Other,69,79,Full,0,3267.0,3
8227,738,M,PhD,69,Other,69,80,Full,0,3633.0,3
8228,738,M,PhD,69,Other,69,81,Full,0,4116.0,3
8229,738,M,PhD,69,Other,69,82,Full,0,4111.0,3
8230,738,M,PhD,69,Other,69,83,Full,0,4527.0,3
8231,738,M,PhD,69,Other,69,84,Full,0,4975.0,3
8232,738,M,PhD,69,Other,69,85,Full,0,4975.0,3
8233,738,M,PhD,69,Other,69,86,Full,0,5743.0,3
8234,738,M,PhD,69,Other,69,87,Full,0,6033.0,3
8235,738,M,PhD,69,Other,69,88,Full,0,6771.0,3
8236,738,M,PhD,69,Other,69,89,Full,0,7349.0,3
8237,738,M,PhD,69,Other,69,90,Full,0,7803.0,3
8238,738,M,PhD,69,Other,69,91,Full,0,10000.0,3
8239,738,M,PhD,69,Other,69,92,Full,0,10000.0,3
8240,738,M,PhD,69,Other,69,93,Full,0,10263.0,3
8241,738,M,PhD,69,Other,69,94,Full,0,10263.0,3
8242,738,M,PhD,69,Other,69,95,Full,0,10713.0,3
8243,739,M,PhD,66,Prof,65,76,Full,0,2446.0,3
8244,739,M,PhD,66,Prof,65,77,Full,0,2757.0,3
8245,739,M,PhD,66,Prof,65,78,Full,0,2976.0,3
8246,739,M,PhD,66,Prof,65,79,Full,0,3362.0,3
8247,739,M,PhD,66,Prof,65,80,Full,0,3647.0,3
8248,739,M,PhD,66,Prof,65,81,Full,1,4296.0,3
8249,739,M,PhD,66,Prof,65,82,Full,1,4485.0,3
8250,739,M,PhD,66,Prof,65,83,Full,1,4938.0,3
8251,739,M,PhD,66,Prof,65,84,Full,1,5904.0,3
8252,739,M,PhD,66,Prof,65,85,Full,1,5904.0,3
8253,739,M,PhD,66,Prof,65,86,Full,1,6532.0,3
8254,739,M,PhD,66,Prof,65,87,Full,1,6532.0,3
8255,739,M,PhD,66,Prof,65,88,Full,1,7057.0,3
8256,739,M,PhD,66,Prof,65,89,Full,1,7750.0,3
8257,739,M,PhD,66,Prof,65,90,Full,1,8293.0,3
8258,739,M,PhD,66,Prof,65,91,Full,1,8791.0,3
8259,739,M,PhD,66,Prof,65,92,Full,1,9064.0,3
8260,739,M,PhD,66,Prof,65,93,Full,0,10136.0,3
8261,739,M,PhD,66,Prof,65,94,Full,0,10136.0,3
8262,739,M,PhD,66,Prof,65,95,Full,0,10411.0,3
8263,740,M,PhD,72,Other,89,89,Full,0,6649.0,3
8264,740,M,PhD,72,Other,89,90,Full,1,6764.0,3
8265,740,M,PhD,72,Other,89,91,Full,1,7180.0,3
8266,740,M,PhD,72,Other,89,92,Full,1,7494.0,3
8267,740,M,PhD,72,Other,89,93,Full,1,8402.0,3
8268,740,M,PhD,72,Other,89,94,Full,0,8402.0,3
8269,740,M,PhD,72,Other,89,95,Full,0,8523.0,3
8270,742,M,PhD,71,Other,75,76,Assoc,0,2188.0,2
8271,742,M,PhD,71,Other,75,77,Assoc,0,2472.0,2
8272,742,M,PhD,71,Other,75,78,Assoc,0,2617.0,2
8273,742,M,PhD,71,Other,75,79,Assoc,0,2896.0,2
8274,742,M,PhD,71,Other,75,80,Assoc,0,3528.0,2
8275,742,M,PhD,71,Other,75,81,Full,0,4053.0,3
8276,742,M,PhD,71,Other,75,82,Full,0,4169.0,3
8277,742,M,PhD,71,Other,75,83,Full,1,4659.0,3
8278,742,M,PhD,71,Other,75,84,Full,1,5267.0,3
8279,742,M,PhD,71,Other,75,85,Full,0,5267.0,3
8280,742,M,PhD,71,Other,75,86,Full,0,5424.0,3
8281,742,M,PhD,71,Other,75,87,Full,1,6388.0,3
8282,742,M,PhD,71,Other,75,88,Full,1,6573.0,3
8283,742,M,PhD,71,Other,75,89,Full,1,7032.0,3
8284,742,M,PhD,71,Other,75,90,Full,1,7360.0,3
8285,742,M,PhD,71,Other,75,91,Full,1,7925.0,3
8286,742,M,PhD,71,Other,75,92,Full,1,8155.0,3
8287,742,M,PhD,71,Other,75,93,Full,1,8392.0,3
8288,742,M,PhD,71,Other,75,94,Full,1,8392.0,3
8289,742,M,PhD,71,Other,75,95,Full,1,8635.0,3
8290,743,M,PhD,85,Other,88,88,Assist,0,2559.0,1
8291,743,M,PhD,85,Other,88,89,Assist,0,2660.0,1
8292,743,M,PhD,85,Other,88,90,Assist,0,2907.0,1
8293,743,M,PhD,85,Other,88,91,Assist,0,3175.0,1
8294,743,M,PhD,85,Other,88,92,Assist,0,3559.0,1
8295,743,M,PhD,85,Other,88,93,Assist,0,3991.0,1
8296,743,M,PhD,85,Other,88,94,Assoc,0,4106.0,2
8297,743,M,PhD,85,Other,88,95,Assoc,0,4411.0,2
8298,744,M,PhD,76,Other,79,79,Assist,0,1889.0,1
8299,744,M,PhD,76,Other,79,80,Assist,0,2079.0,1
8300,744,M,PhD,76,Other,79,81,Assist,0,2290.0,1
8301,744,M,PhD,76,Other,79,82,Assist,0,2391.0,1
8302,744,M,PhD,76,Other,79,84,Assist,0,3020.0,1
8303,744,M,PhD,76,Other,79,85,Assoc,0,3337.0,2
8304,744,M,PhD,76,Other,79,86,Assoc,0,3487.0,2
8305,744,M,PhD,76,Other,79,87,Assoc,0,3662.0,2
8306,744,M,PhD,76,Other,79,88,Assoc,0,3768.0,2
8307,744,M,PhD,76,Other,79,89,Assoc,0,4032.0,2
8308,744,M,PhD,76,Other,79,90,Assoc,0,4220.0,2
8309,744,M,PhD,76,Other,79,91,Assoc,0,4480.0,2
8310,744,M,PhD,76,Other,79,92,Assoc,0,4743.0,2
8311,744,M,PhD,76,Other,79,93,Full,0,5168.0,3
8312,744,M,PhD,76,Other,79,94,Full,0,5168.0,3
8313,744,M,PhD,76,Other,79,95,Full,0,5551.0,3
8314,745,M,PhD,83,Other,91,91,Assoc,0,7180.0,2
8315,745,M,PhD,83,Other,91,92,Assoc,0,7180.0,2
8316,745,M,PhD,83,Other,91,93,Assoc,0,7494.0,2
8317,745,M,PhD,83,Other,91,94,Full,0,7712.0,3
8318,745,M,PhD,83,Other,91,95,Full,0,9154.0,3
8319,746,M,PhD,62,Prof,81,81,Full,1,5500.0,3
8320,746,M,PhD,62,Prof,81,82,Full,1,5500.0,3
8321,746,M,PhD,62,Prof,81,83,Full,1,6199.0,3
8322,746,M,PhD,62,Prof,81,84,Full,1,6715.0,3
8323,746,M,PhD,62,Prof,81,85,Full,1,6715.0,3
8324,746,M,PhD,62,Prof,81,86,Full,1,7754.0,3
8325,746,M,PhD,62,Prof,81,87,Full,1,7754.0,3
8326,746,M,PhD,62,Prof,81,88,Full,1,8529.0,3
8327,746,M,PhD,62,Prof,81,89,Full,1,9160.0,3
8328,746,M,PhD,62,Prof,81,90,Full,1,9893.0,3
8329,746,M,PhD,62,Prof,81,91,Full,1,10487.0,3
8330,746,M,PhD,62,Prof,81,92,Full,1,11123.0,3
8331,746,M,PhD,62,Prof,81,93,Full,1,11401.0,3
8332,746,M,PhD,62,Prof,81,94,Full,1,11401.0,3
8333,746,M,PhD,62,Prof,81,95,Full,1,11857.0,3
8334,747,F,PhD,71,Other,77,77,Assist,0,1834.0,1
8335,747,F,PhD,71,Other,77,78,Assist,0,1980.0,1
8336,747,F,PhD,71,Other,77,79,Assist,0,2120.0,1
8337,747,F,PhD,71,Other,77,80,Assist,0,2247.0,1
8338,747,F,PhD,71,Other,77,81,Assist,0,2460.0,1
8339,747,F,PhD,71,Other,77,82,Assist,0,2567.0,1
8340,747,F,PhD,71,Other,77,83,Assoc,0,2826.667,2
8341,747,F,PhD,71,Other,77,84,Assoc,0,2935.0,2
8342,747,F,PhD,71,Other,77,85,Assoc,0,2935.0,2
8343,747,F,PhD,71,Other,77,86,Assoc,0,3293.0,2
8344,747,F,PhD,71,Other,77,87,Assoc,0,3458.0,2
8345,747,F,PhD,71,Other,77,88,Assoc,0,3715.0,2
8346,747,F,PhD,71,Other,77,89,Full,0,4269.0,3
8347,747,F,PhD,71,Other,77,90,Full,0,4468.0,3
8348,747,F,PhD,71,Other,77,91,Full,0,4676.0,3
8349,747,F,PhD,71,Other,77,92,Full,0,4743.0,3
8350,747,F,PhD,71,Other,77,93,Full,0,4812.0,3
8351,747,F,PhD,71,Other,77,94,Full,0,4812.0,3
8352,747,F,PhD,71,Other,77,95,Full,0,5794.0,3
8353,749,M,PhD,72,Arts,76,76,Assist,0,1502.0,1
8354,749,M,PhD,72,Arts,76,77,Assist,0,1644.0,1
8355,749,M,PhD,72,Arts,76,78,Assist,0,1717.0,1
8356,749,M,PhD,72,Arts,76,79,Assist,0,1999.0,1
8357,749,M,PhD,72,Arts,76,80,Assoc,0,2162.0,2
8358,749,M,PhD,72,Arts,76,81,Assoc,0,2460.0,2
8359,749,M,PhD,72,Arts,76,82,Assoc,0,2680.0,2
8360,749,M,PhD,72,Arts,76,83,Assoc,0,2827.0,2
8361,749,M,PhD,72,Arts,76,84,Assoc,0,2977.0,2
8362,749,M,PhD,72,Arts,76,85,Assoc,0,2977.0,2
8363,749,M,PhD,72,Arts,76,86,Assoc,0,3066.0,2
8364,749,M,PhD,72,Arts,76,87,Assoc,0,3220.0,2
8365,749,M,PhD,72,Arts,76,88,Assoc,0,3313.0,2
8366,749,M,PhD,72,Arts,76,89,Assoc,0,3700.0,2
8367,749,M,PhD,72,Arts,76,90,Assoc,0,3764.0,2
8368,749,M,PhD,72,Arts,76,91,Assoc,0,3828.0,2
8369,749,M,PhD,72,Arts,76,92,Assoc,0,3939.0,2
8370,749,M,PhD,72,Arts,76,93,Assoc,0,3939.0,2
8371,749,M,PhD,72,Arts,76,94,Assoc,0,3939.0,2
8372,749,M,PhD,72,Arts,76,95,Assoc,0,3939.0,2
8373,751,M,PhD,65,Prof,67,76,Assoc,0,2232.0,2
8374,751,M,PhD,65,Prof,67,77,Full,0,2544.0,3
8375,751,M,PhD,65,Prof,67,78,Full,0,2714.0,3
8376,751,M,PhD,65,Prof,67,79,Full,0,3219.0,3
8377,751,M,PhD,65,Prof,67,80,Full,0,3548.0,3
8378,751,M,PhD,65,Prof,67,81,Full,0,4174.0,3
8379,751,M,PhD,65,Prof,67,82,Full,0,4817.0,3
8380,751,M,PhD,65,Prof,67,83,Full,0,5155.0,3
8381,751,M,PhD,65,Prof,67,84,Full,0,5585.0,3
8382,751,M,PhD,65,Prof,67,85,Full,0,5585.0,3
8383,751,M,PhD,65,Prof,67,86,Full,0,6925.0,3
8384,751,M,PhD,65,Prof,67,87,Full,0,7272.0,3
8385,751,M,PhD,65,Prof,67,88,Full,0,7483.0,3
8386,751,M,PhD,65,Prof,67,89,Full,1,8007.0,3
8387,751,M,PhD,65,Prof,67,90,Full,1,9263.0,3
8388,751,M,PhD,65,Prof,67,91,Full,1,9693.0,3
8389,751,M,PhD,65,Prof,67,92,Full,1,9974.0,3
8390,751,M,PhD,65,Prof,67,93,Full,1,10263.0,3
8391,751,M,PhD,65,Prof,67,94,Full,1,10263.0,3
8392,751,M,PhD,65,Prof,67,95,Full,1,10867.0,3
8393,752,M,PhD,78,Other,91,91,Assoc,0,3559.0,2
8394,752,M,PhD,78,Other,91,92,Assoc,0,3663.0,2
8395,752,M,PhD,78,Other,91,93,Assoc,0,3769.0,2
8396,752,M,PhD,78,Other,91,94,Assoc,0,3769.0,2
8397,752,M,PhD,78,Other,91,95,Assoc,0,3878.0,2
8398,753,M,PhD,60,Prof,70,76,Full,0,2933.333,3
8399,753,M,PhD,60,Prof,70,77,Full,0,3264.912,3
8400,753,M,PhD,60,Prof,70,78,Full,0,3421.0,3
8401,753,M,PhD,60,Prof,70,79,Full,0,3865.0,3
8402,753,M,PhD,60,Prof,70,80,Full,0,4175.0,3
8403,753,M,PhD,60,Prof,70,81,Full,1,4609.0,3
8404,753,M,PhD,60,Prof,70,82,Full,1,4743.0,3
8405,753,M,PhD,60,Prof,70,83,Full,0,5004.0,3
8406,753,M,PhD,60,Prof,70,84,Full,0,5192.0,3
8407,753,M,PhD,60,Prof,70,85,Full,0,5192.0,3
8408,753,M,PhD,60,Prof,70,86,Full,0,5347.0,3
8409,753,M,PhD,60,Prof,70,87,Full,0,5617.0,3
8410,753,M,PhD,60,Prof,70,88,Full,0,7067.0,3
8411,753,M,PhD,60,Prof,70,89,Full,0,7671.0,3
8412,753,M,PhD,60,Prof,70,90,Full,0,8145.0,3
8413,753,M,PhD,60,Prof,70,91,Full,0,8666.0,3
8414,753,M,PhD,60,Prof,70,92,Full,0,9038.0,3
8415,753,M,PhD,60,Prof,70,93,Full,0,9327.0,3
8416,753,M,PhD,60,Prof,70,94,Full,0,9327.0,3
8417,753,M,PhD,60,Prof,70,95,Full,0,9693.0,3
8418,754,M,PhD,79,Other,89,89,Assoc,0,5601.0,2
8419,754,M,PhD,79,Other,89,90,Assoc,0,5698.0,2
8420,754,M,PhD,79,Other,89,91,Assoc,0,6048.0,2
8421,754,M,PhD,79,Other,89,92,Full,0,6404.0,3
8422,754,M,PhD,79,Other,89,93,Full,0,6590.0,3
8423,754,M,PhD,79,Other,89,94,Full,0,6590.0,3
8424,754,M,PhD,79,Other,89,95,Full,0,6781.0,3
8425,755,M,PhD,86,Other,91,91,Assist,0,4411.0,1
8426,755,M,PhD,86,Other,91,92,Assist,0,4411.0,1
8427,755,M,PhD,86,Other,91,93,Assist,0,4670.0,1
8428,755,M,PhD,86,Other,91,94,Assoc,0,4806.0,2
8429,755,M,PhD,86,Other,91,95,Assoc,0,5016.0,2
8430,756,M,PhD,65,Arts,68,76,Assoc,0,1946.0,2
8431,756,M,PhD,65,Arts,68,77,Assoc,0,2097.0,2
8432,756,M,PhD,65,Arts,68,78,Assoc,0,2198.485,2
8433,756,M,PhD,65,Arts,68,79,Assoc,0,2411.0,2
8434,756,M,PhD,65,Arts,68,80,Assoc,0,2597.0,2
8435,756,M,PhD,65,Arts,68,81,Assoc,0,2879.0,2
8436,756,M,PhD,65,Arts,68,82,Assoc,0,2962.0,2
8437,756,M,PhD,65,Arts,68,83,Assoc,0,3125.0,2
8438,756,M,PhD,65,Arts,68,84,Assoc,0,3410.0,2
8439,756,M,PhD,65,Arts,68,85,Assoc,0,3243.0,2
8440,756,M,PhD,65,Arts,68,86,Assoc,0,3341.0,2
8441,756,M,PhD,65,Arts,68,87,Assoc,0,3508.0,2
8442,756,M,PhD,65,Arts,68,88,Assoc,0,3559.0,2
8443,756,M,PhD,65,Arts,68,89,Assoc,0,3808.0,2
8444,756,M,PhD,65,Arts,68,90,Assoc,0,4043.0,2
8445,756,M,PhD,65,Arts,68,91,Assoc,0,4292.0,2
8446,756,M,PhD,65,Arts,68,92,Assoc,0,4544.0,2
8447,756,M,PhD,65,Arts,68,93,Assoc,0,4610.0,2
8448,756,M,PhD,65,Arts,68,94,Assoc,0,4610.0,2
8449,756,M,PhD,65,Arts,68,95,Assoc,0,4743.0,2
8450,757,F,PhD,84,Other,84,84,Assist,0,2977.0,1
8451,757,F,PhD,84,Other,84,85,Assist,0,2977.0,1
8452,757,F,PhD,84,Other,84,86,Assist,0,3293.0,1
8453,757,F,PhD,84,Other,84,87,Assist,0,3822.0,1
8454,757,F,PhD,84,Other,84,88,Assist,0,3933.0,1
8455,757,F,PhD,84,Other,84,89,Assoc,0,4330.0,2
8456,757,F,PhD,84,Other,84,90,Assoc,0,4800.0,2
8457,757,F,PhD,84,Other,84,91,Assoc,0,5168.0,2
8458,757,F,PhD,84,Other,84,92,Assoc,0,5472.0,2
8459,757,F,PhD,84,Other,84,93,Assoc,0,5712.0,2
8460,757,F,PhD,84,Other,84,94,Assoc,0,6878.0,2
8461,757,F,PhD,84,Other,84,95,Full,0,7283.0,3
8462,758,M,PhD,70,Other,72,76,Assoc,0,1839.0,2
8463,758,M,PhD,70,Other,72,77,Assoc,0,2019.0,2
8464,758,M,PhD,70,Other,72,78,Assoc,0,2136.0,2
8465,758,M,PhD,70,Other,72,79,Assoc,0,2454.0,2
8466,758,M,PhD,70,Other,72,80,Assoc,0,2686.0,2
8467,758,M,PhD,70,Other,72,81,Assoc,0,3048.0,2
8468,758,M,PhD,70,Other,72,82,Assoc,0,3182.0,2
8469,758,M,PhD,70,Other,72,83,Full,0,3455.0,3
8470,758,M,PhD,70,Other,72,84,Full,0,3962.0,3
8471,758,M,PhD,70,Other,72,85,Full,0,3962.0,3
8472,758,M,PhD,70,Other,72,86,Full,0,4446.0,3
8473,758,M,PhD,70,Other,72,87,Full,0,4669.0,3
8474,758,M,PhD,70,Other,72,88,Full,0,4944.0,3
8475,758,M,PhD,70,Other,72,89,Full,0,5443.0,3
8476,758,M,PhD,70,Other,72,90,Full,0,5863.0,3
8477,758,M,PhD,70,Other,72,91,Full,0,6223.0,3
8478,758,M,PhD,70,Other,72,92,Full,0,6404.0,3
8479,758,M,PhD,70,Other,72,93,Full,0,6590.0,3
8480,758,M,PhD,70,Other,72,94,Full,0,6590.0,3
8481,758,M,PhD,70,Other,72,95,Full,0,7180.0,3
8482,759,M,PhD,67,Arts,67,76,Assoc,1,2053.0,2
8483,759,M,PhD,67,Arts,67,77,Assoc,0,2216.0,2
8484,759,M,PhD,67,Arts,67,78,Assoc,0,2337.0,2
8485,759,M,PhD,67,Arts,67,79,Assoc,0,2583.0,2
8486,759,M,PhD,67,Arts,67,80,Full,0,2902.985,3
8487,759,M,PhD,67,Arts,67,81,Full,0,3137.0,3
8488,759,M,PhD,67,Arts,67,82,Full,0,3228.0,3
8489,759,M,PhD,67,Arts,67,83,Full,0,3406.0,3
8490,759,M,PhD,67,Arts,67,84,Full,0,3586.0,3
8491,759,M,PhD,67,Arts,67,85,Full,0,3586.0,3
8492,759,M,PhD,67,Arts,67,86,Full,0,3966.0,3
8493,759,M,PhD,67,Arts,67,87,Full,0,4165.0,3
8494,759,M,PhD,67,Arts,67,88,Full,0,4347.0,3
8495,759,M,PhD,67,Arts,67,89,Full,0,4718.0,3
8496,759,M,PhD,67,Arts,67,90,Full,0,4939.0,3
8497,759,M,PhD,67,Arts,67,91,Full,0,5318.0,3
8498,759,M,PhD,67,Arts,67,92,Full,1,7078.0,3
8499,759,M,PhD,67,Arts,67,93,Full,1,7283.0,3
8500,759,M,PhD,67,Arts,67,94,Full,1,7283.0,3
8501,759,M,PhD,67,Arts,67,95,Full,1,7935.0,3
8502,760,M,PhD,81,Other,84,84,Assist,0,2935.0,1
8503,760,M,PhD,81,Other,84,85,Assist,0,2935.0,1
8504,760,M,PhD,81,Other,84,86,Assist,0,3246.0,1
8505,760,M,PhD,81,Other,84,87,Assist,0,3409.0,1
8506,760,M,PhD,81,Other,84,88,Assoc,0,4445.0,2
8507,760,M,PhD,81,Other,84,89,Assoc,0,4456.0,2
8508,760,M,PhD,81,Other,84,90,Assoc,0,4664.0,2
8509,760,M,PhD,81,Other,84,91,Assoc,0,4951.0,2
8510,760,M,PhD,81,Other,84,92,Full,0,5318.0,3
8511,760,M,PhD,81,Other,84,93,Full,0,5551.0,3
8512,760,M,PhD,81,Other,84,94,Full,0,5551.0,3
8513,760,M,PhD,81,Other,84,95,Full,0,5878.0,3
8514,761,F,PhD,81,Prof,88,88,Assoc,0,4805.0,2
8515,761,F,PhD,81,Prof,88,89,Assoc,0,5141.0,2
8516,761,F,PhD,81,Prof,88,90,Assoc,0,5381.0,2
8517,761,F,PhD,81,Prof,88,91,Assoc,0,5631.0,2
8518,761,F,PhD,81,Prof,88,92,Assoc,0,5794.0,2
8519,761,F,PhD,81,Prof,88,93,Assoc,0,5962.0,2
8520,761,F,PhD,81,Prof,88,94,Assoc,0,5962.0,2
8521,761,F,PhD,81,Prof,88,95,Full,0,6590.0,3
8522,763,F,PhD,77,Arts,77,77,Assist,0,1502.667,1
8523,763,F,PhD,77,Arts,77,78,Assist,0,1608.0,1
8524,763,F,PhD,77,Arts,77,79,Assist,0,1842.0,1
8525,763,F,PhD,77,Arts,77,80,Assist,0,1996.0,1
8526,763,F,PhD,77,Arts,77,81,Assist,0,2163.0,1
8527,763,F,PhD,77,Arts,77,82,Assist,0,2323.0,1
8528,763,F,PhD,77,Arts,77,83,Assoc,0,2558.0,2
8529,763,F,PhD,77,Arts,77,84,Assoc,0,2770.0,2
8530,763,F,PhD,77,Arts,77,85,Assoc,0,2770.0,2
8531,763,F,PhD,77,Arts,77,86,Assoc,0,3155.0,2
8532,763,F,PhD,77,Arts,77,87,Assoc,1,3922.0,2
8533,763,F,PhD,77,Arts,77,88,Assoc,1,3922.0,2
8534,763,F,PhD,77,Arts,77,89,Assoc,1,4208.0,2
8535,763,F,PhD,77,Arts,77,90,Assoc,1,4468.0,2
8536,763,F,PhD,77,Arts,77,91,Full,1,5095.0,3
8537,763,F,PhD,77,Arts,77,92,Full,1,5242.0,3
8538,763,F,PhD,77,Arts,77,93,Full,0,6404.0,3
8539,763,F,PhD,77,Arts,77,94,Full,0,6404.0,3
8540,763,F,PhD,77,Arts,77,95,Full,0,6590.0,3
8541,765,F,PhD,88,Other,88,88,Assist,0,2952.5,1
8542,765,F,PhD,88,Other,88,89,Assist,0,3204.0,1
8543,765,F,PhD,88,Other,88,90,Assist,0,3402.0,1
8544,765,F,PhD,88,Other,88,91,Assist,0,3612.0,1
8545,765,F,PhD,88,Other,88,92,Assist,0,3612.0,1
8546,765,F,PhD,88,Other,88,93,Assist,0,3716.0,1
8547,765,F,PhD,88,Other,88,94,Assist,0,3715.0,1
8548,765,F,PhD,88,Other,88,95,Assist,0,3934.0,1
8549,766,M,PhD,79,Prof,79,79,Assist,0,2039.0,1
8550,766,M,PhD,79,Prof,79,80,Assist,0,2247.0,1
8551,766,M,PhD,79,Prof,79,81,Assist,0,2567.0,1
8552,766,M,PhD,79,Prof,79,82,Assist,0,2719.0,1
8553,766,M,PhD,79,Prof,79,83,Assist,0,3554.0,1
8554,766,M,PhD,79,Prof,79,84,Assist,0,3742.0,1
8555,766,M,PhD,79,Prof,79,85,Assoc,0,3851.0,2
8556,766,M,PhD,79,Prof,79,86,Assoc,0,4383.0,2
8557,766,M,PhD,79,Prof,79,87,Assoc,0,4603.0,2
8558,766,M,PhD,79,Prof,79,88,Assoc,0,4736.0,2
8559,766,M,PhD,79,Prof,79,89,Assoc,0,5141.0,2
8560,766,M,PhD,79,Prof,79,90,Full,0,6297.0,3
8561,766,M,PhD,79,Prof,79,91,Full,0,6684.0,3
8562,766,M,PhD,79,Prof,79,92,Full,0,6977.0,3
8563,766,M,PhD,79,Prof,79,93,Full,0,7283.0,3
8564,766,M,PhD,79,Prof,79,94,Full,0,7283.0,3
8565,766,M,PhD,79,Prof,79,95,Full,0,7494.0,3
8566,767,M,PhD,61,Other,64,76,Full,0,2339.0,3
8567,767,M,PhD,61,Other,64,77,Full,0,2671.0,3
8568,767,M,PhD,61,Other,64,78,Full,0,2800.0,3
8569,767,M,PhD,61,Other,64,79,Full,0,3125.0,3
8570,767,M,PhD,61,Other,64,80,Full,0,3348.0,3
8571,767,M,PhD,61,Other,64,81,Full,0,3777.0,3
8572,767,M,PhD,61,Other,64,82,Full,0,4039.394,3
8573,767,M,PhD,61,Other,64,83,Full,0,4642.0,3
8574,767,M,PhD,61,Other,64,84,Full,0,5028.0,3
8575,767,M,PhD,61,Other,64,85,Full,0,5028.0,3
8576,767,M,PhD,61,Other,64,86,Full,0,5974.0,3
8577,767,M,PhD,61,Other,64,87,Full,0,6273.0,3
8578,767,M,PhD,61,Other,64,88,Full,0,6365.0,3
8579,767,M,PhD,61,Other,64,89,Full,0,6103.0,3
8580,767,M,PhD,61,Other,64,90,Full,0,6297.0,3
8581,767,M,PhD,61,Other,64,91,Full,0,6684.0,3
8582,767,M,PhD,61,Other,64,92,Full,0,6878.0,3
8583,767,M,PhD,61,Other,64,93,Full,0,7078.0,3
8584,767,M,PhD,61,Other,64,94,Full,0,7078.0,3
8585,767,M,PhD,61,Other,64,95,Full,0,7283.0,3
8586,769,M,PhD,76,Other,77,77,Assist,0,1500.0,1
8587,769,M,PhD,76,Other,77,78,Assist,0,1571.0,1
8588,769,M,PhD,76,Other,77,79,Assist,0,1760.0,1
8589,769,M,PhD,76,Other,77,80,Assist,0,1892.0,1
8590,769,M,PhD,76,Other,77,81,Assist,0,2099.0,1
8591,769,M,PhD,76,Other,77,82,Assoc,0,2255.0,2
8592,769,M,PhD,76,Other,77,83,Assoc,0,2448.0,2
8593,769,M,PhD,76,Other,77,84,Assoc,0,2868.0,2
8594,769,M,PhD,76,Other,77,85,Assoc,0,2918.0,2
8595,769,M,PhD,76,Other,77,86,Assoc,0,3433.0,2
8596,769,M,PhD,76,Other,77,87,Assoc,0,3606.0,2
8597,769,M,PhD,76,Other,77,88,Assoc,0,3606.0,2
8598,769,M,PhD,76,Other,77,89,Assoc,0,3803.0,2
8599,769,M,PhD,76,Other,77,90,Assoc,0,3868.0,2
8600,769,M,PhD,76,Other,77,91,Assoc,0,3991.0,2
8601,769,M,PhD,76,Other,77,92,Assoc,0,4048.0,2
8602,769,M,PhD,76,Other,77,93,Full,0,4286.0,3
8603,769,M,PhD,76,Other,77,94,Full,0,4286.0,3
8604,769,M,PhD,76,Other,77,95,Full,0,4411.0,3
8605,770,M,PhD,67,Other,69,76,Assoc,0,2053.0,2
8606,770,M,PhD,67,Other,69,77,Assoc,0,2337.0,2
8607,770,M,PhD,67,Other,69,78,Full,0,2586.0,3
8608,770,M,PhD,67,Other,69,79,Full,0,3032.0,3
8609,770,M,PhD,67,Other,69,80,Full,0,3348.0,3
8610,770,M,PhD,67,Other,69,81,Full,0,3777.0,3
8611,770,M,PhD,67,Other,69,82,Full,0,3887.0,3
8612,770,M,PhD,67,Other,69,83,Full,0,4101.0,3
8613,770,M,PhD,67,Other,69,84,Full,0,4378.0,3
8614,770,M,PhD,67,Other,69,85,Full,0,4378.0,3
8615,770,M,PhD,67,Other,69,86,Full,0,4775.0,3
8616,770,M,PhD,67,Other,69,87,Full,0,5015.0,3
8617,770,M,PhD,67,Other,69,88,Full,0,5160.0,3
8618,770,M,PhD,67,Other,69,89,Full,0,5522.0,3
8619,770,M,PhD,67,Other,69,90,Full,0,5780.0,3
8620,770,M,PhD,67,Other,69,91,Full,0,6135.0,3
8621,770,M,PhD,67,Other,69,92,Full,0,6313.0,3
8622,770,M,PhD,67,Other,69,93,Full,0,6496.0,3
8623,770,M,PhD,67,Other,69,94,Full,0,6496.0,3
8624,770,M,PhD,67,Other,69,95,Full,0,6781.0,3
8625,771,M,PhD,73,Other,74,76,Assist,0,1962.353,1
8626,771,M,PhD,73,Other,74,77,Assist,0,2159.0,1
8627,771,M,PhD,73,Other,74,78,Assist,0,2321.0,1
8628,771,M,PhD,73,Other,74,79,Assoc,0,2634.0,2
8629,771,M,PhD,73,Other,74,80,Assoc,0,2930.0,2
8630,771,M,PhD,73,Other,74,81,Assoc,0,3467.0,2
8631,771,M,PhD,73,Other,74,82,Assoc,0,3723.0,2
8632,771,M,PhD,73,Other,74,83,Assoc,0,4404.0,2
8633,771,M,PhD,73,Other,74,84,Assoc,0,5125.0,2
8634,771,M,PhD,73,Other,74,85,Full,1,5274.0,3
8635,771,M,PhD,73,Other,74,86,Full,1,6447.0,3
8636,771,M,PhD,73,Other,74,87,Full,1,6771.0,3
8637,771,M,PhD,73,Other,74,88,Full,1,7272.0,3
8638,771,M,PhD,73,Other,74,89,Full,0,8539.0,3
8639,771,M,PhD,73,Other,74,90,Full,0,9302.0,3
8640,771,M,PhD,73,Other,74,91,Full,0,10133.0,3
8641,771,M,PhD,73,Other,74,92,Full,0,10563.0,3
8642,771,M,PhD,73,Other,74,93,Full,1,11267.0,3
8643,771,M,PhD,73,Other,74,94,Full,1,11267.0,3
8644,771,M,PhD,73,Other,74,95,Full,1,11940.0,3
8645,772,M,PhD,83,Prof,86,86,Assist,0,3063.0,1
8646,772,M,PhD,83,Prof,86,87,Assist,0,3217.0,1
8647,772,M,PhD,83,Prof,86,88,Assist,0,3406.0,1
8648,772,M,PhD,83,Prof,86,89,Assist,0,3749.0,1
8649,772,M,PhD,83,Prof,86,90,Assist,0,3924.0,1
8650,772,M,PhD,83,Prof,86,91,Assist,0,4106.0,1
8651,772,M,PhD,83,Prof,86,92,Assist,0,4286.0,1
8652,772,M,PhD,83,Prof,86,93,Assoc,0,4538.0,2
8653,772,M,PhD,83,Prof,86,94,Assoc,0,4538.0,2
8654,772,M,PhD,83,Prof,86,95,Assoc,0,4737.0,2
8655,773,M,PhD,88,Prof,90,90,Assist,0,5698.0,1
8656,773,M,PhD,88,Prof,90,91,Assist,0,5794.0,1
8657,773,M,PhD,88,Prof,90,92,Assist,0,5962.0,1
8658,773,M,PhD,88,Prof,90,93,Assist,0,6135.0,1
8659,773,M,PhD,88,Prof,90,94,Assist,0,6135.0,1
8660,773,M,PhD,88,Prof,90,95,Assist,0,6313.0,1
8661,776,M,PhD,70,Arts,74,76,Assoc,0,1773.0,2
8662,776,M,PhD,70,Arts,74,77,Assoc,0,1980.0,2
8663,776,M,PhD,70,Arts,74,78,Assoc,0,2097.0,2
8664,776,M,PhD,70,Arts,74,79,Assoc,0,2570.149,2
8665,776,M,PhD,70,Arts,74,80,Assoc,0,2778.0,2
8666,776,M,PhD,70,Arts,74,81,Full,0,3092.0,3
8667,776,M,PhD,70,Arts,74,82,Full,0,3260.606,3
8668,776,M,PhD,70,Arts,74,83,Full,0,3406.0,3
8669,776,M,PhD,70,Arts,74,84,Full,0,3688.0,3
8670,776,M,PhD,70,Arts,74,85,Full,0,3688.0,3
8671,776,M,PhD,70,Arts,74,86,Full,0,4259.0,3
8672,776,M,PhD,70,Arts,74,87,Full,0,4473.0,3
8673,776,M,PhD,70,Arts,74,88,Full,0,4603.0,3
8674,776,M,PhD,70,Arts,74,89,Full,0,4925.0,3
8675,776,M,PhD,70,Arts,74,90,Full,0,5082.09,3
8676,776,M,PhD,70,Arts,74,91,Full,0,5242.0,3
8677,776,M,PhD,70,Arts,74,92,Full,0,5318.0,3
8678,776,M,PhD,70,Arts,74,93,Full,0,5318.0,3
8679,776,M,PhD,70,Arts,74,94,Full,0,5318.0,3
8680,776,M,PhD,70,Arts,74,95,Full,0,5318.0,3
8681,777,M,PhD,83,Other,88,88,Assist,0,5387.0,1
8682,777,M,PhD,83,Other,88,89,Assist,0,5387.0,1
8683,777,M,PhD,83,Other,88,90,Assoc,0,6033.0,2
8684,777,M,PhD,83,Other,88,91,Assoc,0,7078.0,2
8685,777,M,PhD,83,Other,88,92,Assoc,0,7712.0,2
8686,777,M,PhD,83,Other,88,93,Full,0,8402.0,3
8687,777,M,PhD,83,Other,88,94,Full,0,8402.0,3
8688,777,M,PhD,83,Other,88,95,Full,0,9135.0,3
8689,778,F,PhD,94,Arts,94,94,Assist,0,3939.0,1
8690,778,F,PhD,94,Arts,94,95,Assist,0,4053.0,1
8691,779,M,PhD,78,Prof,79,79,Assist,0,2079.0,1
8692,779,M,PhD,78,Prof,79,80,Assist,0,2247.0,1
8693,779,M,PhD,78,Prof,79,81,Assist,0,2667.0,1
8694,779,M,PhD,78,Prof,79,82,Assist,0,2879.0,1
8695,779,M,PhD,78,Prof,79,83,Assist,0,3658.0,1
8696,779,M,PhD,78,Prof,79,84,Assoc,0,3962.0,2
8697,779,M,PhD,78,Prof,79,85,Assoc,0,3962.0,2
8698,779,M,PhD,78,Prof,79,86,Assoc,0,4641.0,2
8699,779,M,PhD,78,Prof,79,87,Assoc,0,4874.0,2
8700,779,M,PhD,78,Prof,79,88,Assoc,0,5015.0,2
8701,779,M,PhD,78,Prof,79,89,Assoc,0,5522.0,2
8702,779,M,PhD,78,Prof,79,90,Full,0,6480.0,3
8703,779,M,PhD,78,Prof,79,91,Full,0,7602.0,3
8704,779,M,PhD,78,Prof,79,92,Full,0,7935.0,3
8705,779,M,PhD,78,Prof,79,93,Full,1,7494.0,3
8706,779,M,PhD,78,Prof,79,94,Full,1,7494.0,3
8707,779,M,PhD,78,Prof,79,95,Full,1,7823.0,3
8708,780,M,PhD,82,Other,92,92,Full,0,10867.0,3
8709,780,M,PhD,82,Other,92,93,Full,0,11343.0,3
8710,780,M,PhD,82,Other,92,94,Full,0,11343.0,3
8711,780,M,PhD,82,Other,92,95,Full,0,12000.0,3
8712,781,M,PhD,89,Arts,89,89,Assist,0,3348.0,1
8713,781,M,PhD,89,Arts,89,90,Assist,0,3406.0,1
8714,781,M,PhD,89,Arts,89,91,Assist,0,3564.0,1
8715,781,M,PhD,89,Arts,89,92,Assist,0,3883.0,1
8716,781,M,PhD,89,Arts,89,93,Assist,0,3996.0,1
8717,781,M,PhD,89,Arts,89,94,Assist,0,3996.0,1
8718,781,M,PhD,89,Arts,89,95,Assoc,0,4231.0,2
8719,782,M,PhD,74,Other,78,78,Assist,0,1778.0,1
8720,782,M,PhD,74,Other,78,79,Assist,0,1999.0,1
8721,782,M,PhD,74,Other,78,80,Assist,0,2179.0,1
8722,782,M,PhD,74,Other,78,81,Assist,0,2425.0,1
8723,782,M,PhD,74,Other,78,82,Assoc,0,2605.0,2
8724,782,M,PhD,74,Other,78,83,Assoc,0,2786.0,2
8725,782,M,PhD,74,Other,78,84,Assoc,0,3107.0,2
8726,782,M,PhD,74,Other,78,85,Assoc,0,3107.0,2
8727,782,M,PhD,74,Other,78,86,Assoc,0,3437.0,2
8728,782,M,PhD,74,Other,78,87,Full,0,3715.0,3
8729,782,M,PhD,74,Other,78,88,Full,0,4047.0,3
8730,782,M,PhD,74,Other,78,89,Full,0,4456.0,3
8731,782,M,PhD,74,Other,78,90,Full,0,4664.0,3
8732,782,M,PhD,74,Other,78,91,Full,0,5095.0,3
8733,782,M,PhD,74,Other,78,92,Full,0,5394.0,3
8734,782,M,PhD,74,Other,78,93,Full,0,5631.0,3
8735,782,M,PhD,74,Other,78,94,Full,0,5794.0,3
8736,782,M,PhD,74,Other,78,95,Full,0,6048.0,3
8737,783,M,PhD,80,Other,80,80,Assist,0,2214.0,1
8738,783,M,PhD,80,Other,80,81,Assist,0,2388.0,1
8739,783,M,PhD,80,Other,80,82,Assist,0,2388.0,1
8740,783,M,PhD,80,Other,80,83,Assist,0,2519.0,1
8741,783,M,PhD,80,Other,80,84,Assist,0,2690.0,1
8742,783,M,PhD,80,Other,80,85,Assist,0,2690.0,1
8743,783,M,PhD,80,Other,80,86,Assoc,0,2851.0,2
8744,783,M,PhD,80,Other,80,87,Assoc,0,2995.0,2
8745,783,M,PhD,80,Other,80,88,Assoc,0,3126.0,2
8746,783,M,PhD,80,Other,80,89,Assoc,0,3392.0,2
8747,783,M,PhD,80,Other,80,90,Assoc,0,3551.0,2
8748,783,M,PhD,80,Other,80,91,Assoc,0,3934.0,2
8749,783,M,PhD,80,Other,80,92,Full,0,4348.0,3
8750,783,M,PhD,80,Other,80,93,Full,0,4474.0,3
8751,783,M,PhD,80,Other,80,94,Full,0,4474.0,3
8752,783,M,PhD,80,Other,80,95,Full,0,6135.0,3
8753,784,F,PhD,83,Other,83,83,Assist,0,2555.0,1
8754,784,F,PhD,83,Other,83,84,Assist,0,2768.0,1
8755,784,F,PhD,83,Other,83,85,Assist,0,2768.0,1
8756,784,F,PhD,83,Other,83,86,Assist,0,3063.0,1
8757,784,F,PhD,83,Other,83,87,Assist,0,3217.0,1
8758,784,F,PhD,83,Other,83,88,Assoc,0,3606.0,2
8759,784,F,PhD,83,Other,83,89,Assoc,0,3970.149,2
8760,784,F,PhD,83,Other,83,90,Assoc,0,4215.0,2
8761,784,F,PhD,83,Other,83,91,Assoc,0,4348.0,2
8762,784,F,PhD,83,Other,83,92,Assoc,0,4538.0,2
8763,784,F,PhD,83,Other,83,93,Assoc,0,4670.0,2
8764,784,F,PhD,83,Other,83,94,Assoc,0,4670.0,2
8765,784,F,PhD,83,Other,83,95,Full,0,4945.0,3
8766,785,F,PhD,83,Prof,83,83,Assist,0,2787.0,1
8767,785,F,PhD,83,Prof,83,84,Assist,0,3020.0,1
8768,785,F,PhD,83,Prof,83,85,Assist,0,3020.0,1
8769,785,F,PhD,83,Prof,83,86,Assist,0,3487.0,1
8770,785,F,PhD,83,Prof,83,87,Assist,0,3662.0,1
8771,785,F,PhD,83,Prof,83,88,Assoc,0,3933.0,2
8772,785,F,PhD,83,Prof,83,89,Assoc,0,4393.0,2
8773,785,F,PhD,83,Prof,83,90,Assoc,0,4869.0,2
8774,785,F,PhD,83,Prof,83,91,Assoc,0,5242.0,2
8775,785,F,PhD,83,Prof,83,92,Assoc,0,5472.0,2
8776,785,F,PhD,83,Prof,83,93,Assoc,0,5631.0,2
8777,785,F,PhD,83,Prof,83,94,Assoc,0,5631.0,2
8778,785,F,PhD,83,Prof,83,95,Assoc,0,5878.0,2
8780,787,M,PhD,82,Other,90,90,Assist,0,3306.0,1
8781,787,M,PhD,82,Other,90,91,Assist,0,3410.0,1
8782,787,M,PhD,82,Other,90,92,Assist,0,3559.0,1
8783,787,M,PhD,82,Other,90,93,Assist,0,3715.0,1
8784,787,M,PhD,82,Other,90,94,Assist,0,3715.0,1
8785,787,M,PhD,82,Other,90,95,Assoc,0,5022.0,2
8786,788,M,PhD,68,Prof,68,76,Assoc,0,1875.0,2
8787,788,M,PhD,68,Prof,68,77,Assoc,0,2086.567,2
8788,788,M,PhD,68,Prof,68,78,Assoc,0,2216.0,2
8789,788,M,PhD,68,Prof,68,79,Assoc,0,2454.0,2
8790,788,M,PhD,68,Prof,68,80,Assoc,0,2642.0,2
8791,788,M,PhD,68,Prof,68,81,Full,0,3005.0,3
8792,788,M,PhD,68,Prof,68,82,Full,0,3137.0,3
8793,788,M,PhD,68,Prof,68,83,Full,0,3310.0,3
8794,788,M,PhD,68,Prof,68,84,Full,0,3636.0,3
8795,788,M,PhD,68,Prof,68,85,Full,0,3636.0,3
8796,788,M,PhD,68,Prof,68,86,Full,0,3745.0,3
8797,788,M,PhD,68,Prof,68,87,Full,0,3933.0,3
8798,788,M,PhD,68,Prof,68,88,Full,0,3990.0,3
8799,788,M,PhD,68,Prof,68,89,Full,0,4718.0,3
8800,788,M,PhD,68,Prof,68,90,Full,0,4869.0,3
8801,788,M,PhD,68,Prof,68,91,Full,0,5095.0,3
8802,788,M,PhD,68,Prof,68,92,Full,0,5242.0,3
8803,788,M,PhD,68,Prof,68,93,Full,0,5394.0,3
8804,788,M,PhD,68,Prof,68,94,Full,0,5394.0,3
8805,788,M,PhD,68,Prof,68,95,Full,0,5394.0,3
8806,789,M,PhD,72,Other,72,76,Assist,0,1563.0,1
8807,789,M,PhD,72,Other,72,77,Assist,0,1791.0,1
8808,789,M,PhD,72,Other,72,78,Assoc,0,1980.0,2
8809,789,M,PhD,72,Other,72,79,Assoc,0,2243.0,2
8810,789,M,PhD,72,Other,72,80,Assoc,0,2507.0,2
8811,789,M,PhD,72,Other,72,81,Assoc,0,3005.0,2
8812,789,M,PhD,72,Other,72,82,Assoc,0,3137.0,2
8813,789,M,PhD,72,Other,72,83,Full,0,3406.0,3
8814,789,M,PhD,72,Other,72,84,Full,0,3688.0,3
8815,789,M,PhD,72,Other,72,85,Full,0,3688.0,3
8816,789,M,PhD,72,Other,72,86,Full,0,4199.0,3
8817,789,M,PhD,72,Other,72,87,Full,0,4410.0,3
8818,789,M,PhD,72,Other,72,88,Full,0,4538.0,3
8819,789,M,PhD,72,Other,72,89,Full,0,4925.0,3
8820,789,M,PhD,72,Other,72,90,Full,0,5229.0,3
8821,789,M,PhD,72,Other,72,91,Full,0,7494.0,3
8822,789,M,PhD,72,Other,72,92,Full,0,7494.0,3
8823,789,M,PhD,72,Other,72,93,Full,0,7602.0,3
8824,789,M,PhD,72,Other,72,94,Full,0,7602.0,3
8825,789,M,PhD,72,Other,72,95,Full,0,7935.0,3
8826,790,M,PhD,91,Prof,92,92,Assist,0,5551.0,1
8827,790,M,PhD,91,Prof,92,93,Assist,0,5556.0,1
8828,790,M,PhD,91,Prof,92,94,Assist,0,5556.0,1
8829,790,M,PhD,91,Prof,92,95,Assist,0,5794.0,1
8831,794,F,PhD,64,Other,64,76,Assoc,0,1839.0,2
8832,794,F,PhD,64,Other,64,77,Assoc,0,2097.0,2
8833,794,F,PhD,64,Other,64,78,Assoc,0,2216.0,2
8834,794,F,PhD,64,Other,64,79,Assoc,0,2454.0,2
8835,794,F,PhD,64,Other,64,80,Assoc,0,2597.0,2
8836,794,F,PhD,64,Other,64,81,Full,0,3005.0,3
8837,794,F,PhD,64,Other,64,82,Full,0,3005.0,3
8838,794,F,PhD,64,Other,64,83,Full,0,3216.0,3
8839,794,F,PhD,64,Other,64,84,Full,0,3386.0,3
8840,794,F,PhD,64,Other,64,85,Full,0,3386.0,3
8841,794,F,PhD,64,Other,64,86,Full,0,4199.0,3
8842,794,F,PhD,64,Other,64,87,Full,0,4410.0,3
8843,794,F,PhD,64,Other,64,88,Full,0,4603.0,3
8844,794,F,PhD,64,Other,64,89,Full,0,4996.0,3
8845,794,F,PhD,64,Other,64,90,Full,0,5305.0,3
8846,794,F,PhD,64,Other,64,91,Full,0,5551.0,3
8847,794,F,PhD,64,Other,64,92,Full,0,5712.0,3
8848,794,F,PhD,64,Other,64,93,Full,0,5962.0,3
8849,794,F,PhD,64,Other,64,94,Full,0,5962.0,3
8850,794,F,PhD,64,Other,64,95,Full,0,6313.0,3
8851,795,M,PhD,71,Arts,76,76,Assist,0,1502.0,1
8852,795,M,PhD,71,Arts,76,77,Assist,0,1680.0,1
8853,795,M,PhD,71,Arts,76,79,Assoc,0,2039.0,2
8854,795,M,PhD,71,Arts,76,80,Assoc,0,2162.0,2
8855,795,M,PhD,71,Arts,76,81,Assoc,0,2346.269,2
8856,795,M,PhD,71,Arts,76,82,Assoc,0,2357.0,2
8857,795,M,PhD,71,Arts,76,83,Assoc,0,2558.0,2
8858,795,M,PhD,71,Arts,76,84,Assoc,0,2732.0,2
8859,795,M,PhD,71,Arts,76,85,Assoc,0,2732.0,2
8860,795,M,PhD,71,Arts,76,86,Assoc,0,2814.0,2
8861,795,M,PhD,71,Arts,76,87,Assoc,0,2955.0,2
8862,795,M,PhD,71,Arts,76,88,Assoc,0,3266.0,2
8863,795,M,PhD,71,Arts,76,89,Assoc,0,3596.0,2
8864,795,M,PhD,71,Arts,76,90,Assoc,0,3711.0,2
8865,795,M,PhD,71,Arts,76,91,Assoc,0,3828.0,2
8866,795,M,PhD,71,Arts,76,92,Assoc,0,3996.0,2
8867,795,M,PhD,71,Arts,76,93,Assoc,0,3996.0,2
8868,795,M,PhD,71,Arts,76,94,Assoc,0,3996.0,2
8869,795,M,PhD,71,Arts,76,95,Assoc,0,4231.0,2
8870,796,M,PhD,85,Other,86,86,Assist,0,3022.0,1
8871,796,M,PhD,85,Other,86,87,Assist,0,3174.0,1
8872,796,M,PhD,85,Other,86,88,Assist,0,3266.0,1
8873,796,M,PhD,85,Other,86,89,Assist,0,3545.0,1
8874,796,M,PhD,85,Other,86,90,Assist,0,3711.0,1
8875,796,M,PhD,85,Other,86,91,Assist,0,3883.0,1
8876,796,M,PhD,85,Other,86,92,Assoc,0,4171.0,2
8877,796,M,PhD,85,Other,86,93,Assoc,0,4292.0,2
8878,796,M,PhD,85,Other,86,94,Assoc,0,4292.0,2
8879,796,M,PhD,85,Other,86,95,Assoc,0,4743.0,2
8880,797,F,PhD,82,Other,91,91,Assoc,0,5712.0,2
8881,797,F,PhD,82,Other,91,92,Assoc,0,5712.0,2
8882,797,F,PhD,82,Other,91,93,Assoc,0,5962.0,2
8883,797,F,PhD,82,Other,91,94,Assoc,0,5962.0,2
8884,797,F,PhD,82,Other,91,95,Assoc,0,6313.0,2
8885,798,F,PhD,75,Other,76,76,Assist,0,1430.0,1
8886,798,F,PhD,75,Other,76,77,Assist,0,1569.0,1
8887,798,F,PhD,75,Other,76,78,Assist,0,1664.0,1
8888,798,F,PhD,75,Other,76,79,Assist,0,1881.0,1
8889,798,F,PhD,75,Other,76,80,Assist,0,2004.0,1
8890,798,F,PhD,75,Other,76,82,Assist,0,2223.0,1
8891,798,F,PhD,75,Other,76,83,Assoc,0,2668.0,2
8892,798,F,PhD,75,Other,76,84,Assoc,1,3016.0,2
8893,798,F,PhD,75,Other,76,85,Assoc,0,3016.0,2
8894,798,F,PhD,75,Other,76,86,Assoc,1,4194.0,2
8895,798,F,PhD,75,Other,76,87,Assoc,0,4405.0,2
8896,798,F,PhD,75,Other,76,88,Assoc,0,4533.0,2
8897,798,F,PhD,75,Other,76,89,Assoc,0,4711.94,2
8898,798,F,PhD,75,Other,76,90,Assoc,0,4794.0,2
8899,798,F,PhD,75,Other,76,91,Assoc,0,4945.0,2
8900,798,F,PhD,75,Other,76,92,Assoc,0,5088.0,2
8901,798,F,PhD,75,Other,76,93,Assoc,0,5162.0,2
8902,798,F,PhD,75,Other,76,94,Assoc,0,5162.0,2
8903,798,F,PhD,75,Other,76,95,Assoc,0,5236.0,2
8904,799,M,PhD,71,Other,71,76,Assist,0,1908.0,1
8905,799,M,PhD,71,Other,71,77,Assist,0,2097.0,1
8906,799,M,PhD,71,Other,71,78,Assist,0,2216.0,1
8907,799,M,PhD,71,Other,71,79,Assist,0,2411.0,1
8908,799,M,PhD,71,Other,71,80,Assist,0,2642.0,1
8909,799,M,PhD,71,Other,71,81,Assist,0,2838.0,1
8910,799,M,PhD,71,Other,71,82,Assist,0,2962.0,1
8911,799,M,PhD,71,Other,71,83,Assist,0,3125.0,1
8912,799,M,PhD,71,Other,71,84,Assist,0,3337.0,1
8913,799,M,PhD,71,Other,71,85,Assist,0,3337.0,1
8914,799,M,PhD,71,Other,71,86,Assist,0,3437.0,1
8915,799,M,PhD,71,Other,71,87,Assist,0,3610.0,1
8916,799,M,PhD,71,Other,71,88,Assist,0,3822.0,1
8917,799,M,PhD,71,Other,71,89,Assist,0,4149.0,1
8918,799,M,PhD,71,Other,71,90,Assist,0,4405.0,1
8919,799,M,PhD,71,Other,71,91,Assist,0,4743.0,1
8920,799,M,PhD,71,Other,71,92,Assist,0,4881.0,1
8921,799,M,PhD,71,Other,71,93,Assist,0,5022.0,1
8922,799,M,PhD,71,Other,71,94,Assist,0,5022.0,1
8923,799,M,PhD,71,Other,71,95,Assist,0,5193.0,1
8924,800,M,PhD,70,Other,78,78,Assoc,0,1980.0,2
8925,800,M,PhD,70,Other,78,79,Assoc,0,2161.0,2
8926,800,M,PhD,70,Other,78,80,Assoc,0,2290.0,2
8927,800,M,PhD,70,Other,78,81,Assoc,0,2496.0,2
8928,800,M,PhD,70,Other,78,82,Assoc,0,2496.0,2
8929,800,M,PhD,70,Other,78,83,Assoc,0,2633.0,2
8930,800,M,PhD,70,Other,78,84,Assoc,0,2694.0,2
8931,800,M,PhD,70,Other,78,85,Assoc,0,2694.0,2
8932,800,M,PhD,70,Other,78,86,Assoc,0,2774.0,2
8933,800,M,PhD,70,Other,78,87,Assoc,0,2913.0,2
8934,800,M,PhD,70,Other,78,88,Assoc,0,3266.0,2
8935,800,M,PhD,70,Other,78,89,Assoc,0,3596.0,2
8936,800,M,PhD,70,Other,78,90,Assoc,0,3658.0,2
8937,800,M,PhD,70,Other,78,91,Assoc,0,3883.0,2
8938,800,M,PhD,70,Other,78,92,Assoc,0,4053.0,2
8939,800,M,PhD,70,Other,78,93,Assoc,0,4112.0,2
8940,800,M,PhD,70,Other,78,94,Assoc,0,4112.0,2
8941,800,M,PhD,70,Other,78,95,Assoc,0,4171.0,2
8942,801,M,PhD,89,Prof,91,91,Assist,0,5333.0,1
8943,801,M,PhD,89,Prof,91,92,Assist,0,5394.0,1
8944,801,M,PhD,89,Prof,91,93,Assist,0,5631.0,1
8945,801,M,PhD,89,Prof,91,94,Assist,0,5631.0,1
8946,801,M,PhD,89,Prof,91,95,Assist,0,5878.0,1
8947,802,F,PhD,93,Other,94,94,Assist,0,3991.0,1
8948,802,F,PhD,93,Other,94,95,Assist,0,4106.0,1
8950,804,M,PhD,81,Other,81,81,Assist,0,2719.0,1
8951,804,M,PhD,81,Other,81,82,Assist,0,3275.0,1
8952,804,M,PhD,81,Other,81,83,Assist,0,3710.0,1
8953,804,M,PhD,81,Other,81,84,Assist,0,4077.0,1
8954,804,M,PhD,81,Other,81,85,Assist,0,4077.0,1
8955,804,M,PhD,81,Other,81,86,Assist,0,5129.0,1
8956,804,M,PhD,81,Other,81,87,Assoc,0,5543.0,2
8957,804,M,PhD,81,Other,81,88,Assoc,0,5869.0,2
8958,804,M,PhD,81,Other,81,89,Assoc,0,6649.0,2
8959,804,M,PhD,81,Other,81,90,Assoc,0,7162.0,2
8960,804,M,PhD,81,Other,81,91,Assoc,0,7823.0,2
8961,804,M,PhD,81,Other,81,92,Assoc,0,8049.0,2
8962,804,M,PhD,81,Other,81,93,Assoc,0,8165.0,2
8963,804,M,PhD,81,Other,81,94,Assoc,0,8165.0,2
8964,804,M,PhD,81,Other,81,95,Assoc,0,8526.0,2
8965,805,M,PhD,84,Prof,84,84,Assist,0,3636.0,1
8966,805,M,PhD,84,Prof,84,85,Assist,0,3636.0,1
8967,805,M,PhD,84,Prof,84,86,Assist,0,4139.0,1
8968,805,M,PhD,84,Prof,84,87,Assist,0,4347.0,1
8969,805,M,PhD,84,Prof,84,88,Assist,0,4538.0,1
8970,805,M,PhD,84,Prof,84,89,Assist,0,4855.0,1
8971,805,M,PhD,84,Prof,84,90,Assoc,0,5305.0,2
8972,805,M,PhD,84,Prof,84,91,Assoc,0,5794.0,2
8973,805,M,PhD,84,Prof,84,92,Assoc,0,6048.0,2
8974,805,M,PhD,84,Prof,84,93,Assoc,0,6223.0,2
8975,805,M,PhD,84,Prof,84,94,Assoc,0,6223.0,2
8976,805,M,PhD,84,Prof,84,95,Assoc,0,6223.0,2
8977,807,M,PhD,71,Prof,76,76,Assist,0,2000.0,1
8978,807,M,PhD,71,Prof,76,77,Assist,0,2240.0,1
8979,807,M,PhD,71,Prof,76,78,Assist,0,2352.0,1
8980,807,M,PhD,71,Prof,76,79,Assist,0,2608.0,1
8981,807,M,PhD,71,Prof,76,80,Assoc,0,2841.0,2
8982,807,M,PhD,71,Prof,76,81,Assoc,0,3132.0,2
8983,807,M,PhD,71,Prof,76,82,Assoc,0,3271.0,2
8984,807,M,PhD,71,Prof,76,83,Assoc,0,3985.0,2
8985,807,M,PhD,71,Prof,76,84,Assoc,0,4317.0,2
8986,807,M,PhD,71,Prof,76,85,Assoc,0,4317.0,2
8987,807,M,PhD,71,Prof,76,86,Assoc,1,4914.0,2
8988,807,M,PhD,71,Prof,76,87,Full,1,5617.0,3
8989,807,M,PhD,71,Prof,76,88,Full,1,5617.0,3
8990,807,M,PhD,71,Prof,76,89,Full,1,6095.0,3
8991,807,M,PhD,71,Prof,76,90,Full,1,6380.0,3
8992,807,M,PhD,71,Prof,76,91,Full,1,6772.0,3
8993,807,M,PhD,71,Prof,76,92,Full,1,7388.0,3
8994,807,M,PhD,71,Prof,76,93,Full,1,7607.0,3
8995,807,M,PhD,71,Prof,76,94,Full,1,8000.0,3
8996,807,M,PhD,71,Prof,76,95,Full,1,8920.0,3
8997,808,M,PhD,73,Other,83,83,Assoc,0,3258.0,2
8998,808,M,PhD,73,Other,83,84,Assoc,0,3381.0,2
8999,808,M,PhD,73,Other,83,85,Assoc,0,3381.0,2
9000,808,M,PhD,73,Other,83,86,Assoc,0,3688.0,2
9001,808,M,PhD,73,Other,83,87,Assoc,0,3873.0,2
9002,808,M,PhD,73,Other,83,88,Assoc,0,3986.0,2
9003,808,M,PhD,73,Other,83,89,Assoc,0,4264.0,2
9004,808,M,PhD,73,Other,83,90,Full,0,4658.0,3
9005,808,M,PhD,73,Other,83,91,Full,0,4875.0,3
9006,808,M,PhD,73,Other,83,92,Full,0,5016.0,3
9007,808,M,PhD,73,Other,83,93,Full,0,5162.0,3
9008,808,M,PhD,73,Other,83,94,Full,0,5162.0,3
9009,808,M,PhD,73,Other,83,95,Full,0,6624.0,3
9010,809,F,PhD,86,Arts,90,90,Assist,0,3555.0,1
9011,809,F,PhD,86,Arts,90,91,Assist,0,3615.0,1
9012,809,F,PhD,86,Arts,90,92,Assist,0,3883.0,1
9013,809,F,PhD,86,Arts,90,93,Assist,0,3996.0,1
9014,809,F,PhD,86,Arts,90,94,Assist,0,3996.0,1
9015,809,F,PhD,86,Arts,90,95,Assist,0,4231.0,1
9016,810,M,PhD,75,Other,75,76,Assist,0,1532.0,1
9017,810,M,PhD,75,Other,75,77,Assist,0,1717.0,1
9018,810,M,PhD,75,Other,75,78,Assist,0,1828.0,1
9019,810,M,PhD,75,Other,75,79,Assist,0,2039.0,1
9020,810,M,PhD,75,Other,75,80,Assist,0,2162.0,1
9021,810,M,PhD,75,Other,75,81,Assoc,0,2532.0,2
9022,810,M,PhD,75,Other,75,82,Assoc,0,2680.0,2
9023,810,M,PhD,75,Other,75,83,Assoc,0,2910.0,2
9024,810,M,PhD,75,Other,75,84,Assoc,1,3107.0,2
9025,810,M,PhD,75,Other,75,85,Assoc,0,3107.0,2
9026,810,M,PhD,75,Other,75,86,Assoc,0,3437.0,2
9027,810,M,PhD,75,Other,75,87,Assoc,0,3610.0,2
9028,810,M,PhD,75,Other,75,88,Assoc,0,3715.0,2
9029,810,M,PhD,75,Other,75,89,Assoc,0,3918.0,2
9030,810,M,PhD,75,Other,75,90,Assoc,0,4101.0,2
9031,810,M,PhD,75,Other,75,91,Assoc,0,4544.0,2
9032,810,M,PhD,75,Other,75,92,Full,0,4881.0,3
9033,810,M,PhD,75,Other,75,93,Full,0,5022.0,3
9034,810,M,PhD,75,Other,75,94,Full,0,5022.0,3
9035,810,M,PhD,75,Other,75,95,Full,1,5794.0,3
9036,811,M,PhD,73,Other,75,76,Assist,0,1412.0,1
9037,811,M,PhD,73,Other,75,77,Assist,0,1501.0,1
9038,811,M,PhD,73,Other,75,78,Assist,0,1717.0,1
9039,811,M,PhD,73,Other,75,79,Assist,0,1999.0,1
9040,811,M,PhD,73,Other,75,80,Assist,0,2247.0,1
9041,811,M,PhD,73,Other,75,81,Assoc,0,2567.0,2
9042,811,M,PhD,73,Other,75,82,Assoc,0,2719.0,2
9043,811,M,PhD,73,Other,75,83,Assoc,0,3036.0,2
9044,811,M,PhD,73,Other,75,84,Assoc,0,3386.0,2
9045,811,M,PhD,73,Other,75,85,Assoc,0,3386.0,2
9046,811,M,PhD,73,Other,75,86,Assoc,0,3909.0,2
9047,811,M,PhD,73,Other,75,87,Assoc,0,4105.0,2
9048,811,M,PhD,73,Other,75,88,Assoc,0,4225.0,2
9049,811,M,PhD,73,Other,75,89,Full,0,4585.0,3
9050,811,M,PhD,73,Other,75,90,Full,0,4664.0,3
9051,811,M,PhD,73,Other,75,91,Full,0,5095.0,3
9052,811,M,PhD,73,Other,75,92,Full,0,5394.0,3
9053,811,M,PhD,73,Other,75,93,Full,0,5472.0,3
9054,811,M,PhD,73,Other,75,94,Full,0,5472.0,3
9055,811,M,PhD,73,Other,75,95,Full,0,5551.0,3
9056,812,M,PhD,86,Other,89,89,Assist,0,3918.0,1
9057,812,M,PhD,86,Other,89,90,Assist,0,3986.0,1
9058,812,M,PhD,86,Other,89,91,Assist,0,4112.0,1
9059,812,M,PhD,86,Other,89,92,Assist,0,4231.0,1
9060,812,M,PhD,86,Other,89,93,Assist,0,4353.0,1
9061,812,M,PhD,86,Other,89,94,Assoc,0,4480.0,2
9062,812,M,PhD,86,Other,89,95,Assoc,0,4610.0,2
9063,813,M,PhD,86,Other,86,86,Assist,0,3110.0,1
9064,813,M,PhD,86,Other,86,87,Assist,0,3266.0,1
9065,813,M,PhD,86,Other,86,88,Assist,0,3361.0,1
9066,813,M,PhD,86,Other,86,89,Assist,0,3596.0,1
9067,813,M,PhD,86,Other,86,90,Assist,0,3818.0,1
9068,813,M,PhD,86,Other,86,91,Assist,0,4112.0,1
9069,813,M,PhD,86,Other,86,92,Assoc,0,4416.0,2
9070,813,M,PhD,86,Other,86,93,Assoc,0,4544.0,2
9071,813,M,PhD,86,Other,86,94,Assoc,0,4544.0,2
9072,813,M,PhD,86,Other,86,95,Assoc,0,4881.0,2
9073,815,F,PhD,60,Other,61,76,Full,0,2726.0,3
9074,815,F,PhD,60,Other,61,77,Full,0,3066.0,3
9075,815,F,PhD,60,Other,61,78,Full,0,3202.0,3
9076,815,F,PhD,60,Other,61,79,Full,0,3556.0,3
9077,815,F,PhD,60,Other,61,80,Full,0,3801.0,3
9078,815,F,PhD,60,Other,61,81,Full,0,4235.0,3
9079,815,F,PhD,60,Other,61,82,Full,0,4485.0,3
9080,815,F,PhD,60,Other,61,83,Full,0,4732.0,3
9081,815,F,PhD,60,Other,61,84,Full,0,5125.0,3
9082,815,F,PhD,60,Other,61,85,Full,0,5125.0,3
9083,815,F,PhD,60,Other,61,86,Full,0,5278.0,3
9084,815,F,PhD,60,Other,61,87,Full,0,5543.0,3
9085,815,F,PhD,60,Other,61,88,Full,0,5703.0,3
9086,815,F,PhD,60,Other,61,89,Full,0,6103.0,3
9087,815,F,PhD,60,Other,61,90,Full,0,6297.0,3
9088,815,F,PhD,60,Other,61,91,Full,0,8049.0,3
9089,815,F,PhD,60,Other,61,92,Full,0,8049.0,3
9090,815,F,PhD,60,Other,61,93,Full,0,8283.0,3
9091,815,F,PhD,60,Other,61,94,Full,0,8283.0,3
9092,815,F,PhD,60,Other,61,95,Full,0,8523.0,3
9093,816,M,PhD,79,Other,88,88,Assist,0,3455.0,1
9094,816,M,PhD,79,Other,88,89,Assist,0,3592.0,1
9095,816,M,PhD,79,Other,88,90,Assist,0,3814.0,1
9096,816,M,PhD,79,Other,88,91,Assoc,0,4286.0,2
9097,816,M,PhD,79,Other,88,92,Assoc,0,4411.0,2
9098,816,M,PhD,79,Other,88,93,Assoc,0,4538.0,2
9099,816,M,PhD,79,Other,88,94,Assoc,0,4538.0,2
9100,816,M,PhD,79,Other,88,95,Assoc,0,4670.0,2
9101,817,M,PhD,64,Prof,64,76,Full,0,2482.0,3
9102,817,M,PhD,64,Prof,64,77,Full,1,2800.0,3
9103,817,M,PhD,64,Prof,64,78,Full,1,2976.0,3
9104,817,M,PhD,64,Prof,64,79,Full,1,3507.0,3
9105,817,M,PhD,64,Prof,64,80,Full,1,3801.0,3
9106,817,M,PhD,64,Prof,64,81,Full,0,4421.0,3
9107,817,M,PhD,64,Prof,64,82,Full,0,4817.0,3
9108,817,M,PhD,64,Prof,64,83,Full,0,5155.0,3
9109,817,M,PhD,64,Prof,64,84,Full,0,5585.0,3
9110,817,M,PhD,64,Prof,64,85,Full,0,5585.0,3
9111,817,M,PhD,64,Prof,64,86,Full,0,6925.0,3
9112,817,M,PhD,64,Prof,64,87,Full,0,7272.0,3
9113,817,M,PhD,64,Prof,64,88,Full,0,7483.0,3
9114,817,M,PhD,64,Prof,64,89,Full,0,8007.0,3
9115,817,M,PhD,64,Prof,64,90,Full,0,9396.0,3
9116,817,M,PhD,64,Prof,64,91,Full,0,9833.0,3
9117,817,M,PhD,64,Prof,64,92,Full,0,10263.0,3
9118,817,M,PhD,64,Prof,64,93,Full,0,10561.0,3
9119,817,M,PhD,64,Prof,64,94,Full,0,10561.0,3
9120,817,M,PhD,64,Prof,64,95,Full,0,11182.0,3
9121,818,M,PhD,70,Prof,88,88,Full,0,6675.0,3
9122,818,M,PhD,70,Prof,88,89,Full,0,7244.0,3
9123,818,M,PhD,70,Prof,88,90,Full,0,8381.0,3
9124,818,M,PhD,70,Prof,88,91,Full,0,9025.0,3
9125,818,M,PhD,70,Prof,88,92,Full,0,9420.0,3
9126,818,M,PhD,70,Prof,88,93,Full,0,9833.0,3
9127,818,M,PhD,70,Prof,88,94,Full,0,9833.0,3
9128,818,M,PhD,70,Prof,88,95,Full,0,10118.0,3
9129,819,F,PhD,69,Arts,80,80,Assist,0,2000.0,1
9130,819,F,PhD,69,Arts,80,81,Assist,0,2194.0,1
9131,819,F,PhD,69,Arts,80,82,Assist,0,2323.0,1
9132,819,F,PhD,69,Arts,80,83,Assist,0,2451.0,1
9133,819,F,PhD,69,Arts,80,84,Assist,0,2581.0,1
9134,819,F,PhD,69,Arts,80,85,Assist,0,2581.0,1
9135,819,F,PhD,69,Arts,80,86,Assist,0,2658.0,1
9136,819,F,PhD,69,Arts,80,87,Assoc,0,2872.0,2
9137,819,F,PhD,69,Arts,80,88,Assoc,0,3266.0,2
9138,819,F,PhD,69,Arts,80,89,Assoc,0,3754.0,2
9139,819,F,PhD,69,Arts,80,90,Assoc,0,3929.0,2
9140,819,F,PhD,69,Arts,80,91,Assoc,0,4231.0,2
9141,819,F,PhD,69,Arts,80,92,Assoc,1,4353.0,2
9142,819,F,PhD,69,Arts,80,93,Assoc,1,4480.0,2
9143,819,F,PhD,69,Arts,80,94,Assoc,0,4480.0,2
9144,819,F,PhD,69,Arts,80,95,Assoc,0,4676.0,2
9145,820,M,PhD,71,Other,71,76,Assoc,0,2289.0,2
9146,820,M,PhD,71,Other,71,77,Assoc,0,2583.0,2
9147,820,M,PhD,71,Other,71,78,Assoc,1,2510.0,2
9148,820,M,PhD,71,Other,71,79,Assoc,1,2912.0,2
9149,820,M,PhD,71,Other,71,80,Full,1,3240.0,3
9150,820,M,PhD,71,Other,71,81,Full,1,3826.0,3
9151,820,M,PhD,71,Other,71,82,Full,0,5381.0,3
9152,820,M,PhD,71,Other,71,83,Full,0,6158.0,3
9153,820,M,PhD,71,Other,71,84,Full,0,7141.0,3
9154,820,M,PhD,71,Other,71,85,Full,0,7141.0,3
9155,820,M,PhD,71,Other,71,86,Full,0,8564.0,3
9156,820,M,PhD,71,Other,71,87,Full,0,8953.0,3
9157,820,M,PhD,71,Other,71,88,Full,1,9111.0,3
9158,820,M,PhD,71,Other,71,89,Full,0,9370.0,3
9159,820,M,PhD,71,Other,71,90,Full,0,9949.0,3
9160,820,M,PhD,71,Other,71,91,Full,0,11413.0,3
9161,820,M,PhD,71,Other,71,92,Full,1,12007.0,3
9162,820,M,PhD,71,Other,71,93,Full,1,12318.0,3
9163,820,M,PhD,71,Other,71,94,Full,1,12318.0,3
9164,820,M,PhD,71,Other,71,95,Full,0,12503.0,3
9165,821,M,PhD,76,Other,84,84,Full,0,4566.0,3
9166,821,M,PhD,76,Other,84,85,Full,0,4566.0,3
9167,821,M,PhD,76,Other,84,86,Full,0,5050.0,3
9168,821,M,PhD,76,Other,84,87,Full,0,5305.0,3
9169,821,M,PhD,76,Other,84,88,Full,0,5537.0,3
9170,821,M,PhD,76,Other,84,89,Full,0,6736.0,3
9171,821,M,PhD,76,Other,84,90,Full,1,7574.0,3
9172,821,M,PhD,76,Other,84,91,Full,0,7702.0,3
9173,821,M,PhD,76,Other,84,92,Full,0,8272.0,3
9174,821,M,PhD,76,Other,84,93,Full,1,9408.0,3
9175,821,M,PhD,76,Other,84,94,Full,1,9408.0,3
9176,821,M,PhD,76,Other,84,95,Full,1,9820.0,3
9177,822,M,PhD,66,Other,91,91,Full,1,6772.0,3
9178,822,M,PhD,66,Other,91,92,Full,1,7036.0,3
9179,822,M,PhD,66,Other,91,93,Full,1,7274.0,3
9180,822,M,PhD,66,Other,91,94,Full,1,7274.0,3
9181,822,M,PhD,66,Other,91,95,Full,1,7485.0,3
9182,823,F,PhD,71,Other,70,76,Assist,0,1652.0,1
9183,823,F,PhD,71,Other,70,77,Assoc,0,1980.0,2
9184,823,F,PhD,71,Other,70,79,Assoc,0,2369.0,2
9185,823,F,PhD,71,Other,70,80,Assoc,0,2552.0,2
9186,823,F,PhD,71,Other,70,81,Assoc,0,2838.0,2
9187,823,F,PhD,71,Other,70,82,Assoc,0,2920.0,2
9188,823,F,PhD,71,Other,70,83,Assoc,0,3081.0,2
9189,823,F,PhD,71,Other,70,84,Assoc,0,3290.0,2
9190,823,F,PhD,71,Other,70,85,Assoc,0,3290.0,2
9191,823,F,PhD,71,Other,70,86,Full,0,3839.394,3
9192,823,F,PhD,71,Other,70,87,Full,0,3990.0,3
9193,823,F,PhD,71,Other,70,88,Full,0,4105.0,3
9194,823,F,PhD,71,Other,70,89,Full,0,4393.0,3
9195,823,F,PhD,71,Other,70,90,Full,0,4598.0,3
9196,823,F,PhD,71,Other,70,91,Full,0,5095.0,3
9197,823,F,PhD,71,Other,70,92,Full,0,5242.0,3
9198,823,F,PhD,71,Other,70,93,Full,0,5394.0,3
9199,823,F,PhD,71,Other,70,94,Full,0,5394.0,3
9200,823,F,PhD,71,Other,70,95,Full,1,6135.0,3
9201,824,M,PhD,67,Other,68,76,Full,0,2240.0,3
9202,824,M,PhD,67,Other,68,77,Full,0,3092.308,3
9203,824,M,PhD,67,Other,68,78,Full,0,3387.0,3
9204,824,M,PhD,67,Other,68,79,Full,0,3755.0,3
9205,824,M,PhD,67,Other,68,80,Full,0,4009.0,3
9206,824,M,PhD,67,Other,68,81,Full,0,4421.0,3
9207,824,M,PhD,67,Other,68,82,Full,0,4543.0,3
9208,824,M,PhD,67,Other,68,83,Full,0,4798.0,3
9209,824,M,PhD,67,Other,68,84,Full,0,5052.0,3
9210,824,M,PhD,67,Other,68,85,Full,1,5052.0,3
9211,824,M,PhD,67,Other,68,86,Full,1,5588.0,3
9212,824,M,PhD,67,Other,68,87,Full,1,5869.0,3
9213,824,M,PhD,67,Other,68,88,Full,0,5953.0,3
9214,824,M,PhD,67,Other,68,89,Full,0,6280.0,3
9215,824,M,PhD,67,Other,68,90,Full,0,6573.0,3
9216,824,M,PhD,67,Other,68,91,Full,0,6781.0,3
9217,824,M,PhD,67,Other,68,92,Full,0,6977.0,3
9218,824,M,PhD,67,Other,68,93,Full,0,7078.0,3
9219,824,M,PhD,67,Other,68,94,Full,0,7078.0,3
9220,824,M,PhD,67,Other,68,95,Full,0,7180.0,3
9221,825,M,PhD,73,Other,76,76,Assist,0,1910.0,1
9222,825,M,PhD,73,Other,76,78,Assist,0,2019.0,1
9223,825,M,PhD,73,Other,76,79,Assoc,0,2285.0,2
9224,825,M,PhD,73,Other,76,80,Assoc,0,2420.0,2
9225,825,M,PhD,73,Other,76,81,Assoc,0,2680.0,2
9226,825,M,PhD,73,Other,76,82,Assoc,0,2838.0,2
9227,825,M,PhD,73,Other,76,83,Assoc,0,3037.0,2
9228,825,M,PhD,73,Other,76,84,Assoc,0,3290.0,2
9229,825,M,PhD,73,Other,76,85,Assoc,0,3273.134,2
9230,825,M,PhD,73,Other,76,86,Assoc,0,3389.0,2
9231,825,M,PhD,73,Other,76,87,Assoc,0,3559.0,2
9232,825,M,PhD,73,Other,76,88,Assoc,0,3610.0,2
9233,825,M,PhD,73,Other,76,89,Assoc,0,3863.0,2
9234,825,M,PhD,73,Other,76,90,Assoc,0,4043.0,2
9235,825,M,PhD,73,Other,76,91,Assoc,0,4231.0,2
9236,825,M,PhD,73,Other,76,92,Assoc,0,4610.0,2
9237,825,M,PhD,73,Other,76,93,Assoc,0,4743.0,2
9238,825,M,PhD,73,Other,76,94,Assoc,0,4743.0,2
9239,825,M,PhD,73,Other,76,95,Full,0,5022.0,3
9240,826,M,PhD,69,Prof,92,92,Full,0,8523.0,3
9241,826,M,PhD,69,Prof,92,93,Full,1,9025.0,3
9242,826,M,PhD,69,Prof,92,94,Full,1,9025.0,3
9243,826,M,PhD,69,Prof,92,95,Full,1,9286.0,3
9244,827,M,PhD,78,Other,89,89,Assoc,1,6250.0,2
9245,827,M,PhD,78,Other,89,90,Assoc,1,6540.0,2
9246,827,M,PhD,78,Other,89,91,Assoc,1,6878.0,2
9247,827,M,PhD,78,Other,89,92,Assoc,1,7078.0,2
9248,827,M,PhD,78,Other,89,93,Assoc,1,7283.0,2
9249,827,M,PhD,78,Other,89,94,Assoc,1,7283.0,2
9250,827,M,PhD,78,Other,89,95,Assoc,1,7494.0,2
9251,828,M,PhD,69,Other,76,76,Assist,0,2000.0,1
9252,828,M,PhD,69,Other,76,78,Assist,0,2097.0,1
9253,828,M,PhD,69,Other,76,79,Assoc,0,2369.0,2
9254,828,M,PhD,69,Other,76,80,Assoc,0,2597.0,2
9255,828,M,PhD,69,Other,76,81,Assoc,0,2962.0,2
9256,828,M,PhD,69,Other,76,82,Assoc,0,3048.0,2
9257,828,M,PhD,69,Other,76,83,Assoc,0,3262.0,2
9258,828,M,PhD,69,Other,76,84,Assoc,0,3434.0,2
9259,828,M,PhD,69,Other,76,85,Full,0,3534.0,3
9260,828,M,PhD,69,Other,76,86,Full,0,4139.0,3
9261,828,M,PhD,69,Other,76,87,Full,0,4347.0,3
9262,828,M,PhD,69,Other,76,88,Full,0,4538.0,3
9263,828,M,PhD,69,Other,76,89,Full,0,4925.0,3
9264,828,M,PhD,69,Other,76,90,Full,0,5229.0,3
9265,828,M,PhD,69,Other,76,91,Full,0,5631.0,3
9266,828,M,PhD,69,Other,76,92,Full,0,5794.0,3
9267,828,M,PhD,69,Other,76,93,Full,0,5962.0,3
9268,828,M,PhD,69,Other,76,94,Full,0,5962.0,3
9269,828,M,PhD,69,Other,76,95,Full,0,6313.0,3
9270,829,M,PhD,79,Arts,81,81,Assist,0,1721.0,1
9271,829,M,PhD,79,Arts,81,83,Assist,0,2035.0,1
9272,829,M,PhD,79,Arts,81,84,Assist,0,2301.0,1
9273,829,M,PhD,79,Arts,81,85,Assist,0,2301.0,1
9274,829,M,PhD,79,Arts,81,86,Assist,0,3155.0,1
9275,829,M,PhD,79,Arts,81,87,Assoc,0,3313.0,2
9276,829,M,PhD,79,Arts,81,88,Assoc,0,3409.0,2
9277,829,M,PhD,79,Arts,81,89,Assoc,0,3754.0,2
9278,829,M,PhD,79,Arts,81,90,Assoc,0,3818.0,2
9279,829,M,PhD,79,Arts,81,91,Assoc,0,4231.0,2
9280,829,M,PhD,79,Arts,81,92,Assoc,0,4292.0,2
9281,829,M,PhD,79,Arts,81,93,Assoc,0,4292.0,2
9282,829,M,PhD,79,Arts,81,94,Assoc,0,4292.0,2
9283,829,M,PhD,79,Arts,81,95,Assoc,0,4416.0,2
9284,830,F,PhD,73,Other,76,76,Assist,0,1760.606,1
9285,830,F,PhD,73,Other,76,77,Assist,0,1743.0,1
9286,830,F,PhD,73,Other,76,78,Assist,0,1942.0,1
9287,830,F,PhD,73,Other,76,79,Assoc,0,2202.0,2
9288,830,F,PhD,73,Other,76,80,Assoc,0,2464.0,2
9289,830,F,PhD,73,Other,76,81,Assoc,0,2879.0,2
9290,830,F,PhD,73,Other,76,82,Full,0,3182.0,3
9291,830,F,PhD,73,Other,76,83,Full,0,3455.0,3
9292,830,F,PhD,73,Other,76,84,Full,0,4505.0,3
9293,830,F,PhD,73,Other,76,85,Full,0,4505.0,3
9294,830,F,PhD,73,Other,76,86,Full,0,5129.0,3
9295,830,F,PhD,73,Other,76,87,Full,0,5387.0,3
9296,830,F,PhD,73,Other,76,88,Full,0,7067.0,3
9297,830,F,PhD,73,Other,76,89,Full,0,7142.0,3
9298,830,F,PhD,73,Other,76,90,Full,0,7475.0,3
9299,830,F,PhD,73,Other,76,91,Full,0,7935.0,3
9300,830,F,PhD,73,Other,76,92,Full,0,8165.0,3
9301,830,F,PhD,73,Other,76,93,Full,0,8646.0,3
9302,830,F,PhD,73,Other,76,94,Full,1,9974.0,3
9303,830,F,PhD,73,Other,76,95,Full,1,10411.0,3
9304,831,M,PhD,73,Arts,73,76,Assist,0,1472.308,1
9305,831,M,PhD,73,Arts,73,77,Assist,0,1616.667,1
9306,831,M,PhD,73,Arts,73,79,Assist,0,1803.0,1
9307,831,M,PhD,73,Arts,73,80,Assoc,0,2068.657,2
9308,831,M,PhD,73,Arts,73,81,Assoc,0,2323.0,2
9309,831,M,PhD,73,Arts,73,82,Assoc,0,2391.0,2
9310,831,M,PhD,73,Arts,73,83,Assoc,0,2595.0,2
9311,831,M,PhD,73,Arts,73,84,Assoc,0,2851.0,2
9312,831,M,PhD,73,Arts,73,85,Assoc,0,2851.0,2
9313,831,M,PhD,73,Arts,73,86,Assoc,0,3110.0,2
9314,831,M,PhD,73,Arts,73,87,Assoc,0,3266.0,2
9315,831,M,PhD,73,Arts,73,88,Assoc,0,3361.0,2
9316,831,M,PhD,73,Arts,73,89,Assoc,0,3754.0,2
9317,831,M,PhD,73,Arts,73,90,Assoc,0,3929.0,2
9318,831,M,PhD,73,Arts,73,91,Assoc,0,4231.0,2
9319,831,M,PhD,73,Arts,73,92,Assoc,0,4416.0,2
9320,831,M,PhD,73,Arts,73,93,Assoc,0,4480.0,2
9321,831,M,PhD,73,Arts,73,94,Assoc,0,4480.0,2
9322,831,M,PhD,73,Arts,73,95,Assoc,1,4935.0,2
9323,832,F,PhD,79,Other,80,80,Assist,0,2309.0,1
9324,832,F,PhD,79,Other,80,81,Assist,0,2602.0,1
9325,832,F,PhD,79,Other,80,82,Assist,0,2715.0,1
9326,832,F,PhD,79,Other,80,83,Assist,0,2865.0,1
9327,832,F,PhD,79,Other,80,84,Assist,0,3105.0,1
9328,832,F,PhD,79,Other,80,85,Assist,0,3103.333,1
9329,832,F,PhD,79,Other,80,86,Assist,0,3688.0,1
9330,832,F,PhD,79,Other,80,87,Assist,0,3873.333,1
9331,832,F,PhD,79,Other,80,88,Assoc,0,4042.5,2
9332,832,F,PhD,79,Other,80,89,Assoc,0,4515.294,2
9333,832,F,PhD,79,Other,80,90,Assoc,0,4862.667,2
9334,832,F,PhD,79,Other,80,91,Assoc,0,5162.667,2
9335,832,F,PhD,79,Other,80,92,Assoc,0,5311.0,2
9336,832,F,PhD,79,Other,80,93,Assoc,0,5464.789,2
9337,832,F,PhD,79,Other,80,94,Assoc,0,5465.0,2
9338,832,F,PhD,79,Other,80,95,Assoc,0,5705.0,2
9339,833,F,PhD,86,Arts,90,90,Assist,0,3259.0,1
9340,833,F,PhD,86,Arts,90,91,Assist,0,3314.0,1
9341,833,F,PhD,86,Arts,90,92,Assist,0,3362.0,1
9342,833,F,PhD,86,Arts,90,93,Assist,0,3559.0,1
9343,833,F,PhD,86,Arts,90,94,Assist,0,3559.0,1
9344,833,F,PhD,86,Arts,90,95,Assoc,0,3978.0,2
9345,834,M,PhD,48,Other,77,77,Full,1,5006.0,3
9346,834,M,PhD,48,Other,77,83,Full,1,7051.0,3
9347,834,M,PhD,48,Other,77,84,Full,0,7213.0,3
9348,834,M,PhD,48,Other,77,85,Full,0,7213.0,3
9349,834,M,PhD,48,Other,77,86,Full,0,7866.0,3
9350,834,M,PhD,48,Other,77,87,Full,0,8262.0,3
9351,834,M,PhD,48,Other,77,88,Full,0,8502.0,3
9352,834,M,PhD,48,Other,77,89,Full,0,9095.0,3
9353,834,M,PhD,48,Other,77,90,Full,0,9520.0,3
9354,834,M,PhD,48,Other,77,91,Full,0,9962.0,3
9355,834,M,PhD,48,Other,77,92,Full,0,10251.0,3
9356,834,M,PhD,48,Other,77,93,Full,0,10398.0,3
9357,834,M,PhD,48,Other,77,94,Full,0,10398.0,3
9358,834,M,PhD,48,Other,77,95,Full,0,10700.0,3
9359,835,M,PhD,71,Prof,80,80,Assoc,0,3205.0,2
9360,835,M,PhD,71,Prof,80,87,Full,0,5537.0,3
9361,835,M,PhD,71,Prof,80,89,Full,0,6690.0,3
9362,835,M,PhD,71,Prof,80,90,Full,0,7574.0,3
9363,835,M,PhD,71,Prof,80,91,Full,0,7925.0,3
9364,835,M,PhD,71,Prof,80,92,Full,0,8155.0,3
9365,835,M,PhD,71,Prof,80,93,Full,0,8392.0,3
9366,835,M,PhD,71,Prof,80,94,Full,0,8392.0,3
9367,835,M,PhD,71,Prof,80,95,Full,0,8635.0,3
9368,836,F,PhD,82,Other,77,77,Assist,0,1334.0,1
9369,836,F,PhD,82,Other,77,84,Assoc,0,3060.0,2
9370,836,F,PhD,82,Other,77,85,Assoc,0,3060.0,2
9371,836,F,PhD,82,Other,77,86,Assoc,0,3384.0,2
9372,836,F,PhD,82,Other,77,87,Assoc,0,3555.0,2
9373,836,F,PhD,82,Other,77,88,Assoc,0,3764.0,2
9374,836,F,PhD,82,Other,77,89,Assoc,0,4085.0,2
9375,836,F,PhD,82,Other,77,90,Assoc,0,4400.0,2
9376,836,F,PhD,82,Other,77,91,Full,1,5465.0,3
9377,836,F,PhD,82,Other,77,92,Full,1,5624.0,3
9378,836,F,PhD,82,Other,77,93,Full,0,5870.0,3
9379,836,F,PhD,82,Other,77,94,Full,1,5870.0,3
9380,836,F,PhD,82,Other,77,95,Full,1,6305.0,3
9381,837,M,PhD,69,Prof,69,76,Assoc,0,2089.0,2
9382,837,M,PhD,69,Prof,69,77,Assoc,0,2652.0,2
9383,837,M,PhD,69,Prof,69,78,Assoc,0,2378.0,2
9384,837,M,PhD,69,Prof,69,79,Assoc,0,2671.0,2
9385,837,M,PhD,69,Prof,69,80,Assoc,0,2869.0,2
9386,837,M,PhD,69,Prof,69,81,Assoc,0,3228.0,2
9387,837,M,PhD,69,Prof,69,82,Assoc,0,3417.0,2
9388,837,M,PhD,69,Prof,69,83,Assoc,0,3818.0,2
9389,837,M,PhD,69,Prof,69,84,Assoc,0,4135.0,2
9390,837,M,PhD,69,Prof,69,85,Full,0,4256.0,3
9391,837,M,PhD,69,Prof,69,86,Full,0,4914.0,3
9392,837,M,PhD,69,Prof,69,87,Full,0,5160.0,3
9393,837,M,PhD,69,Prof,69,88,Full,0,5464.0,3
9394,837,M,PhD,69,Prof,69,89,Full,0,5931.0,3
9395,837,M,PhD,69,Prof,69,90,Full,0,6764.0,3
9396,837,M,PhD,69,Prof,69,91,Full,0,7180.0,3
9397,837,M,PhD,69,Prof,69,92,Full,0,7388.0,3
9398,837,M,PhD,69,Prof,69,93,Full,0,7602.0,3
9399,837,M,PhD,69,Prof,69,94,Full,1,8770.0,3
9400,837,M,PhD,69,Prof,69,95,Full,1,9556.0,3
9401,838,M,PhD,73,Prof,83,83,Full,0,6141.0,3
9402,838,M,PhD,73,Prof,83,84,Full,0,6441.0,3
9403,838,M,PhD,73,Prof,83,85,Full,0,6441.0,3
9404,838,M,PhD,73,Prof,83,86,Full,0,7438.0,3
9405,838,M,PhD,73,Prof,83,87,Full,0,7811.0,3
9406,838,M,PhD,73,Prof,83,88,Full,0,7811.0,3
9407,838,M,PhD,73,Prof,83,89,Full,0,8358.0,3
9408,838,M,PhD,73,Prof,83,90,Full,0,9263.0,3
9409,838,M,PhD,73,Prof,83,91,Full,0,9556.0,3
9410,838,M,PhD,73,Prof,83,92,Full,0,9833.0,3
9411,838,M,PhD,73,Prof,83,93,Full,0,10118.0,3
9412,838,M,PhD,73,Prof,83,94,Full,0,10118.0,3
9413,838,M,PhD,73,Prof,83,95,Full,0,11672.0,3
9414,839,F,PhD,86,Other,86,86,Assist,0,3022.0,1
9415,839,F,PhD,86,Other,86,87,Assist,0,2910.0,1
9416,839,F,PhD,86,Other,86,88,Assist,0,3038.0,1
9417,839,F,PhD,86,Other,86,89,Assist,0,3250.0,1
9418,839,F,PhD,86,Other,86,90,Assist,0,3551.0,1
9419,839,F,PhD,86,Other,86,91,Assist,0,3769.0,1
9420,839,F,PhD,86,Other,86,92,Assoc,0,4165.0,2
9421,839,F,PhD,86,Other,86,93,Assoc,0,4286.0,2
9422,839,F,PhD,86,Other,86,94,Assoc,0,4286.0,2
9423,839,F,PhD,86,Other,86,95,Assoc,0,4474.0,2
9424,840,M,PhD,69,Prof,71,76,Assist,0,1855.0,1
9425,840,M,PhD,69,Prof,71,77,Assoc,0,2133.0,2
9426,840,M,PhD,69,Prof,71,78,Assoc,0,2270.0,2
9427,840,M,PhD,69,Prof,71,79,Assoc,0,2551.0,2
9428,840,M,PhD,69,Prof,71,80,Assoc,0,2730.0,2
9429,840,M,PhD,69,Prof,71,81,Assoc,0,3359.0,2
9430,840,M,PhD,69,Prof,71,82,Assoc,0,3359.0,2
9431,840,M,PhD,69,Prof,71,83,Assoc,1,3730.0,2
9432,840,M,PhD,69,Prof,71,84,Full,1,4100.0,3
9433,840,M,PhD,69,Prof,71,85,Full,1,4100.0,3
9434,840,M,PhD,69,Prof,71,86,Full,0,4708.0,3
9435,840,M,PhD,69,Prof,71,87,Full,0,4944.0,3
9436,840,M,PhD,69,Prof,71,88,Full,0,4944.0,3
9437,840,M,PhD,69,Prof,71,89,Full,0,5290.0,3
9438,840,M,PhD,69,Prof,71,90,Full,0,5617.0,3
9439,840,M,PhD,69,Prof,71,91,Full,0,5794.0,3
9440,840,M,PhD,69,Prof,71,92,Full,0,5878.0,3
9441,840,M,PhD,69,Prof,71,93,Full,0,6048.0,3
9442,840,M,PhD,69,Prof,71,94,Full,0,6048.0,3
9443,840,M,PhD,69,Prof,71,95,Full,0,6223.0,3
9444,841,M,PhD,73,Prof,89,89,Full,0,10064.0,3
9445,841,M,PhD,73,Prof,89,90,Full,0,10238.0,3
9446,841,M,PhD,73,Prof,89,91,Full,0,10867.0,3
9447,841,M,PhD,73,Prof,89,92,Full,0,11024.0,3
9448,841,M,PhD,73,Prof,89,93,Full,0,11343.0,3
9449,841,M,PhD,73,Prof,89,94,Full,0,11343.0,3
9450,841,M,PhD,73,Prof,89,95,Full,0,11672.0,3
9451,842,M,PhD,94,Other,94,94,Assist,0,5168.0,1
9452,842,M,PhD,94,Other,94,95,Assist,0,5394.0,1
9453,844,M,PhD,67,Arts,70,76,Assoc,0,1875.0,2
9454,844,M,PhD,67,Arts,70,77,Assoc,0,2136.0,2
9455,844,M,PhD,67,Arts,70,78,Assoc,1,2586.0,2
9456,844,M,PhD,67,Arts,70,79,Assoc,1,2822.0,2
9457,844,M,PhD,67,Arts,70,80,Assoc,1,3119.0,2
9458,844,M,PhD,67,Arts,70,81,Assoc,1,3462.0,2
9459,844,M,PhD,67,Arts,70,82,Assoc,1,3462.0,2
9460,844,M,PhD,67,Arts,70,83,Assoc,1,3759.0,2
9461,844,M,PhD,67,Arts,70,84,Assoc,1,4566.0,2
9462,844,M,PhD,67,Arts,70,85,Assoc,1,4566.0,2
9463,844,M,PhD,67,Arts,70,86,Assoc,1,5347.0,2
9464,844,M,PhD,67,Arts,70,87,Assoc,1,5347.0,2
9465,844,M,PhD,67,Arts,70,88,Assoc,1,6388.0,2
9466,844,M,PhD,67,Arts,70,89,Assoc,1,6833.0,2
9467,844,M,PhD,67,Arts,70,90,Assoc,1,7004.0,2
9468,844,M,PhD,67,Arts,70,91,Assoc,1,7425.0,2
9469,844,M,PhD,67,Arts,70,92,Assoc,1,7655.0,2
9470,844,M,PhD,67,Arts,70,93,Assoc,1,7907.0,2
9471,844,M,PhD,67,Arts,70,94,Assoc,1,7907.0,2
9472,844,M,PhD,67,Arts,70,95,Assoc,1,8381.0,2
9473,845,M,PhD,69,Other,72,76,Assist,0,1570.0,1
9474,845,M,PhD,69,Other,72,77,Assist,0,1780.0,1
9475,845,M,PhD,69,Other,72,78,Assist,0,1848.0,1
9476,845,M,PhD,69,Other,72,79,Assist,0,2049.0,1
9477,845,M,PhD,69,Other,72,80,Assist,0,2307.5,1
9478,845,M,PhD,69,Other,72,81,Assist,0,2528.0,1
9479,845,M,PhD,69,Other,72,82,Assoc,0,2755.0,2
9480,845,M,PhD,69,Other,72,83,Assoc,0,2990.0,2
9481,845,M,PhD,69,Other,72,84,Assoc,0,3287.0,2
9482,845,M,PhD,69,Other,72,85,Assoc,0,3287.0,2
9483,845,M,PhD,69,Other,72,86,Assoc,0,3384.0,2
9484,845,M,PhD,69,Other,72,87,Assoc,0,3555.0,2
9485,845,M,PhD,69,Other,72,88,Assoc,0,3555.0,2
9486,845,M,PhD,69,Other,72,89,Assoc,0,3749.0,2
9487,845,M,PhD,69,Other,72,90,Assoc,0,3924.0,2
9488,845,M,PhD,69,Other,72,91,Assoc,0,4048.0,2
9489,845,M,PhD,69,Other,72,92,Assoc,0,4225.0,2
9490,845,M,PhD,69,Other,72,93,Assoc,0,4348.0,2
9491,845,M,PhD,69,Other,72,94,Assoc,0,4348.0,2
9492,845,M,PhD,69,Other,72,95,Full,0,4670.0,3
9493,846,F,PhD,89,Arts,90,90,Assist,0,3263.0,1
9494,846,F,PhD,89,Arts,90,91,Assist,0,3318.0,1
9495,846,F,PhD,89,Arts,90,92,Assist,0,3463.0,1
9496,846,F,PhD,89,Arts,90,93,Assist,0,3615.0,1
9497,846,F,PhD,89,Arts,90,94,Assist,0,3615.0,1
9498,846,F,PhD,89,Arts,90,95,Assist,0,3828.0,1
9499,847,M,PhD,75,Other,83,83,Assoc,0,3500.0,2
9500,847,M,PhD,75,Other,83,84,Assoc,0,3632.0,2
9501,847,M,PhD,75,Other,83,85,Assoc,0,3632.0,2
9502,847,M,PhD,75,Other,83,86,Assoc,0,4076.0,2
9503,847,M,PhD,75,Other,83,87,Assoc,0,4281.0,2
9504,847,M,PhD,75,Other,83,88,Assoc,0,4405.0,2
9505,847,M,PhD,75,Other,83,89,Assoc,0,4780.0,2
9506,847,M,PhD,75,Other,83,90,Assoc,0,5004.0,2
9507,847,M,PhD,75,Other,83,91,Assoc,0,5311.0,2
9508,847,M,PhD,75,Other,83,92,Full,0,5624.0,3
9509,847,M,PhD,75,Other,83,93,Full,0,5705.0,3
9510,847,M,PhD,75,Other,83,94,Full,0,5705.0,3
9511,847,M,PhD,75,Other,83,95,Full,0,5955.0,3
9512,848,F,PhD,70,Other,74,76,Assist,0,1554.0,1
9513,848,F,PhD,70,Other,74,77,Assist,0,1718.0,1
9514,848,F,PhD,70,Other,74,78,Assoc,0,2010.0,2
9515,848,F,PhD,70,Other,74,79,Assoc,0,2272.0,2
9516,848,F,PhD,70,Other,74,80,Assoc,0,2420.0,2
9517,848,F,PhD,70,Other,74,81,Assoc,0,2794.0,2
9518,848,F,PhD,70,Other,74,82,Assoc,1,3489.0,2
9519,848,F,PhD,70,Other,74,83,Assoc,1,4214.667,2
9520,848,F,PhD,70,Other,74,84,Full,1,4438.0,3
9521,848,F,PhD,70,Other,74,85,Full,1,4438.0,3
9522,848,F,PhD,70,Other,74,86,Full,1,4570.0,3
9523,848,F,PhD,70,Other,74,87,Full,1,4570.0,3
9524,848,F,PhD,70,Other,74,88,Full,0,4731.0,3
9525,848,F,PhD,70,Other,74,89,Full,0,5134.0,3
9526,848,F,PhD,70,Other,74,90,Full,0,5374.0,3
9527,848,F,PhD,70,Other,74,91,Full,0,5705.0,3
9528,848,F,PhD,70,Other,74,92,Full,0,5870.0,3
9529,848,F,PhD,70,Other,74,93,Full,1,6040.0,3
9530,848,F,PhD,70,Other,74,94,Full,0,6040.0,3
9531,848,F,PhD,70,Other,74,95,Full,0,6127.0,3
9532,849,M,PhD,67,Other,66,76,Assoc,0,1764.179,2
9533,849,M,PhD,67,Other,66,77,Assoc,0,2019.0,2
9534,849,M,PhD,67,Other,66,78,Assoc,0,2136.0,2
9535,849,M,PhD,67,Other,66,79,Assoc,0,2369.0,2
9536,849,M,PhD,67,Other,66,80,Assoc,0,2552.0,2
9537,849,M,PhD,67,Other,66,81,Assoc,0,2758.0,2
9538,849,M,PhD,67,Other,66,82,Assoc,0,2758.0,2
9539,849,M,PhD,67,Other,66,83,Assoc,0,2910.0,2
9540,849,M,PhD,67,Other,66,84,Assoc,0,2977.0,2
9541,849,M,PhD,67,Other,66,85,Assoc,0,2977.0,2
9542,849,M,PhD,67,Other,66,86,Assoc,0,3066.0,2
9543,849,M,PhD,67,Other,66,87,Assoc,0,3220.0,2
9544,849,M,PhD,67,Other,66,88,Assoc,0,3361.0,2
9545,849,M,PhD,67,Other,66,89,Assoc,0,3648.0,2
9546,849,M,PhD,67,Other,66,90,Assoc,0,3764.0,2
9547,849,M,PhD,67,Other,66,91,Assoc,0,3996.0,2
9548,849,M,PhD,67,Other,66,92,Assoc,0,4353.0,2
9549,849,M,PhD,67,Other,66,93,Assoc,0,4980.0,2
9550,849,M,PhD,67,Other,66,94,Assoc,0,4480.0,2
9551,849,M,PhD,67,Other,66,95,Assoc,0,4743.0,2
9552,850,M,PhD,89,Arts,93,93,Assist,0,3996.0,1
9553,850,M,PhD,89,Arts,93,94,Assist,0,3996.0,1
9554,850,M,PhD,89,Arts,93,95,Assist,0,4112.0,1
9555,851,M,PhD,87,Prof,88,88,Assist,0,3171.0,1
9556,851,M,PhD,87,Prof,88,89,Assist,0,3441.0,1
9557,851,M,PhD,87,Prof,88,90,Assist,0,3706.0,1
9558,851,M,PhD,87,Prof,88,91,Assist,0,3991.0,1
9559,851,M,PhD,87,Prof,88,92,Assist,0,4165.0,1
9560,851,M,PhD,87,Prof,88,93,Assist,0,4286.0,1
9561,851,M,PhD,87,Prof,88,94,Assist,0,4286.0,1
9562,851,M,PhD,87,Prof,88,95,Assoc,0,4670.0,2
9563,852,M,PhD,74,Arts,75,76,Assist,0,1412.0,1
9564,852,M,PhD,74,Arts,75,77,Assist,0,1572.0,1
9565,852,M,PhD,74,Arts,75,78,Assist,0,1644.0,1
9566,852,M,PhD,74,Arts,75,79,Assist,0,1881.0,1
9567,852,M,PhD,74,Arts,75,80,Assist,0,2079.0,1
9568,852,M,PhD,74,Arts,75,81,Assoc,0,2460.0,2
9569,852,M,PhD,74,Arts,75,82,Assoc,0,2605.0,2
9570,852,M,PhD,74,Arts,75,83,Assoc,0,2827.0,2
9571,852,M,PhD,74,Arts,75,84,Assoc,0,3020.0,2
9572,852,M,PhD,74,Arts,75,85,Assoc,0,3020.0,2
9573,852,M,PhD,74,Arts,75,86,Assoc,0,3389.0,2
9574,852,M,PhD,74,Arts,75,87,Full,0,3662.0,3
9575,852,M,PhD,74,Arts,75,88,Full,0,4105.0,3
9576,852,M,PhD,74,Arts,75,89,Full,0,4651.0,3
9577,852,M,PhD,74,Arts,75,90,Full,0,5010.0,3
9578,852,M,PhD,74,Arts,75,91,Full,0,5394.0,3
9579,852,M,PhD,74,Arts,75,92,Full,1,6404.0,3
9580,852,M,PhD,74,Arts,75,93,Full,1,6590.0,3
9581,852,M,PhD,74,Arts,75,94,Full,1,6590.0,3
9582,852,M,PhD,74,Arts,75,95,Full,1,6878.0,3
9583,853,M,PhD,60,Other,62,76,Full,0,2196.0,3
9584,853,M,PhD,60,Other,62,77,Full,0,2419.0,3
9585,853,M,PhD,60,Other,62,78,Full,0,2544.0,3
9586,853,M,PhD,60,Other,62,79,Full,0,2850.0,3
9587,853,M,PhD,60,Other,62,80,Full,0,3058.0,3
9588,853,M,PhD,60,Other,62,81,Full,0,3369.0,3
9589,853,M,PhD,60,Other,62,82,Full,0,3369.0,3
9590,853,M,PhD,60,Other,62,83,Full,0,3658.0,3
9591,853,M,PhD,60,Other,62,84,Full,0,3906.0,3
9592,853,M,PhD,60,Other,62,85,Full,0,3906.0,3
9593,853,M,PhD,60,Other,62,86,Full,0,4023.0,3
9594,853,M,PhD,60,Other,62,87,Full,0,4225.0,3
9595,853,M,PhD,60,Other,62,88,Full,0,4285.0,3
9596,853,M,PhD,60,Other,62,89,Full,0,4520.0,3
9597,853,M,PhD,60,Other,62,90,Full,0,4664.0,3
9598,853,M,PhD,60,Other,62,91,Full,0,5022.0,3
9599,853,M,PhD,60,Other,62,92,Full,0,5318.0,3
9600,853,M,PhD,60,Other,62,93,Full,0,5472.0,3
9601,853,M,PhD,60,Other,62,94,Full,0,5472.0,3
9602,853,M,PhD,60,Other,62,95,Full,0,5631.0,3
9603,854,M,PhD,71,Prof,83,83,Assoc,0,4664.0,2
9604,854,M,PhD,71,Prof,83,84,Assoc,0,4908.0,2
9605,854,M,PhD,71,Prof,83,85,Assoc,0,4908.0,2
9606,854,M,PhD,71,Prof,83,86,Full,0,5669.0,3
9607,854,M,PhD,71,Prof,83,87,Full,0,5953.0,3
9608,854,M,PhD,71,Prof,83,88,Full,0,6126.0,3
9609,854,M,PhD,71,Prof,83,89,Full,0,6649.0,3
9610,854,M,PhD,71,Prof,83,90,Full,0,7583.0,3
9611,854,M,PhD,71,Prof,83,91,Full,0,8049.0,3
9612,854,M,PhD,71,Prof,83,92,Full,0,8402.0,3
9613,854,M,PhD,71,Prof,83,93,Full,0,8646.0,3
9614,854,M,PhD,71,Prof,83,94,Full,0,8646.0,3
9615,854,M,PhD,71,Prof,83,95,Full,0,9420.0,3
9616,855,F,PhD,69,Arts,68,76,Assoc,0,1772.727,2
9617,855,F,PhD,69,Arts,68,77,Assoc,0,2019.0,2
9618,855,F,PhD,69,Arts,68,78,Assoc,0,2136.0,2
9619,855,F,PhD,69,Arts,68,79,Assoc,0,2411.0,2
9620,855,F,PhD,69,Arts,68,80,Assoc,0,2597.0,2
9621,855,F,PhD,69,Arts,68,81,Full,0,2920.0,3
9622,855,F,PhD,69,Arts,68,82,Full,0,3048.0,3
9623,855,F,PhD,69,Arts,68,83,Full,0,3248.485,3
9624,855,F,PhD,69,Arts,68,84,Full,0,3386.0,3
9625,855,F,PhD,69,Arts,68,85,Full,0,3386.0,3
9626,855,F,PhD,69,Arts,68,86,Full,0,3487.0,3
9627,855,F,PhD,69,Arts,68,87,Full,0,3662.0,3
9628,855,F,PhD,69,Arts,68,88,Full,0,4105.0,3
9629,855,F,PhD,69,Arts,68,89,Full,0,4330.0,3
9630,855,F,PhD,69,Arts,68,90,Full,0,4731.0,3
9631,855,F,PhD,69,Arts,68,91,Full,0,5095.0,3
9632,855,F,PhD,69,Arts,68,92,Full,0,5318.0,3
9633,855,F,PhD,69,Arts,68,93,Full,0,5318.0,3
9634,855,F,PhD,69,Arts,68,94,Full,0,5318.0,3
9635,855,F,PhD,69,Arts,68,95,Full,0,5551.0,3
9636,856,M,PhD,75,Other,76,76,Assist,0,1667.0,1
9637,856,M,PhD,75,Other,76,77,Assist,0,1515.0,1
9638,856,M,PhD,75,Other,76,78,Assist,0,2084.0,1
9639,856,M,PhD,75,Other,76,79,Assist,0,2233.333,1
9640,856,M,PhD,75,Other,76,80,Assist,0,2756.0,1
9641,856,M,PhD,75,Other,76,81,Assist,0,3048.0,1
9642,856,M,PhD,75,Other,76,82,Assist,0,3182.0,1
9643,856,M,PhD,75,Other,76,83,Assoc,0,3455.0,2
9644,856,M,PhD,75,Other,76,84,Assoc,0,3901.0,2
9645,856,M,PhD,75,Other,76,85,Assoc,0,3901.0,2
9646,856,M,PhD,75,Other,76,86,Assoc,0,4254.0,2
9647,856,M,PhD,75,Other,76,87,Full,0,4598.0,3
9648,856,M,PhD,75,Other,76,88,Full,0,5235.0,3
9649,856,M,PhD,75,Other,76,89,Full,0,5763.0,3
9650,856,M,PhD,75,Other,76,90,Full,0,6120.0,3
9651,856,M,PhD,75,Other,76,91,Full,0,6684.0,3
9652,856,M,PhD,75,Other,76,92,Full,0,6977.0,3
9653,856,M,PhD,75,Other,76,93,Full,0,7388.0,3
9654,856,M,PhD,75,Other,76,94,Full,0,7388.0,3
9655,856,M,PhD,75,Other,76,95,Full,0,7712.0,3
9656,858,M,PhD,56,Arts,62,76,Full,0,3135.821,3
9657,858,M,PhD,56,Arts,62,77,Full,0,3294.0,3
9658,858,M,PhD,56,Arts,62,78,Full,0,3387.0,3
9659,858,M,PhD,56,Arts,62,79,Full,0,3606.0,3
9660,858,M,PhD,56,Arts,62,80,Full,0,3852.0,3
9661,858,M,PhD,56,Arts,62,81,Full,0,4174.0,3
9662,858,M,PhD,56,Arts,62,82,Full,0,4215.152,3
9663,858,M,PhD,56,Arts,62,83,Full,0,4404.0,3
9664,858,M,PhD,56,Arts,62,84,Full,0,4636.0,3
9665,858,M,PhD,56,Arts,62,85,Full,0,4636.0,3
9666,858,M,PhD,56,Arts,62,86,Full,0,5129.0,3
9667,858,M,PhD,56,Arts,62,87,Full,0,5387.0,3
9668,858,M,PhD,56,Arts,62,88,Full,0,5543.0,3
9669,858,M,PhD,56,Arts,62,89,Full,0,5931.0,3
9670,858,M,PhD,56,Arts,62,90,Full,0,6208.0,3
9671,858,M,PhD,56,Arts,62,91,Full,0,6496.0,3
9672,858,M,PhD,56,Arts,62,92,Full,0,6684.0,3
9673,858,M,PhD,56,Arts,62,93,Full,0,6878.0,3
9674,858,M,PhD,56,Arts,62,94,Full,0,6878.0,3
9675,858,M,PhD,56,Arts,62,95,Full,0,7283.0,3
9676,859,M,PhD,68,Other,68,76,Assoc,0,1772.5,2
9677,859,M,PhD,68,Other,68,77,Assoc,0,2018.75,2
9678,859,M,PhD,68,Other,68,78,Assoc,0,2136.0,2
9679,859,M,PhD,68,Other,68,79,Assoc,0,2278.846,2
9680,859,M,PhD,68,Other,68,80,Assoc,0,2464.0,2
9681,859,M,PhD,68,Other,68,81,Assoc,0,2642.0,2
9682,859,M,PhD,68,Other,68,82,Assoc,0,2642.0,2
9683,859,M,PhD,68,Other,68,83,Assoc,0,2787.0,2
9684,859,M,PhD,68,Other,68,84,Assoc,0,2935.0,2
9685,859,M,PhD,68,Other,68,85,Assoc,0,2935.0,2
9686,859,M,PhD,68,Other,68,86,Assoc,0,3022.0,2
9687,859,M,PhD,68,Other,68,87,Assoc,0,3174.0,2
9688,859,M,PhD,68,Other,68,88,Assoc,0,3361.0,2
9689,859,M,PhD,68,Other,68,89,Assoc,0,3700.0,2
9690,859,M,PhD,68,Other,68,90,Assoc,0,3873.0,2
9691,859,M,PhD,68,Other,68,91,Assoc,0,4544.0,2
9692,859,M,PhD,68,Other,68,92,Assoc,0,4676.0,2
9693,859,M,PhD,68,Other,68,93,Assoc,0,4812.0,2
9694,859,M,PhD,68,Other,68,94,Full,0,4951.0,3
9695,859,M,PhD,68,Other,68,95,Full,0,5242.0,3
9696,860,F,PhD,74,Other,77,77,Assist,0,1866.0,1
9697,860,F,PhD,74,Other,77,78,Assist,0,1980.0,1
9698,860,F,PhD,74,Other,77,79,Assist,0,2202.0,1
9699,860,F,PhD,74,Other,77,80,Assoc,0,2376.0,2
9700,860,F,PhD,74,Other,77,81,Assoc,0,2605.0,2
9701,860,F,PhD,74,Other,77,82,Assoc,0,2605.0,2
9702,860,F,PhD,74,Other,77,83,Assoc,0,2827.0,2
9703,860,F,PhD,74,Other,77,84,Assoc,0,3290.0,2
9704,860,F,PhD,74,Other,77,85,Assoc,0,3290.0,2
9705,860,F,PhD,74,Other,77,86,Assoc,0,3640.0,2
9706,860,F,PhD,74,Other,77,87,Assoc,0,3822.0,2
9707,860,F,PhD,74,Other,77,88,Full,0,4165.0,3
9708,860,F,PhD,74,Other,77,89,Full,0,4651.0,3
9709,860,F,PhD,74,Other,77,90,Full,0,4939.0,3
9710,860,F,PhD,74,Other,77,91,Full,1,5318.0,3
9711,860,F,PhD,74,Other,77,92,Full,0,5472.0,3
9712,860,F,PhD,74,Other,77,93,Full,0,5794.0,3
9713,860,F,PhD,74,Other,77,94,Full,0,5794.0,3
9714,860,F,PhD,74,Other,77,95,Full,0,6223.0,3
9715,862,M,PhD,76,Prof,86,86,Assoc,0,3798.667,2
9716,862,M,PhD,76,Prof,86,87,Assoc,0,4347.0,2
9717,862,M,PhD,76,Prof,86,88,Assoc,0,4347.0,2
9718,862,M,PhD,76,Prof,86,89,Assoc,0,4786.0,2
9719,862,M,PhD,76,Prof,86,90,Assoc,0,5458.0,2
9720,862,M,PhD,76,Prof,86,91,Assoc,0,6054.0,2
9721,862,M,PhD,76,Prof,86,92,Assoc,0,6287.0,2
9722,862,M,PhD,76,Prof,86,93,Assoc,0,6469.0,2
9723,862,M,PhD,76,Prof,86,94,Assoc,0,6469.0,2
9724,862,M,PhD,76,Prof,86,95,Assoc,0,6684.0,2
9725,863,M,PhD,78,Other,78,78,Assist,0,2112.0,1
9726,863,M,PhD,78,Other,78,79,Assist,0,2346.0,1
9727,863,M,PhD,78,Other,78,80,Assist,0,2613.0,1
9728,863,M,PhD,78,Other,78,81,Assist,0,3005.0,1
9729,863,M,PhD,78,Other,78,82,Assist,0,3417.0,1
9730,863,M,PhD,78,Other,78,83,Assist,0,3928.0,1
9731,863,M,PhD,78,Other,78,84,Assoc,0,4378.0,2
9732,863,M,PhD,78,Other,78,85,Assoc,0,4378.0,2
9733,863,M,PhD,78,Other,78,86,Assoc,0,5354.0,2
9734,863,M,PhD,78,Other,78,87,Assoc,0,5623.0,2
9735,863,M,PhD,78,Other,78,88,Assoc,0,5953.0,2
9736,863,M,PhD,78,Other,78,89,Assoc,0,6745.0,2
9737,863,M,PhD,78,Other,78,90,Full,0,7583.0,3
9738,863,M,PhD,78,Other,78,91,Full,0,8523.0,3
9739,863,M,PhD,78,Other,78,92,Full,0,9025.0,3
9740,863,M,PhD,78,Other,78,93,Full,0,10604.0,3
9741,863,M,PhD,78,Other,78,94,Full,0,10604.0,3
9742,863,M,PhD,78,Other,78,95,Full,0,10316.0,3
9743,864,M,PhD,63,Other,68,76,Assoc,0,2448.0,2
9744,864,M,PhD,63,Other,68,77,Assoc,0,2653.0,2
9745,864,M,PhD,63,Other,68,78,Assoc,0,2786.0,2
9746,864,M,PhD,63,Other,68,81,Assoc,0,3671.0,2
9747,864,M,PhD,63,Other,68,82,Assoc,0,3671.0,2
9748,864,M,PhD,63,Other,68,83,Assoc,0,3873.0,2
9749,864,M,PhD,63,Other,68,84,Assoc,0,3962.0,2
9750,864,M,PhD,63,Other,68,85,Assoc,0,3962.0,2
9751,864,M,PhD,63,Other,68,86,Assoc,0,4081.0,2
9752,864,M,PhD,63,Other,68,87,Assoc,0,4285.0,2
9753,864,M,PhD,63,Other,68,88,Assoc,0,4285.0,2
9754,864,M,PhD,63,Other,68,89,Assoc,0,4520.0,2
9755,864,M,PhD,63,Other,68,90,Assoc,0,4664.0,2
9756,864,M,PhD,63,Other,68,91,Assoc,0,4743.0,2
9757,864,M,PhD,63,Other,68,92,Assoc,0,4743.0,2
9758,864,M,PhD,63,Other,68,93,Assoc,0,4812.0,2
9759,864,M,PhD,63,Other,68,94,Assoc,0,4812.0,2
9760,864,M,PhD,63,Other,68,95,Assoc,0,4982.0,2
9761,865,M,PhD,85,Other,90,90,Assist,0,3814.0,1
9762,865,M,PhD,85,Other,90,91,Assist,0,4048.0,1
9763,865,M,PhD,85,Other,90,92,Assist,0,4165.0,1
9764,865,M,PhD,85,Other,90,93,Assist,0,4225.0,1
9765,865,M,PhD,85,Other,90,94,Assist,0,4225.0,1
9766,865,M,PhD,85,Other,90,95,Assist,0,4348.0,1
9767,866,F,PhD,73,Arts,72,76,Assist,0,1412.0,1
9768,866,F,PhD,73,Arts,72,77,Assist,0,1536.0,1
9769,866,F,PhD,73,Arts,72,78,Assist,0,1644.0,1
9770,866,F,PhD,73,Arts,72,79,Assoc,0,2038.667,2
9771,866,F,PhD,73,Arts,72,80,Assoc,0,2205.0,2
9772,866,F,PhD,73,Arts,72,81,Assoc,0,2425.0,2
9773,866,F,PhD,73,Arts,72,82,Assoc,0,2532.0,2
9774,866,F,PhD,73,Arts,72,83,Full,0,3092.0,3
9775,866,F,PhD,73,Arts,72,84,Full,0,3337.0,3
9776,866,F,PhD,73,Arts,72,85,Full,0,3337.0,3
9777,866,F,PhD,73,Arts,72,86,Full,0,3909.0,3
9778,866,F,PhD,73,Arts,72,87,Full,0,4105.0,3
9779,866,F,PhD,73,Arts,72,88,Full,0,4669.0,3
9780,866,F,PhD,73,Arts,72,89,Full,0,6370.0,3
9781,866,F,PhD,73,Arts,72,90,Full,0,6480.0,3
9782,866,F,PhD,73,Arts,72,91,Full,0,7388.0,3
9783,866,F,PhD,73,Arts,72,92,Full,0,7602.0,3
9784,866,F,PhD,73,Arts,72,93,Full,0,7823.0,3
9785,866,F,PhD,73,Arts,72,94,Full,0,8049.0,3
9786,866,F,PhD,73,Arts,72,95,Full,0,8283.0,3
9787,867,F,PhD,86,Other,91,91,Assist,0,3996.0,1
9788,867,F,PhD,86,Other,91,92,Assist,0,3996.0,1
9789,867,F,PhD,86,Other,91,93,Assist,0,4112.0,1
9790,867,F,PhD,86,Other,91,94,Assist,0,4112.0,1
9791,867,F,PhD,86,Other,91,95,Assist,0,4353.0,1
9792,868,M,PhD,63,Other,72,76,Full,0,2894.0,3
9793,868,M,PhD,63,Other,72,77,Full,0,3340.0,3
9794,868,M,PhD,63,Other,72,78,Full,0,3528.0,3
9795,868,M,PhD,63,Other,72,79,Full,0,3957.0,3
9796,868,M,PhD,63,Other,72,80,Full,0,4276.0,3
9797,868,M,PhD,63,Other,72,81,Full,0,4817.0,3
9798,868,M,PhD,63,Other,72,82,Full,0,4817.0,3
9799,868,M,PhD,63,Other,72,83,Full,0,5305.0,3
9800,868,M,PhD,63,Other,72,84,Full,0,5746.0,3
9801,868,M,PhD,63,Other,72,85,Full,0,5746.0,3
9802,868,M,PhD,63,Other,72,86,Full,0,6356.0,3
9803,868,M,PhD,63,Other,72,87,Full,0,6675.0,3
9804,868,M,PhD,63,Other,72,88,Full,0,7591.0,3
9805,868,M,PhD,63,Other,72,89,Full,0,7893.0,3
9806,868,M,PhD,63,Other,72,90,Full,0,8262.0,3
9807,868,M,PhD,63,Other,72,91,Full,0,8646.0,3
9808,868,M,PhD,63,Other,72,92,Full,0,8896.0,3
9809,868,M,PhD,63,Other,72,93,Full,0,9154.0,3
9810,868,M,PhD,63,Other,72,94,Full,0,9154.0,3
9811,868,M,PhD,63,Other,72,95,Full,0,9420.0,3
9812,869,M,PhD,61,Other,61,76,Full,0,3254.444,3
9813,869,M,PhD,61,Other,61,77,Full,0,3612.0,3
9814,869,M,PhD,61,Other,61,78,Full,0,3809.0,3
9815,869,M,PhD,61,Other,61,79,Full,0,4334.0,3
9816,869,M,PhD,61,Other,61,80,Full,1,4663.0,3
9817,869,M,PhD,61,Other,61,81,Full,1,5167.0,3
9818,869,M,PhD,61,Other,61,82,Full,1,5317.0,3
9819,869,M,PhD,61,Other,61,83,Full,1,5771.0,3
9820,869,M,PhD,61,Other,61,84,Full,1,6076.0,3
9821,869,M,PhD,61,Other,61,85,Full,1,6076.0,3
9822,869,M,PhD,61,Other,61,86,Full,1,6721.0,3
9823,869,M,PhD,61,Other,61,87,Full,1,7060.0,3
9824,869,M,PhD,61,Other,61,88,Full,1,7162.0,3
9825,869,M,PhD,61,Other,61,89,Full,1,7661.0,3
9826,869,M,PhD,61,Other,61,90,Full,1,7905.0,3
9827,869,M,PhD,61,Other,61,91,Full,0,8039.0,3
9828,869,M,PhD,61,Other,61,92,Full,0,8155.0,3
9829,869,M,PhD,61,Other,61,93,Full,0,8272.0,3
9830,869,M,PhD,61,Other,61,94,Full,0,8272.0,3
9831,869,M,PhD,61,Other,61,95,Full,0,8392.0,3
9832,870,M,PhD,67,Other,79,79,Full,0,3063.0,3
9833,870,M,PhD,67,Other,79,80,Full,0,3292.0,3
9834,870,M,PhD,67,Other,79,81,Full,0,3667.0,3
9835,870,M,PhD,67,Other,79,82,Full,0,3773.0,3
9836,870,M,PhD,67,Other,79,83,Full,0,3980.0,3
9837,870,M,PhD,67,Other,79,84,Full,0,4130.0,3
9838,870,M,PhD,67,Other,79,85,Full,0,4130.0,3
9839,870,M,PhD,67,Other,79,86,Full,0,4254.0,3
9840,870,M,PhD,67,Other,79,87,Full,0,4469.0,3
9841,870,M,PhD,67,Other,79,88,Full,0,4598.0,3
9842,870,M,PhD,67,Other,79,89,Full,0,4919.0,3
9843,870,M,PhD,67,Other,79,90,Full,0,5223.0,3
9844,870,M,PhD,67,Other,79,91,Full,0,5705.0,3
9845,870,M,PhD,67,Other,79,92,Full,0,6040.0,3
9846,870,M,PhD,67,Other,79,93,Full,0,6216.0,3
9847,870,M,PhD,67,Other,79,94,Full,0,6676.0,3
9848,870,M,PhD,67,Other,79,95,Full,0,8327.0,3
9849,871,M,PhD,71,Other,71,76,Full,0,2601.0,3
9850,871,M,PhD,71,Other,71,77,Full,0,2888.0,3
9851,871,M,PhD,71,Other,71,78,Full,0,3021.0,3
9852,871,M,PhD,71,Other,71,79,Full,0,3410.0,3
9853,871,M,PhD,71,Other,71,80,Full,0,3698.0,3
9854,871,M,PhD,71,Other,71,81,Full,0,4174.0,3
9855,871,M,PhD,71,Other,71,82,Full,0,4421.0,3
9856,871,M,PhD,71,Other,71,83,Full,0,4664.0,3
9857,871,M,PhD,71,Other,71,84,Full,0,4981.0,3
9858,871,M,PhD,71,Other,71,85,Full,0,4981.0,3
9859,871,M,PhD,71,Other,71,86,Full,0,5431.0,3
9860,871,M,PhD,71,Other,71,87,Full,0,5703.0,3
9861,871,M,PhD,71,Other,71,88,Full,0,5870.0,3
9862,871,M,PhD,71,Other,71,89,Full,0,6190.0,3
9863,871,M,PhD,71,Other,71,90,Full,0,6388.0,3
9864,871,M,PhD,71,Other,71,91,Full,0,6496.0,3
9865,871,M,PhD,71,Other,71,92,Full,0,6496.0,3
9866,871,M,PhD,71,Other,71,93,Full,0,6781.0,3
9867,871,M,PhD,71,Other,71,94,Full,0,6781.0,3
9868,871,M,PhD,71,Other,71,95,Full,0,6977.0,3
9869,872,M,PhD,59,Other,65,76,Assoc,0,2089.0,2
9870,872,M,PhD,59,Other,65,77,Assoc,0,2296.0,2
9871,872,M,PhD,59,Other,65,78,Assoc,0,2378.0,2
9872,872,M,PhD,59,Other,65,79,Full,0,2715.0,3
9873,872,M,PhD,59,Other,65,80,Full,0,2964.0,3
9874,872,M,PhD,59,Other,65,81,Full,0,3322.0,3
9875,872,M,PhD,59,Other,65,82,Full,0,3551.515,3
9876,872,M,PhD,59,Other,65,83,Full,0,3710.0,3
9877,872,M,PhD,59,Other,65,84,Full,0,4195.0,3
9878,872,M,PhD,59,Other,65,85,Full,0,4195.0,3
9879,872,M,PhD,59,Other,65,86,Full,0,4321.0,3
9880,872,M,PhD,59,Other,65,87,Full,0,4538.0,3
9881,872,M,PhD,59,Other,65,88,Full,0,4669.0,3
9882,872,M,PhD,59,Other,65,89,Full,0,5116.176,3
9883,872,M,PhD,59,Other,65,90,Full,0,5381.0,3
9884,872,M,PhD,59,Other,65,91,Full,0,5712.0,3
9885,872,M,PhD,59,Other,65,92,Full,0,5878.0,3
9886,872,M,PhD,59,Other,65,93,Full,0,6048.0,3
9887,872,M,PhD,59,Other,65,94,Full,0,6048.0,3
9888,872,M,PhD,59,Other,65,95,Full,0,6223.0,3
9889,873,M,PhD,60,Prof,83,83,Full,0,5617.0,3
9890,873,M,PhD,60,Prof,83,84,Full,0,5746.0,3
9891,873,M,PhD,60,Prof,83,85,Full,0,5746.0,3
9892,873,M,PhD,60,Prof,83,86,Full,0,6827.0,3
9893,873,M,PhD,60,Prof,83,87,Full,0,7169.0,3
9894,873,M,PhD,60,Prof,83,88,Full,0,7272.0,3
9895,873,M,PhD,60,Prof,83,89,Full,0,7781.0,3
9896,873,M,PhD,60,Prof,83,90,Full,0,9132.0,3
9897,873,M,PhD,60,Prof,83,91,Full,0,9556.0,3
9898,873,M,PhD,60,Prof,83,92,Full,0,9974.0,3
9899,873,M,PhD,60,Prof,83,93,Full,0,10263.0,3
9900,873,M,PhD,60,Prof,83,94,Full,0,10263.0,3
9901,873,M,PhD,60,Prof,83,95,Full,0,10713.0,3
9902,874,F,PhD,81,Other,89,89,Assoc,0,4387.0,2
9903,874,F,PhD,81,Other,89,90,Assoc,0,4463.0,2
9904,874,F,PhD,81,Other,89,91,Assoc,0,4737.0,2
9905,874,F,PhD,81,Other,89,92,Assoc,0,4806.0,2
9906,874,F,PhD,81,Other,89,93,Assoc,0,4875.0,2
9907,874,F,PhD,81,Other,89,94,Assoc,0,4875.0,2
9908,874,F,PhD,81,Other,89,95,Assoc,0,4945.0,2
9909,875,M,PhD,71,Other,74,76,Assoc,0,2517.0,2
9910,875,M,PhD,71,Other,74,77,Assoc,0,2714.0,2
9911,875,M,PhD,71,Other,74,78,Assoc,0,2844.0,2
9912,875,M,PhD,71,Other,74,79,Full,0,3300.0,3
9913,875,M,PhD,71,Other,74,80,Full,0,3496.0,3
9914,875,M,PhD,71,Other,74,81,Full,0,3943.0,3
9915,875,M,PhD,71,Other,74,82,Full,0,4057.0,3
9916,875,M,PhD,71,Other,74,83,Full,1,4664.0,3
9917,875,M,PhD,71,Other,74,84,Full,1,5052.0,3
9918,875,M,PhD,71,Other,74,85,Full,1,5052.0,3
9919,875,M,PhD,71,Other,74,86,Full,1,5509.0,3
9920,875,M,PhD,71,Other,74,87,Full,1,5786.0,3
9921,875,M,PhD,71,Other,74,88,Full,0,6126.0,3
9922,875,M,PhD,71,Other,74,89,Full,0,6555.0,3
9923,875,M,PhD,71,Other,74,90,Full,0,6861.0,3
9924,875,M,PhD,71,Other,74,91,Full,0,7180.0,3
9925,875,M,PhD,71,Other,74,92,Full,0,7388.0,3
9926,875,M,PhD,71,Other,74,93,Full,0,7602.0,3
9927,875,M,PhD,71,Other,74,94,Full,0,7602.0,3
9928,875,M,PhD,71,Other,74,95,Full,0,7823.0,3
9929,876,F,PhD,85,Other,88,88,Assist,0,3126.0,1
9930,876,F,PhD,85,Other,88,89,Assist,0,3250.0,1
9931,876,F,PhD,85,Other,88,90,Assist,0,3450.0,1
9932,876,F,PhD,85,Other,88,91,Assist,0,3663.0,1
9933,876,F,PhD,85,Other,88,92,Assist,0,3769.0,1
9934,876,F,PhD,85,Other,88,93,Assist,0,3934.0,1
9935,876,F,PhD,85,Other,88,94,Assoc,0,4048.0,2
9936,876,F,PhD,85,Other,88,95,Assoc,0,4348.0,2
9938,878,M,PhD,66,Other,66,76,Assoc,0,1857.0,2
9939,878,M,PhD,66,Other,66,77,Assoc,0,2006.0,2
9940,878,M,PhD,66,Other,66,78,Assoc,0,2105.0,2
9941,878,M,PhD,66,Other,66,79,Assoc,0,2327.0,2
9942,878,M,PhD,66,Other,66,80,Assoc,0,2513.0,2
9943,878,M,PhD,66,Other,66,81,Assoc,0,2758.0,2
9944,878,M,PhD,66,Other,66,82,Assoc,0,2758.0,2
9945,878,M,PhD,66,Other,66,83,Assoc,0,2910.0,2
9946,878,M,PhD,66,Other,66,84,Assoc,1,3152.0,2
9947,878,M,PhD,66,Other,66,85,Assoc,1,3152.0,2
9948,878,M,PhD,66,Other,66,86,Assoc,1,3246.0,2
9949,878,M,PhD,66,Other,66,87,Assoc,1,3409.0,2
9950,878,M,PhD,66,Other,66,88,Assoc,0,3409.0,2
9951,878,M,PhD,66,Other,66,89,Assoc,1,3648.0,2
9952,878,M,PhD,66,Other,66,90,Assoc,1,3818.0,2
9953,878,M,PhD,66,Other,66,91,Assoc,0,3996.0,2
9954,878,M,PhD,66,Other,66,92,Assoc,0,4112.0,2
9955,878,M,PhD,66,Other,66,93,Full,0,4676.0,3
9956,878,M,PhD,66,Other,66,94,Full,0,4676.0,3
9957,878,M,PhD,66,Other,66,95,Full,0,4951.0,3
9958,879,M,PhD,75,Other,75,76,Assist,0,1834.0,1
9959,879,M,PhD,75,Other,75,77,Assist,0,2009.0,1
9960,879,M,PhD,75,Other,75,78,Assist,0,2112.0,1
9961,879,M,PhD,75,Other,75,79,Assist,0,2346.0,1
9962,879,M,PhD,75,Other,75,80,Assist,0,2531.0,1
9963,879,M,PhD,75,Other,75,81,Assoc,0,2838.0,2
9964,879,M,PhD,75,Other,75,82,Assoc,0,2838.0,2
9965,879,M,PhD,75,Other,75,83,Assoc,0,3170.0,2
9966,879,M,PhD,75,Other,75,84,Assoc,0,3337.0,2
9967,879,M,PhD,75,Other,75,85,Assoc,0,3337.0,2
9968,879,M,PhD,75,Other,75,86,Assoc,0,3437.0,2
9969,879,M,PhD,75,Other,75,87,Assoc,0,3610.0,2
9970,879,M,PhD,75,Other,75,88,Assoc,0,3610.0,2
9971,879,M,PhD,75,Other,75,89,Assoc,0,3754.0,2
9972,879,M,PhD,75,Other,75,90,Assoc,0,3818.0,2
9973,879,M,PhD,75,Other,75,91,Assoc,0,4231.0,2
9974,879,M,PhD,75,Other,75,92,Assoc,0,4231.0,2
9975,879,M,PhD,75,Other,75,93,Assoc,0,4292.0,2
9976,879,M,PhD,75,Other,75,94,Assoc,0,4292.0,2
9977,879,M,PhD,75,Other,75,95,Assoc,0,4292.0,2
9978,880,M,PhD,65,Other,72,76,Assoc,0,1751.0,2
9979,880,M,PhD,65,Other,72,77,Assoc,0,1958.0,2
9980,880,M,PhD,65,Other,72,78,Assoc,0,2068.0,2
9981,880,M,PhD,65,Other,72,79,Assoc,0,2351.515,2
9982,880,M,PhD,65,Other,72,80,Assoc,0,2505.0,2
9983,880,M,PhD,65,Other,72,81,Full,0,2834.0,3
9984,880,M,PhD,65,Other,72,82,Full,0,2834.0,3
9985,880,M,PhD,65,Other,72,83,Full,0,3077.0,3
9986,880,M,PhD,65,Other,72,84,Full,0,3381.0,3
9987,880,M,PhD,65,Other,72,85,Full,0,3381.0,3
9988,880,M,PhD,65,Other,72,86,Full,0,3904.0,3
9989,880,M,PhD,65,Other,72,87,Full,0,4101.0,3
9990,880,M,PhD,65,Other,72,88,Full,0,4281.0,3
9991,880,M,PhD,65,Other,72,89,Full,0,4580.0,3
9992,880,M,PhD,65,Other,72,90,Full,0,4863.0,3
9993,880,M,PhD,65,Other,72,91,Full,0,5162.0,3
9994,880,M,PhD,65,Other,72,92,Full,0,5388.0,3
9995,880,M,PhD,65,Other,72,93,Full,0,5544.0,3
9996,880,M,PhD,65,Other,72,94,Full,0,5544.0,3
9997,880,M,PhD,65,Other,72,95,Full,0,5787.0,3
9998,881,F,PhD,88,Other,88,88,Assist,0,3220.0,1
9999,881,F,PhD,88,Other,88,89,Assist,0,3254.0,1
10000,881,F,PhD,88,Other,88,90,Assist,0,3406.0,1
10001,881,F,PhD,88,Other,88,91,Assist,0,3667.0,1
10002,881,F,PhD,88,Other,88,92,Assist,0,3774.0,1
10003,881,F,PhD,88,Other,88,93,Assist,0,3996.0,1
10004,881,F,PhD,88,Other,88,94,Assist,0,3996.0,1
10005,881,F,PhD,88,Other,88,95,Assoc,0,4353.0,2
10006,882,F,PhD,72,Other,72,76,Full,0,2286.0,3
10007,882,F,PhD,72,Other,72,77,Full,0,2561.0,3
10008,882,F,PhD,72,Other,72,78,Full,0,2792.0,3
10009,882,F,PhD,72,Other,72,79,Full,0,3155.0,3
10010,882,F,PhD,72,Other,72,80,Full,0,3361.0,3
10011,882,F,PhD,72,Other,72,81,Full,0,4283.582,3
10012,882,F,PhD,72,Other,72,82,Full,0,4053.0,3
10013,882,F,PhD,72,Other,72,83,Full,0,4275.0,3
10014,882,F,PhD,72,Other,72,84,Full,0,4903.0,3
10015,882,F,PhD,72,Other,72,85,Full,0,4903.0,3
10016,882,F,PhD,72,Other,72,86,Full,0,5050.0,3
10017,882,F,PhD,72,Other,72,87,Full,1,5617.0,3
10018,882,F,PhD,72,Other,72,88,Full,1,5863.0,3
10019,882,F,PhD,72,Other,72,89,Full,1,6454.0,3
10020,882,F,PhD,72,Other,72,90,Full,1,6852.0,3
10021,882,F,PhD,72,Other,72,91,Full,1,7171.0,3
10022,882,F,PhD,72,Other,72,92,Full,1,7379.0,3
10023,882,F,PhD,72,Other,72,93,Full,0,7593.0,3
10024,882,F,PhD,72,Other,72,94,Full,0,7593.0,3
10025,882,F,PhD,72,Other,72,95,Full,0,7813.0,3
10026,883,M,PhD,70,Other,89,89,Full,1,7292.0,3
10027,883,M,PhD,70,Other,89,90,Full,1,7730.0,3
10028,883,M,PhD,70,Other,89,91,Full,1,8271.0,3
10029,883,M,PhD,70,Other,89,92,Full,1,8838.0,3
10030,883,M,PhD,70,Other,89,93,Full,1,9142.0,3
10031,883,M,PhD,70,Other,89,94,Full,1,9142.0,3
10032,883,M,PhD,70,Other,89,95,Full,1,10172.0,3
10033,884,M,PhD,75,Prof,79,79,Assist,0,1906.0,1
10034,884,M,PhD,75,Prof,79,80,Assist,0,2179.0,1
10035,884,M,PhD,75,Prof,79,81,Assist,0,2421.0,1
10036,884,M,PhD,75,Prof,79,82,Assoc,0,2565.0,2
10037,884,M,PhD,75,Prof,79,83,Assoc,0,3213.0,2
10038,884,M,PhD,75,Prof,79,84,Assoc,0,3430.0,2
10039,884,M,PhD,75,Prof,79,85,Assoc,0,3430.0,2
10040,884,M,PhD,75,Prof,79,86,Assoc,0,3849.0,2
10041,884,M,PhD,75,Prof,79,87,Assoc,0,4043.0,2
10042,884,M,PhD,75,Prof,79,88,Assoc,0,4405.0,2
10043,884,M,PhD,75,Prof,79,89,Assoc,0,4712.0,2
10044,884,M,PhD,75,Prof,79,90,Assoc,0,5004.0,2
10045,884,M,PhD,75,Prof,79,91,Assoc,0,5236.0,2
10046,884,M,PhD,75,Prof,79,92,Assoc,0,5388.0,2
10047,884,M,PhD,75,Prof,79,93,Assoc,0,5544.0,2
10048,884,M,PhD,75,Prof,79,94,Assoc,0,6127.0,2
10049,884,M,PhD,75,Prof,79,95,Assoc,0,6305.0,2
10050,885,M,PhD,61,Other,67,76,Full,0,2726.0,3
10051,885,M,PhD,61,Other,67,77,Full,0,3003.0,3
10052,885,M,PhD,61,Other,67,78,Full,0,3171.0,3
10053,885,M,PhD,61,Other,67,79,Full,0,3556.0,3
10054,885,M,PhD,61,Other,67,80,Full,0,3553.0,3
10055,885,M,PhD,61,Other,67,81,Full,0,3995.0,3
10056,885,M,PhD,61,Other,67,82,Full,1,4091.919,3
10057,885,M,PhD,61,Other,67,83,Full,1,4338.0,3
10058,885,M,PhD,61,Other,67,84,Full,1,4631.0,3
10059,885,M,PhD,61,Other,67,85,Full,1,4631.0,3
10060,885,M,PhD,61,Other,67,86,Full,1,5050.0,3
10061,885,M,PhD,61,Other,67,87,Full,0,5050.0,3
10062,885,M,PhD,61,Other,67,88,Full,0,5786.0,3
10063,885,M,PhD,61,Other,67,89,Full,0,6016.0,3
10064,885,M,PhD,61,Other,67,90,Full,0,6208.0,3
10065,885,M,PhD,61,Other,67,91,Full,0,6404.0,3
10066,885,M,PhD,61,Other,67,92,Full,0,6590.0,3
10067,885,M,PhD,61,Other,67,93,Full,0,6781.0,3
10068,885,M,PhD,61,Other,67,94,Full,0,6781.0,3
10069,885,M,PhD,61,Other,67,95,Full,0,6977.0,3
10070,886,M,PhD,75,Other,94,94,Full,0,8896.0,3
10071,886,M,PhD,75,Other,94,95,Full,0,9154.0,3
10072,887,F,PhD,73,Other,73,76,Assoc,0,1694.0,2
10073,887,F,PhD,73,Other,73,77,Assoc,0,1921.0,2
10074,887,F,PhD,73,Other,73,78,Full,0,2280.0,3
10075,887,F,PhD,73,Other,73,79,Full,0,2583.0,3
10076,887,F,PhD,73,Other,73,80,Full,0,3000.0,3
10077,887,F,PhD,73,Other,73,81,Full,0,3614.0,3
10078,887,F,PhD,73,Other,73,83,Full,1,4548.0,3
10079,887,F,PhD,73,Other,73,84,Full,1,5052.0,3
10080,887,F,PhD,73,Other,73,85,Full,1,5052.0,3
10081,887,F,PhD,73,Other,73,86,Full,1,5669.0,3
10082,887,F,PhD,73,Other,73,87,Full,1,5669.0,3
10083,887,F,PhD,73,Other,73,88,Full,1,6675.0,3
10084,887,F,PhD,73,Other,73,89,Full,1,7244.0,3
10085,887,F,PhD,73,Other,73,90,Full,0,7679.0,3
10086,887,F,PhD,73,Other,73,91,Full,0,7810.0,3
10087,887,F,PhD,73,Other,73,92,Full,0,7935.0,3
10088,887,F,PhD,73,Other,73,93,Full,0,8165.0,3
10089,887,F,PhD,73,Other,73,94,Full,0,8165.0,3
10090,887,F,PhD,73,Other,73,95,Full,0,8402.0,3
10091,889,M,PhD,78,Prof,80,80,Assist,0,2138.0,1
10092,889,M,PhD,78,Prof,80,81,Assist,0,2353.0,1
10093,889,M,PhD,78,Prof,80,82,Assist,0,2353.0,1
10094,889,M,PhD,78,Prof,80,83,Assist,0,3505.0,1
10095,889,M,PhD,78,Prof,80,84,Assist,0,3688.0,1
10096,889,M,PhD,78,Prof,80,85,Assist,0,3688.0,1
10097,889,M,PhD,78,Prof,80,86,Assist,0,4259.0,1
10098,889,M,PhD,78,Prof,80,87,Assoc,0,4603.0,2
10099,889,M,PhD,78,Prof,80,88,Assoc,0,4805.0,2
10100,889,M,PhD,78,Prof,80,89,Assoc,0,5141.0,2
10101,889,M,PhD,78,Prof,80,90,Assoc,0,5947.0,2
10102,889,M,PhD,78,Prof,80,91,Assoc,0,6223.0,2
10103,889,M,PhD,78,Prof,80,92,Assoc,0,6496.0,2
10104,889,M,PhD,78,Prof,80,93,Assoc,0,6684.0,2
10105,889,M,PhD,78,Prof,80,94,Assoc,0,6684.0,2
10106,889,M,PhD,78,Prof,80,95,Assoc,0,6878.0,2
10107,890,M,PhD,59,Other,63,76,Full,0,2977.0,3
10108,890,M,PhD,59,Other,63,77,Full,0,3202.0,3
10109,890,M,PhD,59,Other,63,78,Full,0,3340.0,3
10110,890,M,PhD,59,Other,63,79,Full,0,3704.0,3
10111,890,M,PhD,59,Other,63,80,Full,1,4386.0,3
10112,890,M,PhD,59,Other,63,81,Full,1,4956.0,3
10113,890,M,PhD,59,Other,63,82,Full,1,5100.0,3
10114,890,M,PhD,59,Other,63,83,Full,1,5537.0,3
10115,890,M,PhD,59,Other,63,84,Full,1,5912.0,3
10116,890,M,PhD,59,Other,63,85,Full,0,5912.0,3
10117,890,M,PhD,59,Other,63,86,Full,0,6540.0,3
10118,890,M,PhD,59,Other,63,87,Full,0,6868.0,3
10119,890,M,PhD,59,Other,63,88,Full,0,6967.0,3
10120,890,M,PhD,59,Other,63,89,Full,0,7562.0,3
10121,890,M,PhD,59,Other,63,90,Full,0,7803.0,3
10122,890,M,PhD,59,Other,63,91,Full,0,8165.0,3
10123,890,M,PhD,59,Other,63,92,Full,0,8283.0,3
10124,890,M,PhD,59,Other,63,93,Full,0,8402.0,3
10125,890,M,PhD,59,Other,63,94,Full,0,8402.0,3
10126,890,M,PhD,59,Other,63,95,Full,0,7925.0,3
10127,892,M,PhD,83,Other,87,87,Assist,0,3612.0,1
10128,892,M,PhD,83,Other,87,88,Assist,0,3612.0,1
10129,892,M,PhD,83,Other,87,89,Assist,0,3863.0,1
10130,892,M,PhD,83,Other,87,90,Assoc,0,4220.0,2
10131,892,M,PhD,83,Other,87,91,Assoc,0,4480.0,2
10132,892,M,PhD,83,Other,87,92,Assoc,0,4676.0,2
10133,892,M,PhD,83,Other,87,93,Assoc,0,4812.0,2
10134,892,M,PhD,83,Other,87,94,Full,0,4951.0,3
10135,892,M,PhD,83,Other,87,95,Full,0,5318.0,3
10136,893,M,PhD,65,Other,68,76,Assoc,0,2446.0,2
10137,893,M,PhD,65,Other,68,77,Assoc,0,2628.0,2
10138,893,M,PhD,65,Other,68,78,Assoc,0,2658.209,2
10139,893,M,PhD,65,Other,68,79,Assoc,0,2850.0,2
10140,893,M,PhD,65,Other,68,80,Assoc,0,3011.0,2
10141,893,M,PhD,65,Other,68,83,Assoc,0,3455.0,2
10142,893,M,PhD,65,Other,68,84,Assoc,0,3688.0,2
10143,893,M,PhD,65,Other,68,85,Assoc,0,3688.0,2
10144,893,M,PhD,65,Other,68,86,Assoc,0,3799.0,2
10145,893,M,PhD,65,Other,68,87,Assoc,0,3990.0,2
10146,893,M,PhD,65,Other,68,88,Assoc,0,3990.0,2
10147,893,M,PhD,65,Other,68,89,Assoc,0,4149.0,2
10148,893,M,PhD,65,Other,68,90,Assoc,0,4220.0,2
10149,893,M,PhD,65,Other,68,91,Assoc,0,4353.0,2
10150,893,M,PhD,65,Other,68,92,Assoc,0,4416.0,2
10151,893,M,PhD,65,Other,68,93,Assoc,0,4480.0,2
10152,893,M,PhD,65,Other,68,94,Assoc,0,4480.0,2
10153,893,M,PhD,65,Other,68,95,Assoc,0,4610.0,2
10154,894,M,PhD,72,Other,73,76,Assist,0,1652.0,1
10155,894,M,PhD,72,Other,73,77,Assoc,0,1920.0,2
10156,894,M,PhD,72,Other,73,78,Assoc,0,2058.0,2
10157,894,M,PhD,72,Other,73,79,Assoc,0,2384.0,2
10158,894,M,PhD,72,Other,73,80,Assoc,0,2562.0,2
10159,894,M,PhD,72,Other,73,81,Assoc,0,2798.0,2
10160,894,M,PhD,72,Other,73,82,Assoc,0,2879.0,2
10161,894,M,PhD,72,Other,73,83,Assoc,0,3037.0,2
10162,894,M,PhD,72,Other,73,84,Assoc,0,3290.0,2
10163,894,M,PhD,72,Other,73,85,Assoc,0,3290.0,2
10164,894,M,PhD,72,Other,73,86,Assoc,0,3588.0,2
10165,894,M,PhD,72,Other,73,87,Assoc,1,4105.0,2
10166,894,M,PhD,72,Other,73,88,Assoc,1,3873.0,2
10167,894,M,PhD,72,Other,73,89,Assoc,1,4520.0,2
10168,894,M,PhD,72,Other,73,90,Assoc,0,4533.0,2
10169,894,M,PhD,72,Other,73,91,Assoc,0,4743.0,2
10170,894,M,PhD,72,Other,73,92,Assoc,0,4881.0,2
10171,894,M,PhD,72,Other,73,93,Assoc,0,5022.0,2
10172,894,M,PhD,72,Other,73,94,Assoc,0,5022.0,2
10173,894,M,PhD,72,Other,73,95,Assoc,0,5242.0,2
10174,895,M,PhD,75,Prof,78,78,Assist,0,1900.0,1
10175,895,M,PhD,75,Prof,78,79,Assist,0,2085.0,1
10176,895,M,PhD,75,Prof,78,80,Assist,0,2231.0,1
10177,895,M,PhD,75,Prof,78,81,Assoc,0,2532.0,2
10178,895,M,PhD,75,Prof,78,82,Assoc,0,2642.0,2
10179,895,M,PhD,75,Prof,78,83,Assoc,0,2787.0,2
10180,895,M,PhD,75,Prof,78,84,Assoc,0,3107.0,2
10181,895,M,PhD,75,Prof,78,85,Assoc,0,4135.0,2
10182,895,M,PhD,75,Prof,78,86,Assoc,0,4259.0,2
10183,895,M,PhD,75,Prof,78,87,Assoc,0,4473.0,2
10184,895,M,PhD,75,Prof,78,88,Assoc,0,4473.0,2
10185,895,M,PhD,75,Prof,78,89,Assoc,0,4786.0,2
10186,895,M,PhD,75,Prof,78,90,Assoc,0,4939.0,2
10187,895,M,PhD,75,Prof,78,91,Assoc,0,5095.0,2
10188,895,M,PhD,75,Prof,78,92,Assoc,0,5242.0,2
10189,895,M,PhD,75,Prof,78,93,Assoc,0,5394.0,2
10190,895,M,PhD,75,Prof,78,94,Full,0,5551.0,3
10191,895,M,PhD,75,Prof,78,95,Full,0,5712.0,3
10192,896,M,PhD,76,Arts,78,78,Assist,0,1791.0,1
10193,896,M,PhD,76,Arts,78,79,Assist,0,1959.0,1
10194,896,M,PhD,76,Arts,78,80,Assist,0,2079.0,1
10195,896,M,PhD,76,Arts,78,81,Assist,0,2323.0,1
10196,896,M,PhD,76,Arts,78,82,Assist,0,2323.0,1
10197,896,M,PhD,76,Arts,78,83,Assist,0,2451.0,1
10198,896,M,PhD,76,Arts,78,84,Assoc,0,2770.0,2
10199,896,M,PhD,76,Arts,78,85,Assoc,0,2770.0,2
10200,896,M,PhD,76,Arts,78,86,Assoc,0,3155.0,2
10201,896,M,PhD,76,Arts,78,87,Assoc,0,3313.0,2
10202,896,M,PhD,76,Arts,78,88,Assoc,0,3313.0,2
10203,896,M,PhD,76,Arts,78,89,Assoc,0,3596.0,2
10204,896,M,PhD,76,Arts,78,90,Assoc,0,3658.0,2
10205,896,M,PhD,76,Arts,78,91,Assoc,0,3883.0,2
10206,896,M,PhD,76,Arts,78,92,Assoc,0,3939.0,2
10207,896,M,PhD,76,Arts,78,93,Assoc,0,3939.0,2
10208,896,M,PhD,76,Arts,78,94,Assoc,0,3939.0,2
10209,896,M,PhD,76,Arts,78,95,Assoc,0,4053.0,2
10210,897,M,PhD,90,Other,93,93,Assist,0,3042.0,1
10211,897,M,PhD,90,Other,93,94,Assist,0,3042.0,1
10212,897,M,PhD,90,Other,93,95,Assist,0,3174.51,1
10213,898,M,PhD,78,Other,79,79,Assist,0,1944.0,1
10214,898,M,PhD,78,Other,79,80,Assist,0,2099.0,1
10215,898,M,PhD,78,Other,79,81,Assist,0,2321.0,1
10216,898,M,PhD,78,Other,79,82,Assist,0,2528.0,1
10217,898,M,PhD,78,Other,79,83,Assist,0,2745.0,1
10218,898,M,PhD,78,Other,79,84,Assist,0,3016.0,1
10219,898,M,PhD,78,Other,79,85,Assist,0,3016.0,1
10220,898,M,PhD,78,Other,79,86,Assoc,0,3482.0,2
10221,898,M,PhD,78,Other,79,87,Assoc,0,3658.0,2
10222,898,M,PhD,78,Other,79,88,Assoc,0,3873.0,2
10223,898,M,PhD,78,Other,79,89,Assoc,0,4326.0,2
10224,898,M,PhD,78,Other,79,90,Assoc,0,4794.0,2
10225,898,M,PhD,78,Other,79,91,Assoc,1,5624.0,2
10226,898,M,PhD,78,Other,79,92,Full,1,6396.0,3
10227,898,M,PhD,78,Other,79,93,Full,0,6216.0,3
10228,898,M,PhD,78,Other,79,94,Full,0,6216.0,3
10229,898,M,PhD,78,Other,79,95,Full,0,6958.0,3
10230,899,F,PhD,92,Other,93,93,Assist,0,3459.0,1
10231,899,F,PhD,92,Other,93,94,Assist,0,3715.556,1
10232,899,F,PhD,92,Other,93,95,Assist,0,3991.0,1
10233,900,F,PhD,90,Other,90,90,Assist,0,3818.0,1
10234,900,F,PhD,90,Other,90,91,Assist,0,3883.0,1
10235,900,F,PhD,90,Other,90,92,Assist,0,4053.0,1
10236,900,F,PhD,90,Other,90,93,Assist,0,4112.0,1
10237,900,F,PhD,90,Other,90,94,Assist,0,4112.0,1
10238,900,F,PhD,90,Other,90,95,Assist,0,4353.0,1
10239,902,F,PhD,74,Other,74,76,Assist,0,1580.0,1
10240,902,F,PhD,74,Other,74,77,Assist,0,1770.0,1
10241,902,F,PhD,74,Other,74,78,Assist,0,1904.0,1
10242,902,F,PhD,74,Other,74,79,Assoc,0,2202.0,2
10243,902,F,PhD,74,Other,74,80,Assoc,0,2334.0,2
10244,902,F,PhD,74,Other,74,81,Assoc,0,2642.0,2
10245,902,F,PhD,74,Other,74,82,Assoc,0,2758.0,2
10246,902,F,PhD,74,Other,74,83,Assoc,0,2910.0,2
10247,902,F,PhD,74,Other,74,84,Assoc,0,3107.0,2
10248,902,F,PhD,74,Other,74,85,Assoc,0,3107.0,2
10249,902,F,PhD,74,Other,74,86,Assoc,0,3200.0,2
10250,902,F,PhD,74,Other,74,87,Assoc,0,3361.0,2
10251,902,F,PhD,74,Other,74,89,Assoc,0,3648.0,2
10252,902,F,PhD,74,Other,74,90,Assoc,0,3764.0,2
10253,902,F,PhD,74,Other,74,91,Assoc,0,3939.0,2
10254,902,F,PhD,74,Other,74,92,Assoc,0,4053.0,2
10255,902,F,PhD,74,Other,74,93,Assoc,0,4231.0,2
10256,902,F,PhD,74,Other,74,94,Assoc,0,4231.0,2
10257,902,F,PhD,74,Other,74,95,Assoc,0,4721.0,2
10258,903,F,PhD,92,Prof,92,92,Assist,0,5394.0,1
10259,903,F,PhD,92,Prof,92,93,Assist,0,5394.0,1
10260,903,F,PhD,92,Prof,92,94,Assist,0,5394.0,1
10261,903,F,PhD,92,Prof,92,95,Assist,0,5631.0,1
10262,904,M,PhD,64,Other,68,76,Full,0,2119.0,3
10263,904,M,PhD,64,Other,68,77,Full,0,2370.588,3
10264,904,M,PhD,64,Other,68,78,Full,0,2500.0,3
10265,904,M,PhD,64,Other,68,79,Full,0,2773.0,3
10266,904,M,PhD,64,Other,68,80,Full,0,2980.0,3
10267,904,M,PhD,64,Other,68,81,Full,0,3271.0,3
10268,904,M,PhD,64,Other,68,82,Full,0,3365.0,3
10269,904,M,PhD,64,Other,68,83,Full,0,3550.0,3
10270,904,M,PhD,64,Other,68,84,Full,0,3825.373,3
10271,904,M,PhD,64,Other,68,85,Full,0,3845.0,3
10272,904,M,PhD,64,Other,68,86,Full,0,3961.0,3
10273,904,M,PhD,64,Other,68,87,Full,0,4160.0,3
10274,904,M,PhD,64,Other,68,88,Full,0,4220.0,3
10275,904,M,PhD,64,Other,68,89,Full,0,4515.0,3
10276,904,M,PhD,64,Other,68,90,Full,0,4658.0,3
10277,904,M,PhD,64,Other,68,91,Full,0,4875.0,3
10278,904,M,PhD,64,Other,68,92,Full,0,5016.0,3
10279,904,M,PhD,64,Other,68,93,Full,0,5162.0,3
10280,904,M,PhD,64,Other,68,94,Full,0,5162.0,3
10281,904,M,PhD,64,Other,68,95,Full,0,5388.0,3
10282,905,M,PhD,67,Other,65,76,Assoc,0,2232.0,2
10283,905,M,PhD,67,Other,65,77,Full,0,2586.0,3
10284,905,M,PhD,67,Other,65,78,Full,0,2828.788,3
10285,905,M,PhD,67,Other,65,79,Full,0,3079.0,3
10286,905,M,PhD,67,Other,65,80,Full,0,3398.0,3
10287,905,M,PhD,67,Other,65,81,Full,0,3777.0,3
10288,905,M,PhD,67,Other,65,82,Full,0,3943.0,3
10289,905,M,PhD,67,Other,65,83,Full,0,4160.0,3
10290,905,M,PhD,67,Other,65,84,Full,0,4571.0,3
10291,905,M,PhD,67,Other,65,85,Full,1,4908.0,3
10292,905,M,PhD,67,Other,65,86,Full,1,5751.0,3
10293,905,M,PhD,67,Other,65,87,Full,1,6039.0,3
10294,905,M,PhD,67,Other,65,88,Full,1,6486.0,3
10295,905,M,PhD,67,Other,65,89,Full,1,7142.0,3
10296,905,M,PhD,67,Other,65,90,Full,0,7546.269,3
10297,905,M,PhD,67,Other,65,91,Full,0,8049.0,3
10298,905,M,PhD,67,Other,65,92,Full,0,8283.0,3
10299,905,M,PhD,67,Other,65,93,Full,0,8770.0,3
10300,905,M,PhD,67,Other,65,94,Full,0,8770.0,3
10301,905,M,PhD,67,Other,65,95,Full,0,9025.0,3
10302,906,M,PhD,65,Other,65,76,Full,0,2537.0,3
10303,906,M,PhD,65,Other,65,77,Full,0,2994.0,3
10304,906,M,PhD,65,Other,65,78,Full,0,3204.0,3
10305,906,M,PhD,65,Other,65,79,Full,0,3572.0,3
10306,906,M,PhD,65,Other,65,80,Full,0,3849.0,3
10307,906,M,PhD,65,Other,65,81,Full,0,4230.0,3
10308,906,M,PhD,65,Other,65,82,Full,0,4354.0,3
10309,906,M,PhD,65,Other,65,83,Full,1,4593.0,3
10310,906,M,PhD,65,Other,65,84,Full,1,4975.0,3
10311,906,M,PhD,65,Other,65,85,Full,1,4975.0,3
10312,906,M,PhD,65,Other,65,86,Full,1,5582.0,3
10313,906,M,PhD,65,Other,65,87,Full,1,5863.0,3
10314,906,M,PhD,65,Other,65,88,Full,1,6033.0,3
10315,906,M,PhD,65,Other,65,89,Full,1,6454.0,3
10316,906,M,PhD,65,Other,65,90,Full,1,6852.0,3
10317,906,M,PhD,65,Other,65,91,Full,1,7171.0,3
10318,906,M,PhD,65,Other,65,92,Full,1,7485.0,3
10319,906,M,PhD,65,Other,65,93,Full,1,7702.0,3
10320,906,M,PhD,65,Other,65,94,Full,1,7702.0,3
10321,906,M,PhD,65,Other,65,95,Full,1,8039.0,3
10322,907,M,PhD,71,Other,94,94,Assist,0,4812.0,1
10323,907,M,PhD,71,Other,94,95,Assist,0,5022.0,1
10324,908,M,PhD,79,Prof,80,80,Assist,0,4500.0,1
10325,908,M,PhD,79,Prof,80,81,Assist,0,2630.0,1
10326,908,M,PhD,79,Prof,80,83,Assist,0,3406.0,1
10327,908,M,PhD,79,Prof,80,84,Assist,0,4077.0,1
10328,908,M,PhD,79,Prof,80,85,Assist,0,4077.0,1
10329,908,M,PhD,79,Prof,80,86,Assist,0,4641.0,1
10330,908,M,PhD,79,Prof,80,87,Assoc,0,5015.0,2
10331,908,M,PhD,79,Prof,80,88,Assoc,0,5160.0,2
10332,908,M,PhD,79,Prof,80,89,Assoc,0,5682.0,2
10333,908,M,PhD,79,Prof,80,90,Assoc,0,6297.0,2
10334,908,M,PhD,79,Prof,80,91,Assoc,0,6590.0,2
10335,908,M,PhD,79,Prof,80,92,Assoc,0,6878.0,2
10336,908,M,PhD,79,Prof,80,93,Full,0,7283.0,3
10337,908,M,PhD,79,Prof,80,94,Full,0,7283.0,3
10338,908,M,PhD,79,Prof,80,95,Full,0,7494.0,3
10340,910,M,PhD,82,Other,86,86,Assist,0,3583.0,1
10341,910,M,PhD,82,Other,86,87,Assist,0,3764.0,1
10342,910,M,PhD,82,Other,86,88,Assist,0,3929.0,1
10343,910,M,PhD,82,Other,86,89,Assist,0,4264.0,1
10344,910,M,PhD,82,Other,86,90,Assoc,0,4658.0,2
10345,910,M,PhD,82,Other,86,91,Assoc,0,5016.0,2
10346,910,M,PhD,82,Other,86,92,Assoc,0,5311.0,2
10347,910,M,PhD,82,Other,86,93,Assoc,0,5465.0,2
10348,910,M,PhD,82,Other,86,94,Assoc,0,6488.0,2
10349,910,M,PhD,82,Other,86,95,Assoc,0,7977.0,2
10350,911,F,PhD,90,Other,90,90,Assist,0,3450.0,1
10351,911,F,PhD,90,Other,90,91,Assist,0,3509.0,1
10352,911,F,PhD,90,Other,90,92,Assist,0,3663.0,1
10353,911,F,PhD,90,Other,90,93,Assist,0,3769.0,1
10354,911,F,PhD,90,Other,90,94,Assist,0,3769.0,1
10355,911,F,PhD,90,Other,90,95,Assoc,0,4165.0,2
10357,913,M,PhD,84,Other,84,84,Assist,0,3484.0,1
10358,913,M,PhD,84,Other,84,85,Assist,0,3484.0,1
10359,913,M,PhD,84,Other,84,86,Assist,0,3588.0,1
10360,913,M,PhD,84,Other,84,87,Assist,0,3768.0,1
10361,913,M,PhD,84,Other,84,88,Assist,0,3990.0,1
10362,913,M,PhD,84,Other,84,89,Assoc,0,4585.0,2
10363,913,M,PhD,84,Other,84,90,Assoc,0,4869.0,2
10364,913,M,PhD,84,Other,84,91,Assoc,0,5242.0,2
10365,913,M,PhD,84,Other,84,92,Assoc,0,5551.0,2
10366,913,M,PhD,84,Other,84,93,Assoc,0,5712.0,2
10367,913,M,PhD,84,Other,84,94,Assoc,0,5712.0,2
10368,913,M,PhD,84,Other,84,95,Assoc,0,6048.0,2
10369,914,M,PhD,58,Other,71,76,Full,0,2768.0,3
10370,914,M,PhD,58,Other,71,77,Full,0,3066.0,3
10371,914,M,PhD,58,Other,71,78,Full,0,3231.343,3
10372,914,M,PhD,58,Other,71,79,Full,0,3556.0,3
10373,914,M,PhD,58,Other,71,80,Full,0,3801.0,3
10374,914,M,PhD,58,Other,71,81,Full,0,4174.0,3
10375,914,M,PhD,58,Other,71,82,Full,0,4401.515,3
10376,914,M,PhD,58,Other,71,83,Full,0,4598.0,3
10377,914,M,PhD,58,Other,71,84,Full,0,4841.0,3
10378,914,M,PhD,58,Other,71,85,Full,0,4841.0,3
10379,914,M,PhD,58,Other,71,86,Full,0,5278.0,3
10380,914,M,PhD,58,Other,71,87,Full,0,5543.0,3
10381,914,M,PhD,58,Other,71,88,Full,0,5703.0,3
10382,914,M,PhD,58,Other,71,89,Full,0,6103.0,3
10383,914,M,PhD,58,Other,71,90,Full,0,6388.0,3
10384,914,M,PhD,58,Other,71,91,Full,0,6781.0,3
10385,914,M,PhD,58,Other,71,92,Full,0,6977.0,3
10386,914,M,PhD,58,Other,71,93,Full,0,7078.0,3
10387,914,M,PhD,58,Other,71,94,Full,0,7078.0,3
10388,914,M,PhD,58,Other,71,95,Full,0,7388.0,3
10389,915,M,PhD,55,Other,68,76,Full,1,3075.0,3
10390,915,M,PhD,55,Other,68,77,Full,1,3410.0,3
10391,915,M,PhD,55,Other,68,78,Full,0,3966.0,3
10392,915,M,PhD,55,Other,68,79,Full,0,4164.0,3
10393,915,M,PhD,55,Other,68,80,Full,0,4386.0,3
10394,915,M,PhD,55,Other,68,81,Full,0,4681.0,3
10395,915,M,PhD,55,Other,68,82,Full,1,4817.0,3
10396,915,M,PhD,55,Other,68,85,Full,0,5199.0,3
10397,915,M,PhD,55,Other,68,86,Full,0,5669.0,3
10398,915,M,PhD,55,Other,68,87,Full,0,5953.0,3
10399,915,M,PhD,55,Other,68,88,Full,0,6126.0,3
10400,915,M,PhD,55,Other,68,89,Full,0,6555.0,3
10401,915,M,PhD,55,Other,68,90,Full,0,6861.0,3
10402,915,M,PhD,55,Other,68,91,Full,0,7180.0,3
10403,915,M,PhD,55,Other,68,92,Full,0,7388.0,3
10404,915,M,PhD,55,Other,68,93,Full,0,7602.0,3
10405,915,M,PhD,55,Other,68,94,Full,0,7602.0,3
10406,915,M,PhD,55,Other,68,95,Full,0,7823.0,3
10407,916,M,PhD,62,Other,63,76,Full,1,2435.0,3
10408,916,M,PhD,62,Other,63,77,Full,1,2799.0,3
10409,916,M,PhD,62,Other,63,78,Full,1,3001.0,3
10410,916,M,PhD,62,Other,63,79,Full,1,3463.0,3
10411,916,M,PhD,62,Other,63,80,Full,1,3751.0,3
10412,916,M,PhD,62,Other,63,81,Full,1,4291.0,3
10413,916,M,PhD,62,Other,63,82,Full,0,4543.0,3
10414,916,M,PhD,62,Other,63,83,Full,0,5229.0,3
10415,916,M,PhD,62,Other,63,84,Full,0,5504.0,3
10416,916,M,PhD,62,Other,63,85,Full,0,5504.0,3
10417,916,M,PhD,62,Other,63,86,Full,0,6002.0,3
10418,916,M,PhD,62,Other,63,87,Full,0,6304.0,3
10419,916,M,PhD,62,Other,63,88,Full,0,6486.0,3
10420,916,M,PhD,62,Other,63,89,Full,0,6940.0,3
10421,916,M,PhD,62,Other,63,90,Full,0,7060.0,3
10422,916,M,PhD,62,Other,63,91,Full,0,7388.0,3
10423,916,M,PhD,62,Other,63,92,Full,0,7494.0,3
10424,916,M,PhD,62,Other,63,93,Full,0,7712.0,3
10425,916,M,PhD,62,Other,63,94,Full,0,7712.0,3
10426,916,M,PhD,62,Other,63,95,Full,0,7850.0,3
10427,917,M,PhD,72,Other,76,76,Assist,0,1818.0,1
10428,917,M,PhD,72,Other,76,77,Assist,0,2046.0,1
10429,917,M,PhD,72,Other,76,78,Assoc,0,2149.0,2
10430,917,M,PhD,72,Other,76,79,Assoc,0,2382.0,2
10431,917,M,PhD,72,Other,76,80,Assoc,0,2560.0,2
10432,917,M,PhD,72,Other,76,81,Assoc,0,2834.0,2
10433,917,M,PhD,72,Other,76,82,Assoc,0,2917.0,2
10434,917,M,PhD,72,Other,76,83,Full,0,3167.0,3
10435,917,M,PhD,72,Other,76,84,Full,0,3287.0,3
10436,917,M,PhD,72,Other,76,85,Full,0,3287.0,3
10437,917,M,PhD,72,Other,76,86,Full,0,3384.0,3
10438,917,M,PhD,72,Other,76,87,Full,0,3555.0,3
10439,917,M,PhD,72,Other,76,88,Full,0,3606.0,3
10440,917,M,PhD,72,Other,76,89,Full,0,3970.0,3
10441,917,M,PhD,72,Other,76,90,Full,0,4038.0,3
10442,917,M,PhD,72,Other,76,91,Full,0,4165.0,3
10443,917,M,PhD,72,Other,76,92,Full,0,4286.0,3
10444,917,M,PhD,72,Other,76,93,Full,0,4348.0,3
10445,917,M,PhD,72,Other,76,94,Full,0,4348.0,3
10446,917,M,PhD,72,Other,76,95,Full,0,5423.0,3
10447,918,F,PhD,91,Arts,91,91,Assist,0,3271.0,1
10448,918,F,PhD,91,Arts,91,92,Assist,0,3318.0,1
10449,918,F,PhD,91,Arts,91,93,Assist,0,3414.0,1
10450,918,F,PhD,91,Arts,91,94,Assist,0,3414.0,1
10451,918,F,PhD,91,Arts,91,95,Assist,0,3774.0,1
10452,919,M,PhD,75,Other,88,88,Assoc,1,4533.0,2
10453,919,M,PhD,75,Other,88,89,Assoc,1,4712.0,2
10454,919,M,PhD,75,Other,88,90,Assoc,1,5004.0,2
10455,919,M,PhD,75,Other,88,91,Assoc,1,5311.0,2
10456,919,M,PhD,75,Other,88,92,Assoc,1,5465.0,2
10457,919,M,PhD,75,Other,88,93,Assoc,1,5705.0,2
10458,919,M,PhD,75,Other,88,94,Assoc,1,5705.0,2
10459,919,M,PhD,75,Other,88,95,Full,1,6305.0,3
10460,920,M,PhD,77,Other,82,82,Assist,0,2567.0,1
10461,920,M,PhD,77,Other,82,83,Assist,0,2708.0,1
10462,920,M,PhD,77,Other,82,84,Assist,0,2892.0,1
10463,920,M,PhD,77,Other,82,85,Assist,0,2892.0,1
10464,920,M,PhD,77,Other,82,86,Assist,0,3341.0,1
10465,920,M,PhD,77,Other,82,87,Assist,0,3508.0,1
10466,920,M,PhD,77,Other,82,88,Assoc,0,3715.0,2
10467,920,M,PhD,77,Other,82,89,Assoc,0,4032.0,2
10468,920,M,PhD,77,Other,82,90,Assoc,0,4220.0,2
10469,920,M,PhD,77,Other,82,91,Assoc,0,4480.0,2
10470,920,M,PhD,77,Other,82,92,Assoc,0,4610.0,2
10471,920,M,PhD,77,Other,82,93,Assoc,0,4743.0,2
10472,920,M,PhD,77,Other,82,94,Assoc,0,4743.0,2
10473,920,M,PhD,77,Other,82,95,Full,0,5168.0,3
10474,921,M,PhD,77,Prof,77,77,Assist,0,1822.0,1
10475,921,M,PhD,77,Prof,77,78,Assist,0,1980.0,1
10476,921,M,PhD,77,Prof,77,79,Assist,0,2327.0,1
10477,921,M,PhD,77,Prof,77,80,Assist,0,2552.0,1
10478,921,M,PhD,77,Prof,77,81,Assoc,0,3048.0,2
10479,921,M,PhD,77,Prof,77,82,Assoc,0,3369.0,2
10480,921,M,PhD,77,Prof,77,83,Assoc,0,3764.0,2
10481,921,M,PhD,77,Prof,77,84,Assoc,0,4195.0,2
10482,921,M,PhD,77,Prof,77,85,Full,0,4317.0,3
10483,921,M,PhD,77,Prof,77,86,Full,0,5588.0,3
10484,921,M,PhD,77,Prof,77,87,Full,0,5869.0,3
10485,921,M,PhD,77,Prof,77,88,Full,0,6126.0,3
10486,921,M,PhD,77,Prof,77,89,Full,0,6940.0,3
10487,921,M,PhD,77,Prof,77,90,Full,0,8145.0,3
10488,921,M,PhD,77,Prof,77,91,Full,0,8523.0,3
10489,921,M,PhD,77,Prof,77,92,Full,0,8896.0,3
10490,921,M,PhD,77,Prof,77,93,Full,0,9154.0,3
10491,921,M,PhD,77,Prof,77,94,Full,0,9154.0,3
10492,921,M,PhD,77,Prof,77,95,Full,0,9693.0,3
10493,922,F,PhD,86,Other,88,88,Assist,0,3085.0,1
10494,922,F,PhD,86,Other,88,89,Assist,0,3117.0,1
10495,922,F,PhD,86,Other,88,90,Assist,0,3310.0,1
10496,922,F,PhD,86,Other,88,91,Assist,0,3615.0,1
10497,922,F,PhD,86,Other,88,92,Assist,0,3774.0,1
10498,922,F,PhD,86,Other,88,93,Assist,0,3996.0,1
10499,922,F,PhD,86,Other,88,94,Assoc,0,4112.0,2
10500,922,F,PhD,86,Other,88,95,Assoc,0,4743.0,2
10501,923,M,PhD,85,Other,92,92,Assist,0,4171.0,1
10502,923,M,PhD,85,Other,92,93,Assist,0,4353.0,1
10503,923,M,PhD,85,Other,92,94,Assist,0,4353.0,1
10504,923,M,PhD,85,Other,92,95,Assist,0,4676.0,1
10505,924,M,PhD,82,Other,85,85,Assist,0,2892.0,1
10506,924,M,PhD,82,Other,85,86,Assist,0,2980.0,1
10507,924,M,PhD,82,Other,85,87,Assist,0,3129.0,1
10508,924,M,PhD,82,Other,85,88,Assoc,0,3409.0,2
10509,924,M,PhD,82,Other,85,89,Assoc,0,3808.0,2
10510,924,M,PhD,82,Other,85,90,Assoc,0,4160.0,2
10511,924,M,PhD,82,Other,85,91,Assoc,0,4480.0,2
10512,924,M,PhD,82,Other,85,92,Assoc,0,4743.0,2
10513,924,M,PhD,82,Other,85,93,Assoc,0,4951.0,2
10514,924,M,PhD,82,Other,85,94,Assoc,0,4951.0,2
10515,924,M,PhD,82,Other,85,95,Full,0,5538.0,3
10516,925,F,PhD,77,Other,78,78,Assoc,0,1959.0,2
10517,925,F,PhD,77,Other,78,79,Assoc,0,2214.0,2
10518,925,F,PhD,77,Other,78,80,Assoc,0,2358.0,2
10519,925,F,PhD,77,Other,78,81,Assoc,0,2639.0,2
10520,925,F,PhD,77,Other,78,82,Assoc,0,2794.0,2
10521,925,F,PhD,77,Other,78,83,Assoc,0,3122.0,2
10522,925,F,PhD,77,Other,78,84,Full,0,3790.0,3
10523,925,F,PhD,77,Other,78,85,Full,0,3790.0,3
10524,925,F,PhD,77,Other,78,86,Full,0,4194.0,3
10525,925,F,PhD,77,Other,78,87,Full,0,4405.0,3
10526,925,F,PhD,77,Other,78,88,Full,0,4664.0,3
10527,925,F,PhD,77,Other,78,89,Full,0,5208.0,3
10528,925,F,PhD,77,Other,78,90,Full,0,5610.0,3
10529,925,F,PhD,77,Other,78,91,Full,0,6040.0,3
10530,925,F,PhD,77,Other,78,92,Full,0,6216.0,3
10531,925,F,PhD,77,Other,78,93,Full,0,6581.0,3
10532,925,F,PhD,77,Other,78,94,Full,0,6581.0,3
10533,925,F,PhD,77,Other,78,95,Full,0,6870.0,3
10535,927,M,PhD,79,Prof,91,91,Assoc,0,6223.0,2
10536,927,M,PhD,79,Prof,91,92,Assoc,0,6404.0,2
10537,927,M,PhD,79,Prof,91,93,Assoc,0,6590.0,2
10538,927,M,PhD,79,Prof,91,94,Assoc,0,6590.0,2
10539,927,M,PhD,79,Prof,91,95,Full,0,7078.0,3
10540,928,M,PhD,92,Other,92,92,Assist,0,5631.0,1
10541,928,M,PhD,92,Other,92,93,Assist,0,5631.0,1
10542,928,M,PhD,92,Other,92,94,Assist,0,5631.0,1
10543,928,M,PhD,92,Other,92,95,Assist,0,5937.0,1
10544,929,M,PhD,67,Other,70,76,Assoc,0,1946.0,2
10545,929,M,PhD,67,Other,70,77,Assoc,0,2176.0,2
10546,929,M,PhD,67,Other,70,78,Assoc,0,2296.0,2
10547,929,M,PhD,67,Other,70,79,Assoc,0,2583.0,2
10548,929,M,PhD,67,Other,70,80,Assoc,0,2869.0,2
10549,929,M,PhD,67,Other,70,81,Full,0,3369.0,3
10550,929,M,PhD,67,Other,70,82,Full,0,3369.0,3
10551,929,M,PhD,67,Other,70,83,Full,0,3764.0,3
10552,929,M,PhD,67,Other,70,84,Full,0,4018.0,3
10553,929,M,PhD,67,Other,70,85,Full,0,4018.0,3
10554,929,M,PhD,67,Other,70,86,Full,0,4844.0,3
10555,929,M,PhD,67,Other,70,87,Full,0,5087.0,3
10556,929,M,PhD,67,Other,70,88,Full,0,5160.0,3
10557,929,M,PhD,67,Other,70,89,Full,0,5682.0,3
10558,929,M,PhD,67,Other,70,90,Full,1,6668.0,3
10559,929,M,PhD,67,Other,70,91,Full,1,6977.0,3
10560,929,M,PhD,67,Other,70,92,Full,1,7180.0,3
10561,929,M,PhD,67,Other,70,93,Full,1,7388.0,3
10562,929,M,PhD,67,Other,70,94,Full,1,7388.0,3
10563,929,M,PhD,67,Other,70,95,Full,1,7823.0,3
10564,930,M,PhD,65,Prof,67,76,Assoc,0,2018.0,2
10565,930,M,PhD,65,Prof,67,77,Assoc,0,2216.0,2
10566,930,M,PhD,65,Prof,67,78,Full,0,2378.0,3
10567,930,M,PhD,65,Prof,67,79,Full,0,2627.0,3
10568,930,M,PhD,65,Prof,67,80,Full,0,2824.0,3
10569,930,M,PhD,65,Prof,67,81,Full,0,3275.0,3
10570,930,M,PhD,65,Prof,67,82,Full,0,3417.0,3
10571,930,M,PhD,65,Prof,67,83,Full,0,3605.0,3
10572,930,M,PhD,65,Prof,67,84,Full,0,4077.0,3
10573,930,M,PhD,65,Prof,67,85,Full,0,4077.0,3
10574,930,M,PhD,65,Prof,67,86,Full,0,4199.0,3
10575,930,M,PhD,65,Prof,67,87,Full,0,4410.0,3
10576,930,M,PhD,65,Prof,67,88,Full,0,4473.0,3
10577,930,M,PhD,65,Prof,67,89,Full,0,5141.0,3
10578,930,M,PhD,65,Prof,67,90,Full,0,5780.0,3
10579,930,M,PhD,65,Prof,67,91,Full,0,5962.0,3
10580,930,M,PhD,65,Prof,67,92,Full,0,6223.0,3
10581,930,M,PhD,65,Prof,67,93,Full,0,6404.0,3
10582,930,M,PhD,65,Prof,67,94,Full,0,6404.0,3
10583,930,M,PhD,65,Prof,67,95,Full,0,6496.0,3
10584,931,F,PhD,91,Other,92,92,Assist,0,4348.0,1
10585,931,F,PhD,91,Other,92,93,Assist,0,4348.0,1
10586,931,F,PhD,91,Other,92,94,Assist,0,5631.0,1
10587,931,F,PhD,91,Other,92,95,Assist,0,5878.0,1
10588,933,F,PhD,88,Other,90,90,Assist,0,3353.333,1
10589,933,F,PhD,88,Other,90,91,Assist,0,3509.0,1
10590,933,F,PhD,88,Other,90,92,Assist,0,3611.0,1
10591,933,F,PhD,88,Other,90,93,Assist,0,3663.0,1
10592,933,F,PhD,88,Other,90,94,Assist,0,3663.0,1
10593,933,F,PhD,88,Other,90,95,Assoc,0,3991.0,2
10594,934,F,PhD,68,Other,68,76,Full,0,2184.0,3
10595,934,F,PhD,68,Other,68,77,Full,0,2414.0,3
10596,934,F,PhD,68,Other,68,78,Full,0,2559.0,3
10597,934,F,PhD,68,Other,68,79,Full,0,2892.0,3
10598,934,F,PhD,68,Other,68,80,Full,0,3080.0,3
10599,934,F,PhD,68,Other,68,81,Full,0,3413.0,3
10600,934,F,PhD,68,Other,68,82,Full,0,3413.0,3
10601,934,F,PhD,68,Other,68,83,Full,0,3601.0,3
10602,934,F,PhD,68,Other,68,84,Full,0,3790.0,3
10603,934,F,PhD,68,Other,68,85,Full,0,3790.0,3
10604,934,F,PhD,68,Other,68,86,Full,0,4134.0,3
10605,934,F,PhD,68,Other,68,87,Full,0,4343.0,3
10606,934,F,PhD,68,Other,68,88,Full,0,4598.0,3
10607,934,F,PhD,68,Other,68,89,Full,0,5134.0,3
10608,934,F,PhD,68,Other,68,90,Full,1,5530.0,3
10609,934,F,PhD,68,Other,68,91,Full,0,5705.0,3
10610,934,F,PhD,68,Other,68,92,Full,0,5870.0,3
10611,934,F,PhD,68,Other,68,93,Full,0,6040.0,3
10612,934,F,PhD,68,Other,68,94,Full,0,6040.0,3
10613,934,F,PhD,68,Other,68,95,Full,0,6216.0,3
10614,935,M,PhD,70,Arts,68,76,Assoc,0,1683.0,2
10615,935,M,PhD,70,Arts,68,77,Assoc,0,1866.0,2
10616,935,M,PhD,70,Arts,68,78,Assoc,0,1942.0,2
10617,935,M,PhD,70,Arts,68,79,Assoc,0,2120.0,2
10618,935,M,PhD,70,Arts,68,80,Assoc,0,2205.0,2
10619,935,M,PhD,70,Arts,68,81,Assoc,0,2357.0,2
10620,935,M,PhD,70,Arts,68,82,Assoc,0,2357.0,2
10621,935,M,PhD,70,Arts,68,83,Assoc,0,2487.0,2
10622,935,M,PhD,70,Arts,68,84,Assoc,0,2694.0,2
10623,935,M,PhD,70,Arts,68,85,Assoc,0,2694.0,2
10624,935,M,PhD,70,Arts,68,86,Assoc,0,2774.0,2
10625,935,M,PhD,70,Arts,68,87,Assoc,0,2913.0,2
10626,935,M,PhD,70,Arts,68,88,Assoc,0,3409.0,2
10627,935,M,PhD,70,Arts,68,89,Assoc,0,3648.0,2
10628,935,M,PhD,70,Arts,68,90,Assoc,0,3873.0,2
10629,935,M,PhD,70,Arts,68,91,Assoc,0,4416.0,2
10630,935,M,PhD,70,Arts,68,92,Assoc,0,4544.0,2
10631,935,M,PhD,70,Arts,68,93,Assoc,0,4676.0,2
10632,935,M,PhD,70,Arts,68,94,Assoc,0,4676.0,2
10633,935,M,PhD,70,Arts,68,95,Assoc,0,4951.0,2
10634,937,M,PhD,85,Other,90,90,Assist,0,3606.0,1
10635,937,M,PhD,85,Other,90,91,Assist,0,3667.0,1
10636,937,M,PhD,85,Other,90,92,Assist,0,3774.0,1
10637,937,M,PhD,85,Other,90,93,Assist,0,3883.0,1
10638,937,M,PhD,85,Other,90,94,Assist,0,3883.0,1
10639,937,M,PhD,85,Other,90,95,Assist,0,3996.0,1
10640,938,F,PhD,90,Other,90,90,Assist,0,3401.0,1
10641,938,F,PhD,90,Other,90,91,Assist,0,3459.0,1
10642,938,F,PhD,90,Other,90,92,Assist,0,3663.0,1
10643,938,F,PhD,90,Other,90,93,Assist,0,3878.0,1
10644,938,F,PhD,90,Other,90,94,Assist,0,3878.0,1
10645,938,F,PhD,90,Other,90,95,Assoc,0,4538.0,2
10646,939,M,PhD,68,Arts,60,76,Assoc,0,2005.882,2
10647,939,M,PhD,68,Arts,60,77,Assoc,0,2136.0,2
10648,939,M,PhD,68,Arts,60,78,Assoc,1,2256.0,2
10649,939,M,PhD,68,Arts,60,79,Assoc,0,2497.0,2
10650,939,M,PhD,68,Arts,60,80,Assoc,1,2642.0,2
10651,939,M,PhD,68,Arts,60,81,Assoc,1,2879.0,2
10652,939,M,PhD,68,Arts,60,82,Assoc,1,2879.0,2
10653,939,M,PhD,68,Arts,60,83,Assoc,1,3036.0,2
10654,939,M,PhD,68,Arts,60,84,Assoc,1,3197.0,2
10655,939,M,PhD,68,Arts,60,85,Assoc,1,3197.0,2
10656,939,M,PhD,68,Arts,60,86,Full,1,3909.0,3
10657,939,M,PhD,68,Arts,60,87,Full,1,4347.0,3
10658,939,M,PhD,68,Arts,60,88,Full,0,4410.0,3
10659,939,M,PhD,68,Arts,60,89,Full,0,4718.0,3
10660,939,M,PhD,68,Arts,60,90,Full,0,4939.0,3
10661,939,M,PhD,68,Arts,60,91,Full,0,5095.0,3
10662,939,M,PhD,68,Arts,60,92,Full,0,5168.0,3
10663,939,M,PhD,68,Arts,60,93,Full,0,5318.0,3
10664,939,M,PhD,68,Arts,60,94,Full,1,5318.0,3
10665,939,M,PhD,68,Arts,60,95,Full,0,5394.0,3
10666,940,M,PhD,68,Arts,67,76,Assoc,0,1652.0,2
10667,940,M,PhD,68,Arts,67,77,Assoc,0,1828.0,2
10668,940,M,PhD,68,Arts,67,78,Assoc,0,2019.0,2
10669,940,M,PhD,68,Arts,67,79,Assoc,0,2242.667,2
10670,940,M,PhD,68,Arts,67,80,Assoc,0,2420.0,2
10671,940,M,PhD,68,Arts,67,81,Assoc,0,2680.0,2
10672,940,M,PhD,68,Arts,67,82,Assoc,0,2879.0,2
10673,940,M,PhD,68,Arts,67,83,Assoc,0,3037.0,2
10674,940,M,PhD,68,Arts,67,84,Assoc,0,3197.0,2
10675,940,M,PhD,68,Arts,67,85,Assoc,0,3197.0,2
10676,940,M,PhD,68,Arts,67,86,Assoc,1,3588.0,2
10677,940,M,PhD,68,Arts,67,87,Assoc,1,3768.0,2
10678,940,M,PhD,68,Arts,67,88,Assoc,1,4047.0,2
10679,940,M,PhD,68,Arts,67,89,Assoc,0,4456.0,2
10680,940,M,PhD,68,Arts,67,90,Assoc,0,4800.0,2
10681,940,M,PhD,68,Arts,67,91,Assoc,0,5168.0,2
10682,940,M,PhD,68,Arts,67,92,Assoc,0,5318.0,2
10683,940,M,PhD,68,Arts,67,93,Assoc,0,5472.0,2
10684,940,M,PhD,68,Arts,67,94,Assoc,0,5472.0,2
10685,940,M,PhD,68,Arts,67,95,Assoc,0,5631.0,2
10686,941,M,PhD,69,Arts,68,76,Assoc,0,1652.0,2
10687,941,M,PhD,69,Arts,68,77,Assoc,0,1754.0,2
10688,941,M,PhD,69,Arts,68,78,Assoc,0,1828.0,2
10689,941,M,PhD,69,Arts,68,79,Assoc,0,2039.0,2
10690,941,M,PhD,69,Arts,68,80,Assoc,0,2162.0,2
10691,941,M,PhD,69,Arts,68,81,Assoc,0,2357.0,2
10692,941,M,PhD,69,Arts,68,82,Assoc,0,2357.0,2
10693,941,M,PhD,69,Arts,68,83,Assoc,0,2595.0,2
10694,941,M,PhD,69,Arts,68,84,Assoc,0,2851.0,2
10695,941,M,PhD,69,Arts,68,85,Assoc,0,2851.0,2
10696,941,M,PhD,69,Arts,68,86,Assoc,0,2937.0,2
10697,941,M,PhD,69,Arts,68,87,Assoc,0,3085.0,2
10698,941,M,PhD,69,Arts,68,88,Assoc,0,3361.0,2
10699,941,M,PhD,69,Arts,68,89,Assoc,0,3700.0,2
10700,941,M,PhD,69,Arts,68,90,Assoc,0,3818.0,2
10701,941,M,PhD,69,Arts,68,91,Assoc,0,4053.0,2
10702,941,M,PhD,69,Arts,68,92,Assoc,0,4053.0,2
10703,941,M,PhD,69,Arts,68,93,Assoc,0,4171.0,2
10704,941,M,PhD,69,Arts,68,94,Assoc,0,4171.0,2
10705,941,M,PhD,69,Arts,68,95,Assoc,0,4292.0,2
10706,942,M,PhD,91,Other,93,93,Assist,0,3410.0,1
10707,942,M,PhD,91,Other,93,94,Assist,0,3410.0,1
10708,942,M,PhD,91,Other,93,95,Assist,0,3559.0,1
10710,944,M,PhD,68,Arts,69,76,Assist,0,1683.0,1
10711,944,M,PhD,68,Arts,69,77,Assoc,0,1956.604,2
10712,944,M,PhD,68,Arts,69,78,Assoc,0,2019.0,2
10713,944,M,PhD,68,Arts,69,79,Assoc,0,2285.0,2
10714,944,M,PhD,68,Arts,69,80,Assoc,0,2507.0,2
10715,944,M,PhD,68,Arts,69,81,Assoc,0,2838.0,2
10716,944,M,PhD,68,Arts,69,82,Assoc,0,3048.0,2
10717,944,M,PhD,68,Arts,69,83,Assoc,0,3216.0,2
10718,944,M,PhD,68,Arts,69,84,Assoc,0,3484.0,2
10719,944,M,PhD,68,Arts,69,85,Full,0,3586.0,3
10720,944,M,PhD,68,Arts,69,86,Full,1,4139.0,3
10721,944,M,PhD,68,Arts,69,87,Full,0,4105.0,3
10722,944,M,PhD,68,Arts,69,88,Full,0,4285.0,3
10723,944,M,PhD,68,Arts,69,89,Full,0,4651.0,3
10724,944,M,PhD,68,Arts,69,90,Full,0,4869.0,3
10725,944,M,PhD,68,Arts,69,91,Full,0,5318.0,3
10726,944,M,PhD,68,Arts,69,92,Full,0,5472.0,3
10727,944,M,PhD,68,Arts,69,93,Full,0,5878.0,3
10728,944,M,PhD,68,Arts,69,94,Full,0,5878.0,3
10729,944,M,PhD,68,Arts,69,95,Full,0,6048.0,3
10730,945,M,PhD,74,Arts,81,81,Assist,0,2391.0,1
10731,945,M,PhD,74,Arts,81,82,Assist,0,2460.0,1
10732,945,M,PhD,74,Arts,81,83,Assist,0,2595.0,1
10733,945,M,PhD,74,Arts,81,84,Assist,0,2732.0,1
10734,945,M,PhD,74,Arts,81,85,Assist,0,2732.0,1
10735,945,M,PhD,74,Arts,81,86,Assist,0,3246.0,1
10736,945,M,PhD,74,Arts,81,87,Assoc,0,3508.0,2
10737,945,M,PhD,74,Arts,81,88,Assoc,0,3662.0,2
10738,945,M,PhD,74,Arts,81,89,Assoc,0,3918.0,2
10739,945,M,PhD,74,Arts,81,90,Assoc,0,4101.0,2
10740,945,M,PhD,74,Arts,81,91,Assoc,0,4353.0,2
10741,945,M,PhD,74,Arts,81,92,Assoc,0,4480.0,2
10742,945,M,PhD,74,Arts,81,93,Assoc,0,4480.0,2
10743,945,M,PhD,74,Arts,81,94,Assoc,0,4480.0,2
10744,945,M,PhD,74,Arts,81,95,Assoc,0,4676.0,2
10745,946,F,PhD,82,Arts,87,87,Assist,0,3313.0,1
10746,946,F,PhD,82,Arts,87,88,Assist,0,3313.0,1
10747,946,F,PhD,82,Arts,87,89,Assist,0,3596.0,1
10748,946,F,PhD,82,Arts,87,90,Assoc,0,3986.0,2
10749,946,F,PhD,82,Arts,87,91,Assoc,0,4231.0,2
10750,946,F,PhD,82,Arts,87,92,Assoc,0,4353.0,2
10751,946,F,PhD,82,Arts,87,93,Assoc,0,4480.0,2
10752,946,F,PhD,82,Arts,87,94,Assoc,0,4480.0,2
10753,946,F,PhD,82,Arts,87,95,Assoc,0,4610.0,2
10754,947,F,PhD,81,Other,84,84,Assist,0,2811.0,1
10755,947,F,PhD,81,Other,84,85,Assist,0,2811.0,1
10756,947,F,PhD,81,Other,84,86,Assist,0,3437.0,1
10757,947,F,PhD,81,Other,84,87,Assist,0,3610.0,1
10758,947,F,PhD,81,Other,84,88,Assist,0,3715.0,1
10759,947,F,PhD,81,Other,84,89,Assist,0,4032.0,1
10760,947,F,PhD,81,Other,84,90,Assoc,0,4405.0,2
10761,947,F,PhD,81,Other,84,91,Assoc,0,4610.0,2
10762,947,F,PhD,81,Other,84,92,Assoc,0,4743.0,2
10763,947,F,PhD,81,Other,84,93,Assoc,0,4881.0,2
10764,947,F,PhD,81,Other,84,94,Assoc,0,4881.0,2
10765,947,F,PhD,81,Other,84,95,Assoc,0,5022.0,2
10767,949,F,PhD,82,Other,92,92,Assist,0,3769.0,1
10768,949,F,PhD,82,Other,92,93,Assist,0,3769.0,1
10769,949,F,PhD,82,Other,92,94,Assist,0,3769.0,1
10770,949,F,PhD,82,Other,92,95,Assist,0,4165.0,1
10771,950,M,PhD,78,Other,86,86,Assist,0,3110.0,1
10772,950,M,PhD,78,Other,86,87,Assist,0,3266.0,1
10773,950,M,PhD,78,Other,86,88,Assist,0,3409.0,1
10774,950,M,PhD,78,Other,86,89,Assist,0,3754.0,1
10775,950,M,PhD,78,Other,86,90,Assist,0,3986.0,1
10776,950,M,PhD,78,Other,86,91,Assist,0,4231.0,1
10777,950,M,PhD,78,Other,86,92,Assoc,0,4480.0,2
10778,950,M,PhD,78,Other,86,93,Assoc,0,4743.0,2
10779,950,M,PhD,78,Other,86,94,Assoc,0,4743.0,2
10780,950,M,PhD,78,Other,86,95,Assoc,0,4881.0,2
10781,951,M,PhD,93,Other,93,93,Assist,0,3934.0,1
10782,951,M,PhD,93,Other,93,94,Assist,0,3934.0,1
10783,951,M,PhD,93,Other,93,95,Assist,0,4106.0,1
10784,952,F,PhD,85,Other,84,84,Assist,0,2651.0,1
10785,952,F,PhD,85,Other,84,85,Assist,0,2651.0,1
10786,952,F,PhD,85,Other,84,86,Assist,0,2892.0,1
10787,952,F,PhD,85,Other,84,87,Assist,0,3038.0,1
10788,952,F,PhD,85,Other,84,88,Assist,0,3217.0,1
10789,952,F,PhD,85,Other,84,89,Assist,0,3592.0,1
10790,952,F,PhD,85,Other,84,90,Assist,0,3759.0,1
10791,952,F,PhD,85,Other,84,91,Assist,0,3934.0,1
10792,952,F,PhD,85,Other,84,92,Assoc,0,4286.0,2
10793,952,F,PhD,85,Other,84,93,Assoc,0,4411.0,2
10794,952,F,PhD,85,Other,84,94,Assoc,0,4411.0,2
10795,952,F,PhD,85,Other,84,95,Assoc,0,4538.0,2
10796,953,M,PhD,79,Arts,79,79,Assist,0,1688.0,1
10797,953,M,PhD,79,Arts,79,80,Assist,0,1835.0,1
10798,953,M,PhD,79,Arts,79,81,Assist,0,2167.0,1
10799,953,M,PhD,79,Arts,79,82,Assist,0,2322.667,1
10800,953,M,PhD,79,Arts,79,83,Assist,0,2558.0,1
10801,953,M,PhD,79,Arts,79,84,Assoc,0,2770.0,2
10802,953,M,PhD,79,Arts,79,85,Assoc,0,2770.0,2
10803,953,M,PhD,79,Arts,79,86,Assoc,0,2855.0,2
10804,953,M,PhD,79,Arts,79,87,Assoc,0,2998.0,2
10805,953,M,PhD,79,Arts,79,88,Assoc,0,3266.0,2
10806,953,M,PhD,79,Arts,79,89,Assoc,0,3700.0,2
10807,953,M,PhD,79,Arts,79,90,Assoc,0,3873.0,2
10808,953,M,PhD,79,Arts,79,91,Assoc,0,3996.0,2
10809,953,M,PhD,79,Arts,79,92,Assoc,0,4112.0,2
10810,953,M,PhD,79,Arts,79,93,Assoc,1,4231.0,2
10811,953,M,PhD,79,Arts,79,94,Assoc,0,4231.0,2
10812,953,M,PhD,79,Arts,79,95,Assoc,0,4480.0,2
10813,954,F,PhD,61,Other,69,76,Full,0,2053.0,3
10814,954,F,PhD,61,Other,69,77,Full,0,2419.0,3
10815,954,F,PhD,61,Other,69,78,Full,0,2586.0,3
10816,954,F,PhD,61,Other,69,79,Full,0,2850.0,3
10817,954,F,PhD,61,Other,69,80,Full,0,3043.284,3
10818,954,F,PhD,61,Other,69,81,Full,0,3369.0,3
10819,954,F,PhD,61,Other,69,82,Full,0,3517.0,3
10820,954,F,PhD,61,Other,69,83,Full,0,3764.0,3
10821,954,F,PhD,61,Other,69,84,Full,0,3962.667,3
10822,954,F,PhD,61,Other,69,85,Full,0,3962.667,3
10823,954,F,PhD,61,Other,69,86,Full,0,4510.667,3
10824,954,F,PhD,61,Other,69,87,Full,0,4736.0,3
10825,954,F,PhD,61,Other,69,88,Full,0,4874.0,3
10826,954,F,PhD,61,Other,69,89,Full,0,5366.0,3
10827,954,F,PhD,61,Other,69,90,Full,0,5617.0,3
10828,954,F,PhD,61,Other,69,91,Full,0,5962.0,3
10829,954,F,PhD,61,Other,69,92,Full,0,6223.0,3
10830,954,F,PhD,61,Other,69,93,Full,0,6404.0,3
10831,954,F,PhD,61,Other,69,94,Full,0,6403.529,3
10832,954,F,PhD,61,Other,69,95,Full,0,6683.529,3
10833,955,M,PhD,72,Prof,72,76,Assist,0,1417.0,1
10834,955,M,PhD,72,Prof,72,77,Assist,0,1593.0,1
10835,955,M,PhD,72,Prof,72,78,Assist,0,1674.699,1
10836,955,M,PhD,72,Prof,72,79,Assoc,0,2052.0,2
10837,955,M,PhD,72,Prof,72,80,Assoc,0,2196.0,2
10838,955,M,PhD,72,Prof,72,81,Assoc,0,2422.0,2
10839,955,M,PhD,72,Prof,72,82,Assoc,0,2565.0,2
10840,955,M,PhD,72,Prof,72,83,Assoc,0,2744.0,2
10841,955,M,PhD,72,Prof,72,84,Full,0,3059.0,3
10842,955,M,PhD,72,Prof,72,85,Full,0,3060.0,3
10843,955,M,PhD,72,Prof,72,86,Full,0,3384.0,3
10844,955,M,PhD,72,Prof,72,87,Full,0,4220.0,3
10845,955,M,PhD,72,Prof,72,88,Full,0,4220.0,3
10846,955,M,PhD,72,Prof,72,89,Full,0,4516.0,3
10847,955,M,PhD,72,Prof,72,90,Full,0,4725.333,3
10848,955,M,PhD,72,Prof,72,91,Full,0,4945.0,3
10849,955,M,PhD,72,Prof,72,92,Full,0,5016.0,3
10850,955,M,PhD,72,Prof,72,93,Full,0,5162.0,3
10851,955,M,PhD,72,Prof,72,94,Full,0,5162.0,3
10852,955,M,PhD,72,Prof,72,95,Full,0,5388.0,3
10853,956,M,PhD,70,Arts,76,76,Assist,0,1803.0,1
10854,956,M,PhD,70,Arts,76,78,Assist,0,1904.0,1
10855,956,M,PhD,70,Arts,76,79,Assist,0,2039.0,1
10856,956,M,PhD,70,Arts,76,80,Assoc,0,2247.0,2
10857,956,M,PhD,70,Arts,76,81,Assoc,0,2519.403,2
10858,956,M,PhD,70,Arts,76,82,Assoc,0,2532.0,2
10859,956,M,PhD,70,Arts,76,83,Assoc,0,2671.0,2
10860,956,M,PhD,70,Arts,76,84,Assoc,0,3020.0,2
10861,956,M,PhD,70,Arts,76,85,Assoc,0,3020.0,2
10862,956,M,PhD,70,Arts,76,86,Assoc,0,3341.0,2
10863,956,M,PhD,70,Arts,76,87,Assoc,0,3508.0,2
10864,956,M,PhD,70,Arts,76,88,Assoc,0,3610.0,2
10865,956,M,PhD,70,Arts,76,89,Assoc,0,3918.0,2
10866,956,M,PhD,70,Arts,76,90,Assoc,0,4101.0,2
10867,956,M,PhD,70,Arts,76,91,Assoc,0,4610.0,2
10868,956,M,PhD,70,Arts,76,92,Assoc,0,4743.0,2
10869,956,M,PhD,70,Arts,76,93,Assoc,0,4881.0,2
10870,956,M,PhD,70,Arts,76,94,Assoc,0,4881.0,2
10871,956,M,PhD,70,Arts,76,95,Assoc,0,5631.0,2
10872,957,M,PhD,71,Other,73,76,Assoc,0,1910.0,2
10873,957,M,PhD,71,Other,73,77,Assoc,0,2176.0,2
10874,957,M,PhD,71,Other,73,78,Assoc,0,2244.776,2
10875,957,M,PhD,71,Other,73,79,Assoc,0,2540.0,2
10876,957,M,PhD,71,Other,73,80,Full,0,2824.0,3
10877,957,M,PhD,71,Other,73,82,Full,0,3322.0,3
10878,957,M,PhD,71,Other,73,83,Full,0,3505.0,3
10879,957,M,PhD,71,Other,73,84,Full,0,3962.0,3
10880,957,M,PhD,71,Other,73,85,Full,0,3962.0,3
10881,957,M,PhD,71,Other,73,86,Full,0,4300.0,3
10882,957,M,PhD,71,Other,73,87,Full,0,4538.0,3
10883,957,M,PhD,71,Other,73,88,Full,0,4736.0,3
10884,957,M,PhD,71,Other,73,89,Full,0,5068.0,3
10885,957,M,PhD,71,Other,73,90,Full,0,5305.0,3
10886,957,M,PhD,71,Other,73,91,Full,0,5631.0,3
10887,957,M,PhD,71,Other,73,92,Full,0,5712.0,3
10888,957,M,PhD,71,Other,73,93,Full,0,5794.0,3
10889,957,M,PhD,71,Other,73,94,Full,0,5794.0,3
10890,957,M,PhD,71,Other,73,95,Full,0,5962.0,3
10891,958,M,PhD,80,Other,80,80,Assist,0,1688.0,1
10892,958,M,PhD,80,Other,80,82,Assist,0,2042.0,1
10893,958,M,PhD,80,Other,80,83,Assist,0,2218.0,1
10894,958,M,PhD,80,Other,80,84,Assist,0,2581.0,1
10895,958,M,PhD,80,Other,80,85,Assist,0,2581.0,1
10896,958,M,PhD,80,Other,80,86,Assoc,0,3155.0,2
10897,958,M,PhD,80,Other,80,87,Assoc,0,3313.0,2
10898,958,M,PhD,80,Other,80,88,Assoc,0,3458.0,2
10899,958,M,PhD,80,Other,80,89,Assoc,0,3808.0,2
10900,958,M,PhD,80,Other,80,90,Assoc,0,4043.0,2
10901,958,M,PhD,80,Other,80,91,Assoc,0,5318.0,2
10902,958,M,PhD,80,Other,80,92,Assoc,0,5472.0,2
10903,958,M,PhD,80,Other,80,93,Full,0,5794.0,3
10904,958,M,PhD,80,Other,80,94,Full,0,5794.0,3
10905,958,M,PhD,80,Other,80,95,Full,0,5878.0,3
10906,959,M,PhD,73,Prof,92,92,Assist,0,4411.0,1
10907,959,M,PhD,73,Prof,92,93,Assist,0,4538.0,1
10908,959,M,PhD,73,Prof,92,94,Assist,0,4538.0,1
10909,959,M,PhD,73,Prof,92,95,Assist,0,4670.0,1
10910,960,F,PhD,74,Other,86,86,Full,0,5129.0,3
10911,960,F,PhD,74,Other,86,87,Full,0,5387.0,3
10912,960,F,PhD,74,Other,86,88,Full,0,5543.0,3
10913,960,F,PhD,74,Other,86,89,Full,1,6462.0,3
10914,960,F,PhD,74,Other,86,90,Full,1,6764.0,3
10915,960,F,PhD,74,Other,86,91,Full,1,7180.0,3
10916,960,F,PhD,74,Other,86,92,Full,1,7388.0,3
10917,960,F,PhD,74,Other,86,93,Full,1,7602.0,3
10918,960,F,PhD,74,Other,86,94,Full,0,7602.0,3
10919,960,F,PhD,74,Other,86,95,Full,0,8049.0,3
10920,961,M,PhD,72,Prof,93,93,Full,0,9408.0,3
10921,961,M,PhD,72,Prof,93,94,Full,0,9408.0,3
10922,961,M,PhD,72,Prof,93,95,Full,0,9680.672,3
10923,962,F,PhD,72,Other,84,84,Assoc,0,3742.0,2
10924,962,F,PhD,72,Other,84,85,Assoc,0,3742.0,2
10925,962,F,PhD,72,Other,84,86,Assoc,0,4081.0,2
10926,962,F,PhD,72,Other,84,87,Assoc,0,4295.0,2
10927,962,F,PhD,72,Other,84,88,Assoc,0,4410.0,2
10928,962,F,PhD,72,Other,84,89,Assoc,0,4718.0,2
10929,962,F,PhD,72,Other,84,90,Assoc,0,4939.0,2
10930,962,F,PhD,72,Other,84,91,Assoc,0,5095.0,2
10931,962,F,PhD,72,Other,84,92,Assoc,0,5242.0,2
10932,962,F,PhD,72,Other,84,93,Assoc,0,5394.0,2
10933,962,F,PhD,72,Other,84,94,Assoc,0,5394.0,2
10934,962,F,PhD,72,Other,84,95,Assoc,0,5552.0,2
10935,963,M,PhD,75,Other,83,83,Full,0,4000.0,3
10936,963,M,PhD,75,Other,83,84,Full,0,4317.0,3
10937,963,M,PhD,75,Other,83,85,Full,0,4317.0,3
10938,963,M,PhD,75,Other,83,86,Full,0,4775.0,3
10939,963,M,PhD,75,Other,83,87,Full,0,5015.0,3
10940,963,M,PhD,75,Other,83,88,Full,0,5160.0,3
10941,963,M,PhD,75,Other,83,89,Full,0,5601.0,3
10942,963,M,PhD,75,Other,83,90,Full,0,5863.0,3
10943,963,M,PhD,75,Other,83,91,Full,0,6496.0,3
10944,963,M,PhD,75,Other,83,92,Full,0,6878.0,3
10945,963,M,PhD,75,Other,83,93,Full,0,7180.0,3
10946,963,M,PhD,75,Other,83,94,Full,0,7180.0,3
10947,963,M,PhD,75,Other,83,95,Full,0,7494.0,3
10948,964,F,PhD,89,Other,90,90,Assist,0,2724.0,1
10949,964,F,PhD,89,Other,90,91,Assist,0,2792.0,1
10950,964,F,PhD,89,Other,90,92,Assist,0,3086.0,1
10951,964,F,PhD,89,Other,90,93,Assist,0,3176.0,1
10952,964,F,PhD,89,Other,90,94,Assist,0,3996.0,1
10953,964,F,PhD,89,Other,90,95,Assist,0,4231.0,1
10954,965,F,PhD,93,Other,94,94,Assist,0,4348.0,1
10955,965,F,PhD,93,Other,94,95,Assist,0,4348.0,1
10956,966,M,PhD,88,Prof,91,91,Assist,0,4231.0,1
10957,966,M,PhD,88,Prof,91,92,Assist,0,4231.0,1
10958,966,M,PhD,88,Prof,91,93,Assist,0,4353.0,1
10959,966,M,PhD,88,Prof,91,94,Assist,0,4353.0,1
10960,966,M,PhD,88,Prof,91,95,Assist,0,4610.0,1
10961,967,M,PhD,70,Arts,67,76,Assoc,1,2196.0,2
10962,967,M,PhD,70,Arts,67,77,Assoc,0,2502.0,2
10963,967,M,PhD,70,Arts,67,78,Assoc,0,2628.0,2
10964,967,M,PhD,70,Arts,67,79,Assoc,0,2986.0,2
10965,967,M,PhD,70,Arts,67,80,Full,0,3398.0,3
10966,967,M,PhD,70,Arts,67,81,Full,0,3943.0,3
10967,967,M,PhD,70,Arts,67,82,Full,0,4174.0,3
10968,967,M,PhD,70,Arts,67,83,Full,0,4404.0,3
10969,967,M,PhD,70,Arts,67,84,Full,0,4636.0,3
10970,967,M,PhD,70,Arts,67,85,Full,0,4636.0,3
10971,967,M,PhD,70,Arts,67,86,Full,0,5278.0,3
10972,967,M,PhD,70,Arts,67,87,Full,0,5543.0,3
10973,967,M,PhD,70,Arts,67,88,Full,0,5623.0,3
10974,967,M,PhD,70,Arts,67,89,Full,0,6016.0,3
10975,967,M,PhD,70,Arts,67,90,Full,0,6208.0,3
10976,967,M,PhD,70,Arts,67,91,Full,0,6404.0,3
10977,967,M,PhD,70,Arts,67,92,Full,0,6496.0,3
10978,967,M,PhD,70,Arts,67,93,Full,0,6590.0,3
10979,967,M,PhD,70,Arts,67,94,Full,0,6590.0,3
10980,967,M,PhD,70,Arts,67,95,Full,0,6878.0,3
10981,968,M,PhD,62,Prof,55,76,Full,0,2543.0,3
10982,968,M,PhD,62,Prof,55,77,Full,0,2889.0,3
10983,968,M,PhD,62,Prof,55,78,Full,0,3033.0,3
10984,968,M,PhD,62,Prof,55,79,Full,0,3407.0,3
10985,968,M,PhD,62,Prof,55,80,Full,0,3645.0,3
10986,968,M,PhD,62,Prof,55,81,Full,0,4470.0,3
10987,968,M,PhD,62,Prof,55,82,Full,0,4705.556,3
10988,968,M,PhD,62,Prof,55,83,Full,1,4964.0,3
10989,968,M,PhD,62,Prof,55,84,Full,1,5453.0,3
10990,968,M,PhD,62,Prof,55,85,Full,1,5453.0,3
10991,968,M,PhD,62,Prof,55,86,Full,1,6002.0,3
10992,968,M,PhD,62,Prof,55,87,Full,1,6304.0,3
10993,968,M,PhD,62,Prof,55,88,Full,1,6304.0,3
10994,968,M,PhD,62,Prof,55,89,Full,1,6745.0,3
10995,968,M,PhD,62,Prof,55,90,Full,1,6960.0,3
10996,968,M,PhD,62,Prof,55,91,Full,1,7180.0,3
10997,968,M,PhD,62,Prof,55,92,Full,1,7283.0,3
10998,968,M,PhD,62,Prof,55,93,Full,1,7494.0,3
10999,968,M,PhD,62,Prof,55,94,Full,1,7494.0,3
11000,968,M,PhD,62,Prof,55,95,Full,1,7823.0,3
11001,969,M,PhD,74,Prof,81,81,Assoc,0,2879.0,2
11002,969,M,PhD,74,Prof,81,82,Assoc,0,3048.0,2
11003,969,M,PhD,74,Prof,81,83,Assoc,0,3817.0,2
11004,969,M,PhD,74,Prof,81,84,Assoc,0,4135.0,2
11005,969,M,PhD,74,Prof,81,85,Assoc,0,4135.0,2
11006,969,M,PhD,74,Prof,81,86,Assoc,1,5129.0,2
11007,969,M,PhD,74,Prof,81,87,Assoc,1,5387.0,2
11008,969,M,PhD,74,Prof,81,88,Assoc,1,5464.0,2
11009,969,M,PhD,74,Prof,81,89,Assoc,1,5931.0,2
11010,969,M,PhD,74,Prof,81,90,Assoc,1,6668.0,2
11011,969,M,PhD,74,Prof,81,91,Assoc,0,6404.0,2
11012,969,M,PhD,74,Prof,81,92,Assoc,0,6590.0,2
11013,969,M,PhD,74,Prof,81,93,Assoc,0,6878.0,2
11014,969,M,PhD,74,Prof,81,94,Assoc,0,6878.0,2
11015,969,M,PhD,74,Prof,81,95,Full,0,7602.0,3
11016,970,F,PhD,75,Other,91,91,Assist,0,3934.0,1
11017,970,F,PhD,75,Other,91,92,Assist,0,4088.0,1
11018,970,F,PhD,75,Other,91,93,Assist,0,4166.0,1
11019,970,F,PhD,75,Other,91,94,Assist,0,4166.0,1
11020,970,F,PhD,75,Other,91,95,Assist,0,4286.0,1
11021,971,M,PhD,80,Prof,92,92,Assoc,0,6313.0,2
11022,971,M,PhD,80,Prof,92,93,Assoc,0,6590.0,2
11023,971,M,PhD,80,Prof,92,94,Assoc,0,6590.0,2
11024,971,M,PhD,80,Prof,92,95,Assoc,0,6878.0,2
11025,972,M,PhD,76,Other,76,76,Assist,0,1778.0,1
11026,972,M,PhD,76,Other,76,77,Assist,0,1945.0,1
11027,972,M,PhD,76,Other,76,78,Assist,0,2134.0,1
11028,972,M,PhD,76,Other,76,79,Assist,0,2420.0,1
11029,972,M,PhD,76,Other,76,80,Assist,0,2605.0,1
11030,972,M,PhD,76,Other,76,81,Assist,0,3048.0,1
11031,972,M,PhD,76,Other,76,83,Assoc,0,4280.0,2
11032,972,M,PhD,76,Other,76,84,Assoc,0,4908.0,2
11033,972,M,PhD,76,Other,76,85,Assoc,0,4908.0,2
11034,972,M,PhD,76,Other,76,86,Assoc,0,5833.0,2
11035,972,M,PhD,76,Other,76,87,Full,0,6619.0,3
11036,972,M,PhD,76,Other,76,88,Full,0,7237.0,3
11037,972,M,PhD,76,Other,76,89,Full,0,7455.0,3
11038,972,M,PhD,76,Other,76,90,Full,0,7915.0,3
11039,972,M,PhD,76,Other,76,91,Full,0,8523.0,3
11040,972,M,PhD,76,Other,76,92,Full,0,8770.0,3
11041,972,M,PhD,76,Other,76,93,Full,0,9286.0,3
11042,972,M,PhD,76,Other,76,94,Full,0,9286.0,3
11043,972,M,PhD,76,Other,76,95,Full,0,9585.0,3
11044,973,M,PhD,76,Other,77,77,Assist,0,1501.0,1
11045,973,M,PhD,76,Other,77,78,Assist,0,1572.0,1
11046,973,M,PhD,76,Other,77,79,Assist,0,1803.0,1
11047,973,M,PhD,76,Other,77,80,Assist,0,1956.0,1
11048,973,M,PhD,76,Other,77,81,Assist,0,2194.0,1
11049,973,M,PhD,76,Other,77,82,Assoc,0,2290.0,2
11050,973,M,PhD,76,Other,77,84,Assoc,0,3020.0,2
11051,973,M,PhD,76,Other,77,85,Assoc,0,3020.0,2
11052,973,M,PhD,76,Other,77,86,Assoc,0,3437.0,2
11053,973,M,PhD,76,Other,77,87,Full,0,3715.0,3
11054,973,M,PhD,76,Other,77,88,Full,0,4047.0,3
11055,973,M,PhD,76,Other,77,89,Full,0,4585.0,3
11056,973,M,PhD,76,Other,77,90,Full,0,4869.0,3
11057,973,M,PhD,76,Other,77,91,Full,0,5394.0,3
11058,973,M,PhD,76,Other,77,92,Full,0,5794.0,3
11059,973,M,PhD,76,Other,77,93,Full,0,5962.0,3
11060,973,M,PhD,76,Other,77,94,Full,0,5962.0,3
11061,973,M,PhD,76,Other,77,95,Full,0,6223.0,3
11062,974,F,PhD,75,Prof,78,78,Assist,0,1950.0,1
11063,974,F,PhD,75,Prof,78,79,Assist,0,2140.0,1
11064,974,F,PhD,75,Prof,78,80,Assist,0,2290.0,1
11065,974,F,PhD,75,Prof,78,81,Assist,0,2496.0,1
11066,974,F,PhD,75,Prof,78,82,Assist,0,2680.0,1
11067,974,F,PhD,75,Prof,78,83,Assoc,0,3081.0,2
11068,974,F,PhD,75,Prof,78,84,Assoc,0,3243.0,2
11069,974,F,PhD,75,Prof,78,85,Assoc,0,3243.0,2
11070,974,F,PhD,75,Prof,78,86,Assoc,0,3745.0,2
11071,974,F,PhD,75,Prof,78,87,Assoc,0,3933.0,2
11072,974,F,PhD,75,Prof,78,88,Assoc,0,4105.0,2
11073,974,F,PhD,75,Prof,78,89,Assoc,0,4330.0,2
11074,974,F,PhD,75,Prof,78,90,Assoc,0,4468.0,2
11075,974,F,PhD,75,Prof,78,91,Assoc,0,4743.0,2
11076,974,F,PhD,75,Prof,78,92,Assoc,1,5472.0,2
11077,974,F,PhD,75,Prof,78,93,Assoc,1,5631.0,2
11078,974,F,PhD,75,Prof,78,94,Assoc,1,5631.0,2
11079,974,F,PhD,75,Prof,78,95,Assoc,1,6684.0,2
11080,975,F,PhD,79,Other,91,91,Assist,0,3085.714,1
11081,975,F,PhD,79,Other,91,92,Assist,0,3266.667,1
11082,975,F,PhD,79,Other,91,93,Assist,0,3458.75,1
11083,975,F,PhD,79,Other,91,94,Assist,0,3458.75,1
11084,975,F,PhD,79,Other,91,95,Assist,0,3823.0,1
11085,976,M,PhD,84,Other,87,87,Assist,0,3266.0,1
11086,976,M,PhD,84,Other,87,88,Assist,0,3361.0,1
11087,976,M,PhD,84,Other,87,89,Assist,0,3700.0,1
11088,976,M,PhD,84,Other,87,90,Assist,0,3929.0,1
11089,976,M,PhD,84,Other,87,91,Assoc,0,4292.0,2
11090,976,M,PhD,84,Other,87,92,Assoc,0,4480.0,2
11091,976,M,PhD,84,Other,87,93,Assoc,0,4812.0,2
11092,976,M,PhD,84,Other,87,94,Assoc,0,4812.0,2
11093,976,M,PhD,84,Other,87,95,Assoc,0,4951.0,2
11094,977,M,PhD,73,Other,86,86,Assoc,0,3389.0,2
11095,977,M,PhD,73,Other,86,87,Assoc,0,3559.0,2
11096,977,M,PhD,73,Other,86,88,Full,0,3877.0,3
11097,977,M,PhD,73,Other,86,89,Full,0,5931.0,3
11098,977,M,PhD,73,Other,86,90,Full,0,6033.0,3
11099,977,M,PhD,73,Other,86,91,Full,1,6313.0,3
11100,977,M,PhD,73,Other,86,92,Full,1,6590.0,3
11101,977,M,PhD,73,Other,86,93,Full,0,7180.0,3
11102,977,M,PhD,73,Other,86,94,Full,1,7180.0,3
11103,977,M,PhD,73,Other,86,95,Full,0,7494.0,3
11104,978,M,PhD,80,Other,90,90,Assoc,0,4869.0,2
11105,978,M,PhD,80,Other,90,91,Assoc,0,5095.0,2
11106,978,M,PhD,80,Other,90,92,Assoc,0,5242.0,2
11107,978,M,PhD,80,Other,90,93,Assoc,1,5394.0,2
11108,978,M,PhD,80,Other,90,94,Assoc,1,5394.0,2
11109,978,M,PhD,80,Other,90,95,Assoc,1,6135.0,2
11110,979,M,PhD,82,Prof,82,82,Assist,0,2718.75,1
11111,979,M,PhD,82,Prof,82,83,Assist,0,2868.75,1
11112,979,M,PhD,82,Prof,82,84,Assist,0,2935.0,1
11113,979,M,PhD,82,Prof,82,85,Assist,0,3795.0,1
11114,979,M,PhD,82,Prof,82,86,Assist,0,3909.0,1
11115,979,M,PhD,82,Prof,82,87,Assist,0,4105.0,1
11116,979,M,PhD,82,Prof,82,88,Assist,0,4473.0,1
11117,979,M,PhD,82,Prof,82,89,Assist,0,4855.0,1
11118,979,M,PhD,82,Prof,82,90,Assoc,0,5617.0,2
11119,979,M,PhD,82,Prof,82,91,Assoc,0,5962.0,2
11120,979,M,PhD,82,Prof,82,92,Assoc,0,6223.0,2
11121,979,M,PhD,82,Prof,82,93,Assoc,0,6496.0,2
11122,979,M,PhD,82,Prof,82,94,Full,0,6684.0,3
11123,979,M,PhD,82,Prof,82,95,Full,0,6878.0,3
11124,980,F,PhD,80,Other,90,90,Assist,0,3500.0,1
11125,980,F,PhD,80,Other,90,91,Assist,0,3715.0,1
11126,980,F,PhD,80,Other,90,92,Assist,0,3878.667,1
11127,980,F,PhD,80,Other,90,93,Assoc,0,4106.25,2
11128,980,F,PhD,80,Other,90,94,Assoc,0,4106.0,2
11129,980,F,PhD,80,Other,90,95,Assoc,0,4165.0,2
11130,982,M,PhD,78,Other,86,86,Assoc,0,4377.0,2
11131,982,M,PhD,78,Other,86,87,Assoc,0,4598.0,2
11132,982,M,PhD,78,Other,86,88,Assoc,0,4869.0,2
11133,982,M,PhD,78,Other,86,89,Assoc,0,5359.0,2
11134,982,M,PhD,78,Other,86,90,Assoc,0,5610.0,2
11135,982,M,PhD,78,Other,86,91,Assoc,0,5870.0,2
11136,982,M,PhD,78,Other,86,92,Assoc,0,6040.0,2
11137,982,M,PhD,78,Other,86,93,Assoc,1,6666.0,2
11138,982,M,PhD,78,Other,86,94,Full,1,6846.0,3
11139,982,M,PhD,78,Other,86,95,Full,1,7126.0,3
11140,983,M,PhD,63,Other,87,87,Full,0,6700.0,3
11141,983,M,PhD,63,Other,87,88,Full,0,6700.0,3
11142,983,M,PhD,63,Other,87,89,Full,0,7142.0,3
11143,983,M,PhD,63,Other,87,90,Full,0,7369.0,3
11144,983,M,PhD,63,Other,87,91,Full,0,7712.0,3
11145,983,M,PhD,63,Other,87,92,Full,0,7823.0,3
11146,983,M,PhD,63,Other,87,93,Full,0,7935.0,3
11147,983,M,PhD,63,Other,87,94,Full,0,7935.0,3
11148,983,M,PhD,63,Other,87,95,Full,0,8049.0,3
11149,985,M,PhD,63,Prof,65,76,Full,0,2786.0,3
11150,985,M,PhD,63,Prof,65,77,Full,0,3037.0,3
11151,985,M,PhD,63,Prof,65,78,Full,0,3188.0,3
11152,985,M,PhD,63,Prof,65,79,Full,0,3498.0,3
11153,985,M,PhD,63,Prof,65,80,Full,0,3742.0,3
11154,985,M,PhD,63,Prof,65,81,Full,0,4057.0,3
11155,985,M,PhD,63,Prof,65,82,Full,0,4057.0,3
11156,985,M,PhD,63,Prof,65,83,Full,0,4280.0,3
11157,985,M,PhD,63,Prof,65,84,Full,0,4505.0,3
11158,985,M,PhD,63,Prof,65,85,Full,0,4506.0,3
11159,985,M,PhD,63,Prof,65,86,Full,0,4642.0,3
11160,985,M,PhD,63,Prof,65,87,Full,0,4874.0,3
11161,985,M,PhD,63,Prof,65,88,Full,0,4874.0,3
11162,985,M,PhD,63,Prof,65,89,Full,0,5215.0,3
11163,985,M,PhD,63,Prof,65,90,Full,0,5381.0,3
11164,985,M,PhD,63,Prof,65,91,Full,1,5551.0,3
11165,985,M,PhD,63,Prof,65,92,Full,1,5631.0,3
11166,985,M,PhD,63,Prof,65,93,Full,1,5962.0,3
11167,985,M,PhD,63,Prof,65,94,Full,1,5962.0,3
11168,985,M,PhD,63,Prof,65,95,Full,1,6135.0,3
11169,986,M,PhD,88,Other,91,91,Assist,0,4171.0,1
11170,986,M,PhD,88,Other,91,92,Assist,0,4171.0,1
11171,986,M,PhD,88,Other,91,93,Assist,0,4353.0,1
11172,986,M,PhD,88,Other,91,94,Assist,0,4353.0,1
11173,986,M,PhD,88,Other,91,95,Assoc,0,4676.0,2
11174,987,F,PhD,78,Other,88,88,Full,1,5010.0,3
11175,987,F,PhD,78,Other,88,89,Full,1,5208.0,3
11176,987,F,PhD,78,Other,88,90,Full,1,5530.0,3
11177,987,F,PhD,78,Other,88,91,Full,1,5955.0,3
11178,987,F,PhD,78,Other,88,92,Full,1,6216.0,3
11179,987,F,PhD,78,Other,88,93,Full,1,6488.0,3
11180,987,F,PhD,78,Other,88,94,Full,1,6488.0,3
11181,987,F,PhD,78,Other,88,95,Full,0,6581.0,3
11182,988,M,PhD,64,Arts,70,76,Assoc,0,2232.0,2
11183,988,M,PhD,64,Arts,70,77,Assoc,0,2378.0,2
11184,988,M,PhD,64,Arts,70,78,Assoc,0,2460.0,2
11185,988,M,PhD,64,Arts,70,79,Assoc,0,2715.0,2
11186,988,M,PhD,64,Arts,70,80,Assoc,0,2917.0,2
11187,988,M,PhD,64,Arts,70,81,Assoc,0,3092.0,2
11188,988,M,PhD,64,Arts,70,82,Assoc,0,3092.0,2
11189,988,M,PhD,64,Arts,70,83,Assoc,0,3262.0,2
11190,988,M,PhD,64,Arts,70,84,Assoc,0,3434.0,2
11191,988,M,PhD,64,Arts,70,85,Assoc,0,3434.0,2
11192,988,M,PhD,64,Arts,70,86,Assoc,0,3537.0,2
11193,988,M,PhD,64,Arts,70,87,Assoc,0,3715.0,2
11194,988,M,PhD,64,Arts,70,88,Assoc,1,4347.0,2
11195,988,M,PhD,64,Arts,70,89,Assoc,1,4651.0,2
11196,988,M,PhD,64,Arts,70,90,Assoc,1,4939.0,2
11197,988,M,PhD,64,Arts,70,91,Assoc,1,5394.0,2
11198,988,M,PhD,64,Arts,70,92,Assoc,1,5794.0,2
11199,988,M,PhD,64,Arts,70,93,Assoc,1,6313.0,2
11200,988,M,PhD,64,Arts,70,94,Assoc,1,5962.0,2
11201,988,M,PhD,64,Arts,70,95,Assoc,1,6404.0,2
11202,989,M,PhD,67,Other,70,76,Assoc,0,1773.0,2
11203,989,M,PhD,67,Other,70,77,Assoc,0,2018.667,2
11204,989,M,PhD,67,Other,70,78,Assoc,0,2097.0,2
11205,989,M,PhD,67,Other,70,79,Assoc,0,2540.0,2
11206,989,M,PhD,67,Other,70,80,Assoc,0,2869.0,2
11207,989,M,PhD,67,Other,70,81,Full,0,3228.0,3
11208,989,M,PhD,67,Other,70,82,Full,0,3228.0,3
11209,989,M,PhD,67,Other,70,83,Full,0,3406.0,3
11210,989,M,PhD,67,Other,70,84,Full,0,3742.0,3
11211,989,M,PhD,67,Other,70,85,Full,0,3742.0,3
11212,989,M,PhD,67,Other,70,86,Full,0,4321.0,3
11213,989,M,PhD,67,Other,70,87,Full,0,4538.0,3
11214,989,M,PhD,67,Other,70,88,Full,0,4603.0,3
11215,989,M,PhD,67,Other,70,89,Full,0,4925.0,3
11216,989,M,PhD,67,Other,70,90,Full,0,5155.0,3
11217,989,M,PhD,67,Other,70,91,Full,0,5472.0,3
11218,989,M,PhD,67,Other,70,92,Full,0,5631.0,3
11219,989,M,PhD,67,Other,70,93,Full,0,5794.0,3
11220,989,M,PhD,67,Other,70,94,Full,0,5794.0,3
11221,989,M,PhD,67,Other,70,95,Full,0,6048.0,3
11222,990,M,PhD,66,Prof,65,76,Assoc,0,1982.0,2
11223,990,M,PhD,66,Prof,65,77,Assoc,0,2216.0,2
11224,990,M,PhD,66,Prof,65,78,Assoc,0,2337.0,2
11225,990,M,PhD,66,Prof,65,79,Assoc,0,2583.0,2
11226,990,M,PhD,66,Prof,65,80,Assoc,0,2869.0,2
11227,990,M,PhD,66,Prof,65,81,Assoc,0,3137.0,2
11228,990,M,PhD,66,Prof,65,82,Full,0,3467.0,3
11229,990,M,PhD,66,Prof,65,83,Full,0,3818.0,3
11230,990,M,PhD,66,Prof,65,84,Full,0,4077.0,3
11231,990,M,PhD,66,Prof,65,85,Full,0,4077.0,3
11232,990,M,PhD,66,Prof,65,86,Full,0,4641.0,3
11233,990,M,PhD,66,Prof,65,87,Full,0,4874.0,3
11234,990,M,PhD,66,Prof,65,88,Full,1,5786.0,3
11235,990,M,PhD,66,Prof,65,89,Full,1,6280.0,3
11236,990,M,PhD,66,Prof,65,90,Full,1,7265.0,3
11237,990,M,PhD,66,Prof,65,91,Full,1,8049.0,3
11238,990,M,PhD,66,Prof,65,92,Full,1,8694.0,3
11239,990,M,PhD,66,Prof,65,93,Full,1,9974.0,3
11240,990,M,PhD,66,Prof,65,94,Full,1,9974.0,3
11241,990,M,PhD,66,Prof,65,95,Full,1,10263.0,3
11242,991,M,PhD,67,Other,78,78,Full,1,2959.0,3
11243,991,M,PhD,67,Other,78,79,Full,1,3260.0,3
11244,991,M,PhD,67,Other,78,80,Full,1,3553.0,3
11245,991,M,PhD,67,Other,78,81,Full,1,3938.0,3
11246,991,M,PhD,67,Other,78,82,Full,1,4111.0,3
11247,991,M,PhD,67,Other,78,83,Full,1,4338.0,3
11248,991,M,PhD,67,Other,78,84,Full,0,4631.0,3
11249,991,M,PhD,67,Other,78,85,Full,1,4631.0,3
11250,991,M,PhD,67,Other,78,86,Full,1,5197.0,3
11251,991,M,PhD,67,Other,78,87,Full,1,5459.0,3
11252,991,M,PhD,67,Other,78,88,Full,0,6675.0,3
11253,991,M,PhD,67,Other,78,89,Full,0,7349.0,3
11254,991,M,PhD,67,Other,78,90,Full,0,7692.0,3
11255,991,M,PhD,67,Other,78,91,Full,0,8049.0,3
11256,991,M,PhD,67,Other,78,92,Full,0,8402.0,3
11257,991,M,PhD,67,Other,78,93,Full,0,8646.0,3
11258,991,M,PhD,67,Other,78,94,Full,0,8646.0,3
11259,991,M,PhD,67,Other,78,95,Full,0,8896.0,3
11260,992,M,PhD,73,Other,89,89,Full,0,7040.0,3
11261,992,M,PhD,73,Other,89,90,Full,0,7369.0,3
11262,992,M,PhD,73,Other,89,91,Full,0,7712.0,3
11263,992,M,PhD,73,Other,89,92,Full,0,7934.603,3
11264,992,M,PhD,73,Other,89,93,Full,0,8165.0,3
11265,992,M,PhD,73,Other,89,94,Full,0,8165.0,3
11266,992,M,PhD,73,Other,89,95,Full,0,8402.0,3
11267,993,M,PhD,77,Other,83,83,Assoc,0,4664.0,2
11268,993,M,PhD,77,Other,83,84,Assoc,1,5349.0,2
11269,993,M,PhD,77,Other,83,85,Assoc,1,5349.0,2
11270,993,M,PhD,77,Other,83,86,Full,0,6730.0,3
11271,993,M,PhD,77,Other,83,87,Full,0,8067.0,3
11272,993,M,PhD,77,Other,83,88,Full,0,8591.0,3
11273,993,M,PhD,77,Other,83,89,Full,0,9600.0,3
11274,993,M,PhD,77,Other,83,90,Full,0,10263.0,3
11275,993,M,PhD,77,Other,83,91,Full,0,10718.0,3
11276,993,M,PhD,77,Other,83,92,Full,0,11161.0,3
11277,993,M,PhD,77,Other,83,93,Full,0,10713.0,3
11278,993,M,PhD,77,Other,83,94,Full,0,10713.0,3
11279,993,M,PhD,77,Other,83,95,Full,0,11336.0,3
11280,994,F,PhD,74,Other,76,76,Assist,0,1768.571,1
11281,994,F,PhD,74,Other,76,77,Assist,0,1944.0,1
11282,994,F,PhD,74,Other,76,78,Assist,0,2040.0,1
11283,994,F,PhD,74,Other,76,79,Assist,0,2270.0,1
11284,994,F,PhD,74,Other,76,80,Assist,0,2443.0,1
11285,994,F,PhD,74,Other,76,81,Assoc,0,2876.0,2
11286,994,F,PhD,74,Other,76,82,Assoc,0,3045.0,2
11287,994,F,PhD,74,Other,76,84,Assoc,0,3479.0,2
11288,994,F,PhD,74,Other,76,85,Assoc,0,3479.0,2
11289,994,F,PhD,74,Other,76,86,Assoc,0,4018.0,2
11290,994,F,PhD,74,Other,76,87,Assoc,0,4220.0,2
11291,994,F,PhD,74,Other,76,88,Assoc,0,4342.5,2
11292,994,F,PhD,74,Other,76,89,Assoc,0,4712.222,2
11293,994,F,PhD,74,Other,76,90,Assoc,0,4898.592,2
11294,994,F,PhD,74,Other,76,91,Assoc,0,5161.538,2
11295,994,F,PhD,74,Other,76,92,Assoc,0,5310.448,2
11296,994,F,PhD,74,Other,76,93,Assoc,0,5465.0,2
11297,994,F,PhD,74,Other,76,94,Full,0,5623.333,3
11298,994,F,PhD,74,Other,76,95,Full,0,5870.0,3
11299,995,M,PhD,72,Other,75,76,Assist,0,1623.0,1
11300,995,M,PhD,72,Other,75,77,Assist,0,1828.0,1
11301,995,M,PhD,72,Other,75,78,Assist,0,1942.0,1
11302,995,M,PhD,72,Other,75,79,Assoc,0,2243.0,2
11303,995,M,PhD,72,Other,75,80,Assoc,0,2464.0,2
11304,995,M,PhD,72,Other,75,81,Assoc,0,2680.0,2
11305,995,M,PhD,72,Other,75,82,Assoc,0,2838.0,2
11306,995,M,PhD,72,Other,75,83,Assoc,0,3037.0,2
11307,995,M,PhD,72,Other,75,84,Assoc,0,3434.0,2
11308,995,M,PhD,72,Other,75,85,Full,0,3534.0,3
11309,995,M,PhD,72,Other,75,86,Full,0,3966.0,3
11310,995,M,PhD,72,Other,75,87,Full,0,4165.0,3
11311,995,M,PhD,72,Other,75,88,Full,0,4410.0,3
11312,995,M,PhD,72,Other,75,89,Full,0,4786.0,3
11313,995,M,PhD,72,Other,75,90,Full,0,5010.0,3
11314,995,M,PhD,72,Other,75,91,Full,0,5318.0,3
11315,995,M,PhD,72,Other,75,92,Full,0,5394.0,3
11316,995,M,PhD,72,Other,75,93,Full,0,5472.0,3
11317,995,M,PhD,72,Other,75,94,Full,0,5472.0,3
11318,995,M,PhD,72,Other,75,95,Full,0,5551.0,3
11319,996,F,PhD,82,Other,91,91,Assoc,0,3824.0,2
11320,996,F,PhD,82,Other,91,92,Assoc,0,3934.0,2
11321,996,F,PhD,82,Other,91,93,Assoc,0,4048.0,2
11322,996,F,PhD,82,Other,91,94,Assoc,0,4048.0,2
11323,996,F,PhD,82,Other,91,95,Assoc,0,4165.0,2
11324,997,M,PhD,79,Other,89,89,Assoc,0,4387.0,2
11325,997,M,PhD,79,Other,89,90,Assoc,0,4592.0,2
11326,997,M,PhD,79,Other,89,91,Assoc,0,4875.0,2
11327,997,M,PhD,79,Other,89,92,Assoc,1,5544.0,2
11328,997,M,PhD,79,Other,89,93,Full,1,6040.0,3
11329,997,M,PhD,79,Other,89,94,Full,1,6040.0,3
11330,997,M,PhD,79,Other,89,95,Full,1,7233.0,3
11331,998,M,PhD,79,Other,82,82,Assist,0,2323.0,1
11332,998,M,PhD,79,Other,82,83,Assist,0,2487.0,1
11333,998,M,PhD,79,Other,82,84,Assist,0,2617.0,1
11334,998,M,PhD,79,Other,82,85,Assist,0,2617.0,1
11335,998,M,PhD,79,Other,82,86,Assist,0,2896.0,1
11336,998,M,PhD,79,Other,82,87,Assist,0,3041.0,1
11337,998,M,PhD,79,Other,82,88,Assoc,1,3409.0,2
11338,998,M,PhD,79,Other,82,89,Assoc,1,3918.0,2
11339,998,M,PhD,79,Other,82,90,Assoc,0,4160.0,2
11340,998,M,PhD,79,Other,82,91,Assoc,0,4353.0,2
11341,998,M,PhD,79,Other,82,92,Assoc,1,6059.0,2
11342,998,M,PhD,79,Other,82,93,Assoc,0,4676.0,2
11343,998,M,PhD,79,Other,82,94,Assoc,0,5426.0,2
11344,998,M,PhD,79,Other,82,95,Assoc,0,5691.0,2
11345,999,M,PhD,70,Other,69,76,Assoc,0,2027.0,2
11346,999,M,PhD,70,Other,69,77,Assoc,0,2300.0,2
11347,999,M,PhD,70,Other,69,78,Assoc,0,2531.0,2
11348,999,M,PhD,70,Other,69,79,Assoc,0,2860.0,2
11349,999,M,PhD,70,Other,69,80,Full,0,3164.0,3
11350,999,M,PhD,70,Other,69,81,Full,0,3512.0,3
11351,999,M,PhD,70,Other,69,82,Full,0,3773.0,3
11352,999,M,PhD,70,Other,69,83,Full,0,4096.0,3
11353,999,M,PhD,70,Other,69,84,Full,0,4373.0,3
11354,999,M,PhD,70,Other,69,85,Full,0,4373.0,3
11355,999,M,PhD,70,Other,69,86,Full,0,4908.0,3
11356,999,M,PhD,70,Other,69,87,Full,0,5155.0,3
11357,999,M,PhD,70,Other,69,88,Full,0,5305.0,3
11358,999,M,PhD,70,Other,69,89,Full,0,5756.0,3
11359,999,M,PhD,70,Other,69,90,Full,0,6112.0,3
11360,999,M,PhD,70,Other,69,91,Full,0,6488.0,3
11361,999,M,PhD,70,Other,69,92,Full,0,6772.0,3
11362,999,M,PhD,70,Other,69,93,Full,0,7069.0,3
11363,999,M,PhD,70,Other,69,94,Full,0,7069.0,3
11364,999,M,PhD,70,Other,69,95,Full,0,7274.0,3
11365,1000,F,PhD,84,Other,84,84,Assist,0,2651.0,1
11366,1000,F,PhD,84,Other,84,85,Assist,0,2651.0,1
11367,1000,F,PhD,84,Other,84,86,Assist,0,2732.0,1
11368,1000,F,PhD,84,Other,84,87,Assist,0,2869.0,1
11369,1000,F,PhD,84,Other,84,88,Assist,0,3038.0,1
11370,1000,F,PhD,84,Other,84,89,Assoc,0,3696.0,2
11371,1000,F,PhD,84,Other,84,90,Assoc,0,4038.0,2
11372,1000,F,PhD,84,Other,84,91,Assoc,0,4286.0,2
11373,1000,F,PhD,84,Other,84,92,Assoc,0,4411.0,2
11374,1000,F,PhD,84,Other,84,93,Assoc,0,4604.0,2
11375,1000,F,PhD,84,Other,84,94,Assoc,0,4604.0,2
11376,1000,F,PhD,84,Other,84,95,Full,0,6347.0,3
11377,1001,M,PhD,86,Prof,86,86,Assist,0,3909.0,1
11378,1001,M,PhD,86,Prof,86,87,Assist,0,4105.0,1
11379,1001,M,PhD,86,Prof,86,88,Assist,0,4225.0,1
11380,1001,M,PhD,86,Prof,86,89,Assist,0,4520.0,1
11381,1001,M,PhD,86,Prof,86,90,Assist,0,4869.0,1
11382,1001,M,PhD,86,Prof,86,91,Assist,0,5095.0,1
11383,1001,M,PhD,86,Prof,86,92,Assist,0,5318.0,1
11384,1001,M,PhD,86,Prof,86,93,Assoc,0,5631.0,2
11385,1001,M,PhD,86,Prof,86,94,Assoc,0,5631.0,2
11386,1001,M,PhD,86,Prof,86,95,Assoc,0,5712.0,2
11387,1002,M,PhD,79,Other,91,91,Assoc,0,3934.0,2
11388,1002,M,PhD,79,Other,91,92,Assoc,0,4106.0,2
11389,1002,M,PhD,79,Other,91,93,Assoc,0,4286.0,2
11390,1002,M,PhD,79,Other,91,94,Assoc,0,4286.0,2
11391,1002,M,PhD,79,Other,91,95,Assoc,0,4411.0,2
11393,1004,M,PhD,89,Prof,93,93,Assist,0,5200.0,1
11394,1004,M,PhD,89,Prof,93,94,Assist,0,5200.0,1
11395,1004,M,PhD,89,Prof,93,95,Assist,0,5318.0,1
11396,1005,M,PhD,59,Other,59,76,Full,0,2331.0,3
11397,1005,M,PhD,59,Other,59,77,Full,0,2686.0,3
11398,1005,M,PhD,59,Other,59,78,Full,0,2820.0,3
11399,1005,M,PhD,59,Other,59,79,Full,0,3129.0,3
11400,1005,M,PhD,59,Other,59,80,Full,0,3362.0,3
11401,1005,M,PhD,59,Other,59,81,Full,0,3667.0,3
11402,1005,M,PhD,59,Other,59,82,Full,0,3773.0,3
11403,1005,M,PhD,59,Other,59,83,Full,0,3980.0,3
11404,1005,M,PhD,59,Other,59,84,Full,0,4250.0,3
11405,1005,M,PhD,59,Other,59,85,Full,0,4250.0,3
11406,1005,M,PhD,59,Other,59,86,Full,0,4527.0,3
11407,1005,M,PhD,59,Other,59,87,Full,0,4598.0,3
11408,1005,M,PhD,59,Other,59,88,Full,0,4731.0,3
11409,1005,M,PhD,59,Other,59,89,Full,0,5134.0,3
11410,1005,M,PhD,59,Other,59,90,Full,0,5452.0,3
11411,1005,M,PhD,59,Other,59,91,Full,0,5870.0,3
11412,1005,M,PhD,59,Other,59,92,Full,0,6305.0,3
11413,1005,M,PhD,59,Other,59,93,Full,0,6938.0,3
11414,1005,M,PhD,59,Other,59,94,Full,0,7188.0,3
11415,1005,M,PhD,59,Other,59,95,Full,0,8823.0,3
11416,1006,M,PhD,64,Other,65,76,Full,0,2410.0,3
11417,1006,M,PhD,64,Other,65,77,Full,0,2671.0,3
11418,1006,M,PhD,64,Other,65,78,Full,0,2800.0,3
11419,1006,M,PhD,64,Other,65,79,Full,0,3125.0,3
11420,1006,M,PhD,64,Other,65,80,Full,0,3348.0,3
11421,1006,M,PhD,64,Other,65,81,Full,0,3792.0,3
11422,1006,M,PhD,64,Other,65,82,Full,0,3777.0,3
11423,1006,M,PhD,64,Other,65,83,Full,0,4042.0,3
11424,1006,M,PhD,64,Other,65,84,Full,0,4505.0,3
11425,1006,M,PhD,64,Other,65,85,Full,0,4505.0,3
11426,1006,M,PhD,64,Other,65,86,Full,0,4985.0,3
11427,1006,M,PhD,64,Other,65,87,Full,0,5235.0,3
11428,1006,M,PhD,64,Other,65,88,Full,0,5387.0,3
11429,1006,M,PhD,64,Other,65,89,Full,0,5931.0,3
11430,1006,M,PhD,64,Other,65,90,Full,0,6208.0,3
11431,1006,M,PhD,64,Other,65,91,Full,0,6781.0,3
11432,1006,M,PhD,64,Other,65,92,Full,0,7388.0,3
11433,1006,M,PhD,64,Other,65,93,Full,0,7712.0,3
11434,1006,M,PhD,64,Other,65,94,Full,0,7712.0,3
11435,1006,M,PhD,64,Other,65,95,Full,0,8283.0,3
11436,1007,F,PhD,72,Arts,72,76,Assist,0,1563.0,1
11437,1007,F,PhD,72,Arts,72,77,Assist,0,1717.0,1
11438,1007,F,PhD,72,Arts,72,78,Assist,0,1828.0,1
11439,1007,F,PhD,72,Arts,72,79,Assoc,0,2039.0,2
11440,1007,F,PhD,72,Arts,72,80,Assoc,0,2205.0,2
11441,1007,F,PhD,72,Arts,72,81,Assoc,0,2460.0,2
11442,1007,F,PhD,72,Arts,72,82,Assoc,0,2630.303,2
11443,1007,F,PhD,72,Arts,72,83,Assoc,0,2827.0,2
11444,1007,F,PhD,72,Arts,72,84,Assoc,0,3020.0,2
11445,1007,F,PhD,72,Arts,72,85,Assoc,0,3020.0,2
11446,1007,F,PhD,72,Arts,72,86,Assoc,0,3341.0,2
11447,1007,F,PhD,72,Arts,72,87,Assoc,0,3508.0,2
11448,1007,F,PhD,72,Arts,72,88,Assoc,0,3768.0,2
11449,1007,F,PhD,72,Arts,72,89,Assoc,0,4032.0,2
11450,1007,F,PhD,72,Arts,72,90,Assoc,0,4281.0,2
11451,1007,F,PhD,72,Arts,72,91,Assoc,0,4544.0,2
11452,1007,F,PhD,72,Arts,72,92,Assoc,0,4743.0,2
11453,1007,F,PhD,72,Arts,72,93,Assoc,0,4951.0,2
11454,1007,F,PhD,72,Arts,72,94,Assoc,0,4951.0,2
11455,1007,F,PhD,72,Arts,72,95,Assoc,0,5168.0,2
11456,1008,M,PhD,79,Prof,90,90,Assist,0,4155.0,1
11457,1008,M,PhD,79,Prof,90,91,Assist,0,4411.0,1
11458,1008,M,PhD,79,Prof,90,92,Assist,0,4538.0,1
11459,1008,M,PhD,79,Prof,90,93,Assist,0,4670.0,1
11460,1008,M,PhD,79,Prof,90,94,Assist,0,4670.0,1
11461,1008,M,PhD,79,Prof,90,95,Assist,0,4806.0,1
11462,1009,M,PhD,78,Arts,80,80,Assist,0,2112.0,1
11463,1009,M,PhD,78,Arts,80,81,Assist,0,2391.0,1
11464,1009,M,PhD,78,Arts,80,82,Assist,0,2532.0,1
11465,1009,M,PhD,78,Arts,80,84,Assoc,0,2851.0,2
11466,1009,M,PhD,78,Arts,80,85,Assoc,0,2851.0,2
11467,1009,M,PhD,78,Arts,80,86,Assoc,0,3200.0,2
11468,1009,M,PhD,78,Arts,80,87,Assoc,0,3361.0,2
11469,1009,M,PhD,78,Arts,80,88,Assoc,0,3458.0,2
11470,1009,M,PhD,78,Arts,80,89,Assoc,0,3754.0,2
11471,1009,M,PhD,78,Arts,80,90,Full,0,5780.0,3
11472,1009,M,PhD,78,Arts,80,91,Full,0,5878.0,3
11473,1009,M,PhD,78,Arts,80,92,Full,0,6135.0,3
11474,1009,M,PhD,78,Arts,80,93,Full,0,6313.0,3
11475,1009,M,PhD,78,Arts,80,94,Full,0,6313.0,3
11476,1009,M,PhD,78,Arts,80,95,Full,0,6684.0,3
11477,1010,F,PhD,90,Other,91,91,Assist,0,3459.0,1
11478,1010,F,PhD,90,Other,91,92,Assist,0,3611.0,1
11479,1010,F,PhD,90,Other,91,93,Assist,0,3769.0,1
11480,1010,F,PhD,90,Other,91,94,Assist,0,3769.0,1
11481,1010,F,PhD,90,Other,91,95,Assist,0,4165.0,1
11482,1011,M,PhD,82,Prof,82,82,Assist,0,2920.0,1
11483,1011,M,PhD,82,Prof,82,83,Assist,0,3455.0,1
11484,1011,M,PhD,82,Prof,82,84,Assist,0,3688.0,1
11485,1011,M,PhD,82,Prof,82,85,Assist,0,3688.0,1
11486,1011,M,PhD,82,Prof,82,86,Assist,0,4259.0,1
11487,1011,M,PhD,82,Prof,82,87,Assist,0,4473.0,1
11488,1011,M,PhD,82,Prof,82,88,Assoc,0,4669.0,2
11489,1011,M,PhD,82,Prof,82,89,Assoc,0,4996.0,2
11490,1011,M,PhD,82,Prof,82,90,Assoc,0,5458.667,2
11491,1011,M,PhD,82,Prof,82,91,Assoc,0,5631.0,2
11492,1011,M,PhD,82,Prof,82,92,Assoc,0,5878.0,2
11493,1011,M,PhD,82,Prof,82,93,Assoc,0,6048.0,2
11494,1011,M,PhD,82,Prof,82,94,Assoc,0,6048.0,2
11495,1011,M,PhD,82,Prof,82,95,Assoc,0,6223.0,2
11496,1012,F,PhD,92,Prof,90,90,Assist,0,4445.0,1
11497,1012,F,PhD,92,Prof,90,91,Assist,0,4445.0,1
11498,1012,F,PhD,92,Prof,90,92,Assist,0,4610.0,1
11499,1012,F,PhD,92,Prof,90,93,Assist,0,4757.0,1
11500,1012,F,PhD,92,Prof,90,94,Assist,0,4757.0,1
11501,1012,F,PhD,92,Prof,90,95,Assist,0,4951.0,1
11502,1013,M,PhD,80,Other,87,87,Assoc,0,4347.0,2
11503,1013,M,PhD,80,Other,87,88,Assoc,0,4473.0,2
11504,1013,M,PhD,80,Other,87,89,Assoc,0,6370.0,2
11505,1013,M,PhD,80,Other,87,90,Full,0,6668.0,3
11506,1013,M,PhD,80,Other,87,91,Full,0,6878.0,3
11507,1013,M,PhD,80,Other,87,92,Full,0,7078.0,3
11508,1013,M,PhD,80,Other,87,93,Full,0,7283.0,3
11509,1013,M,PhD,80,Other,87,94,Full,0,7283.0,3
11510,1013,M,PhD,80,Other,87,95,Full,0,7712.0,3
11511,1014,M,PhD,58,Other,88,88,Full,0,9011.0,3
11512,1014,M,PhD,58,Other,88,89,Full,0,9106.0,3
11513,1014,M,PhD,58,Other,88,90,Full,0,9532.0,3
11514,1014,M,PhD,58,Other,88,91,Full,0,9974.0,3
11515,1014,M,PhD,58,Other,88,92,Full,0,10263.0,3
11516,1014,M,PhD,58,Other,88,93,Full,0,10561.0,3
11517,1014,M,PhD,58,Other,88,94,Full,0,10561.0,3
11518,1014,M,PhD,58,Other,88,95,Full,0,11024.0,3
11519,1015,M,PhD,89,Other,91,91,Assist,0,3823.0,1
11520,1015,M,PhD,89,Other,91,92,Assist,0,3823.0,1
11521,1015,M,PhD,89,Other,91,93,Assist,0,3934.0,1
11522,1015,M,PhD,89,Other,91,94,Assist,0,3934.0,1
11523,1015,M,PhD,89,Other,91,95,Assist,0,4348.0,1
11524,1016,F,PhD,78,Other,89,89,Full,1,5134.0,3
11525,1016,F,PhD,78,Other,89,90,Full,1,5452.0,3
11526,1016,F,PhD,78,Other,89,91,Full,0,5544.0,3
11527,1016,F,PhD,78,Other,89,92,Full,0,5705.0,3
11528,1016,F,PhD,78,Other,89,93,Full,0,5787.0,3
11529,1016,F,PhD,78,Other,89,94,Full,0,5787.0,3
11530,1016,F,PhD,78,Other,89,95,Full,0,5955.0,3
11531,1017,M,PhD,84,Other,84,84,Assist,0,2655.0,1
11532,1017,M,PhD,84,Other,84,85,Assist,0,2655.0,1
11533,1017,M,PhD,84,Other,84,86,Assist,1,3066.0,1
11534,1017,M,PhD,84,Other,84,87,Assist,1,3220.0,1
11535,1017,M,PhD,84,Other,84,88,Assist,0,3458.0,1
11536,1017,M,PhD,84,Other,84,89,Assoc,1,3808.0,2
11537,1017,M,PhD,84,Other,84,90,Assoc,1,4101.0,2
11538,1017,M,PhD,84,Other,84,91,Assoc,1,4292.0,2
11539,1017,M,PhD,84,Other,84,92,Assoc,1,4480.0,2
11540,1017,M,PhD,84,Other,84,93,Assoc,0,4610.0,2
11541,1017,M,PhD,84,Other,84,94,Assoc,0,4610.0,2
11542,1017,M,PhD,84,Other,84,95,Assoc,0,4951.0,2
11543,1018,M,PhD,68,Prof,64,76,Assoc,0,1874.0,2
11544,1018,M,PhD,68,Prof,64,77,Assoc,0,2058.0,2
11545,1018,M,PhD,68,Prof,64,78,Assoc,0,2136.0,2
11546,1018,M,PhD,68,Prof,64,79,Assoc,0,2454.0,2
11547,1018,M,PhD,68,Prof,64,80,Assoc,0,2597.0,2
11548,1018,M,PhD,68,Prof,64,81,Assoc,0,2920.0,2
11549,1018,M,PhD,68,Prof,64,82,Assoc,0,2920.0,2
11550,1018,M,PhD,68,Prof,64,83,Assoc,0,3818.0,2
11551,1018,M,PhD,68,Prof,64,84,Assoc,0,4018.0,2
11552,1018,M,PhD,68,Prof,64,85,Assoc,0,4018.0,2
11553,1018,M,PhD,68,Prof,64,86,Assoc,0,4139.0,2
11554,1018,M,PhD,68,Prof,64,87,Assoc,0,4347.0,2
11555,1018,M,PhD,68,Prof,64,88,Assoc,0,4347.0,2
11556,1018,M,PhD,68,Prof,64,89,Assoc,0,4520.0,2
11557,1018,M,PhD,68,Prof,64,90,Assoc,0,4939.0,2
11558,1018,M,PhD,68,Prof,64,91,Assoc,0,5095.0,2
11559,1018,M,PhD,68,Prof,64,92,Assoc,0,5242.0,2
11560,1018,M,PhD,68,Prof,64,93,Assoc,0,5318.0,2
11561,1018,M,PhD,68,Prof,64,94,Assoc,0,5318.0,2
11562,1018,M,PhD,68,Prof,64,95,Assoc,0,5318.0,2
11563,1019,M,PhD,79,Other,80,80,Assist,0,1756.0,1
11564,1019,M,PhD,79,Other,80,81,Assist,0,2011.0,1
11565,1019,M,PhD,79,Other,80,82,Assist,0,2011.0,1
11566,1019,M,PhD,79,Other,80,83,Assist,0,2151.0,1
11567,1019,M,PhD,79,Other,80,84,Assist,0,2504.0,1
11568,1019,M,PhD,79,Other,80,85,Assist,0,2504.0,1
11569,1019,M,PhD,79,Other,80,86,Assist,0,2770.0,1
11570,1019,M,PhD,79,Other,80,87,Assoc,0,2995.0,2
11571,1019,M,PhD,79,Other,80,88,Assoc,0,3082.0,2
11572,1019,M,PhD,79,Other,80,89,Assoc,0,3441.0,2
11573,1019,M,PhD,79,Other,80,90,Assoc,0,3602.0,2
11574,1019,M,PhD,79,Other,80,91,Assoc,0,3769.0,2
11575,1019,M,PhD,79,Other,80,92,Assoc,0,3878.0,2
11576,1019,M,PhD,79,Other,80,93,Assoc,0,4951.0,2
11577,1019,M,PhD,79,Other,80,94,Full,0,5095.0,3
11578,1019,M,PhD,79,Other,80,95,Full,0,5394.0,3
11579,1020,M,PhD,88,Prof,89,89,Assist,0,3596.0,1
11580,1020,M,PhD,88,Prof,89,90,Assist,0,3873.0,1
11581,1020,M,PhD,88,Prof,89,91,Assist,0,4053.0,1
11582,1020,M,PhD,88,Prof,89,92,Assist,0,4353.0,1
11583,1020,M,PhD,88,Prof,89,93,Assist,0,4480.0,1
11584,1020,M,PhD,88,Prof,89,94,Assoc,0,4610.0,2
11585,1020,M,PhD,88,Prof,89,95,Assoc,0,4743.0,2
11586,1021,M,PhD,84,Other,91,91,Assoc,0,3823.0,2
11587,1021,M,PhD,84,Other,91,92,Assoc,0,4048.0,2
11588,1021,M,PhD,84,Other,91,93,Assoc,0,4225.0,2
11589,1021,M,PhD,84,Other,91,94,Assoc,0,4670.0,2
11590,1021,M,PhD,84,Other,91,95,Assoc,0,4875.0,2
11592,1023,M,PhD,77,Prof,91,91,Assoc,0,3715.0,2
11593,1023,M,PhD,77,Prof,91,92,Assoc,0,3878.0,2
11594,1023,M,PhD,77,Prof,91,93,Assoc,0,3990.667,2
11595,1023,M,PhD,77,Prof,91,94,Assoc,0,3991.0,2
11596,1023,M,PhD,77,Prof,91,95,Assoc,0,4165.0,2
11598,1025,M,PhD,63,Other,63,76,Full,0,3061.0,3
11599,1025,M,PhD,63,Other,63,77,Full,0,3387.0,3
11600,1025,M,PhD,63,Other,63,78,Full,0,3528.0,3
11601,1025,M,PhD,63,Other,63,79,Full,0,3906.0,3
11602,1025,M,PhD,63,Other,63,80,Full,0,4222.0,3
11603,1025,M,PhD,63,Other,63,81,Full,0,4615.0,3
11604,1025,M,PhD,63,Other,63,82,Full,0,4817.0,3
11605,1025,M,PhD,63,Other,63,83,Full,0,5133.333,3
11606,1025,M,PhD,63,Other,63,84,Full,0,5274.0,3
11607,1025,M,PhD,63,Other,63,85,Full,0,5274.0,3
11608,1025,M,PhD,63,Other,63,86,Full,0,6265.0,3
11609,1025,M,PhD,63,Other,63,87,Full,0,6580.0,3
11610,1025,M,PhD,63,Other,63,88,Full,0,6771.0,3
11611,1025,M,PhD,63,Other,63,89,Full,0,7244.0,3
11612,1025,M,PhD,63,Other,63,90,Full,0,7583.0,3
11613,1025,M,PhD,63,Other,63,91,Full,0,7935.0,3
11614,1025,M,PhD,63,Other,63,92,Full,0,8165.0,3
11615,1025,M,PhD,63,Other,63,93,Full,0,8402.0,3
11616,1025,M,PhD,63,Other,63,94,Full,0,8402.0,3
11617,1025,M,PhD,63,Other,63,95,Full,0,8770.0,3
11618,1026,M,PhD,75,Prof,79,79,Assist,0,2056.0,1
11619,1026,M,PhD,75,Prof,79,82,Assoc,0,2755.0,2
11620,1026,M,PhD,75,Prof,79,83,Assoc,0,3600.0,2
11621,1026,M,PhD,75,Prof,79,84,Assoc,0,4013.0,2
11622,1026,M,PhD,75,Prof,79,85,Full,0,4130.0,3
11623,1026,M,PhD,75,Prof,79,87,Full,0,4800.0,3
11624,1026,M,PhD,75,Prof,79,88,Full,0,5082.667,3
11625,1026,M,PhD,75,Prof,79,89,Full,0,5756.0,3
11626,1026,M,PhD,75,Prof,79,90,Full,0,6565.333,3
11627,1026,M,PhD,75,Prof,79,91,Full,0,7069.333,3
11628,1026,M,PhD,75,Prof,79,92,Full,0,7378.667,3
11629,1026,M,PhD,75,Prof,79,93,Full,0,7593.333,3
11630,1026,M,PhD,75,Prof,79,94,Full,0,7593.333,3
11631,1026,M,PhD,75,Prof,79,95,Full,0,7925.0,3
11632,1027,F,PhD,87,Other,90,90,Assist,0,3450.0,1
11633,1027,F,PhD,87,Other,90,91,Assist,0,3715.0,1
11634,1027,F,PhD,87,Other,90,92,Assist,0,3991.0,1
11635,1027,F,PhD,87,Other,90,93,Assist,0,4165.0,1
11636,1027,F,PhD,87,Other,90,94,Assoc,0,4286.0,2
11637,1027,F,PhD,87,Other,90,95,Assoc,0,4474.0,2
11638,1028,M,PhD,82,Other,87,87,Assist,0,3409.0,1
11639,1028,M,PhD,82,Other,87,88,Assist,0,3409.0,1
11640,1028,M,PhD,82,Other,87,89,Assist,0,3754.0,1
11641,1028,M,PhD,82,Other,87,90,Assist,0,3929.0,1
11642,1028,M,PhD,82,Other,87,91,Assoc,0,4231.0,2
11643,1028,M,PhD,82,Other,87,92,Assoc,0,4416.0,2
11644,1028,M,PhD,82,Other,87,93,Assoc,0,4676.0,2
11645,1028,M,PhD,82,Other,87,94,Assoc,0,4676.0,2
11646,1028,M,PhD,82,Other,87,95,Full,0,4951.0,3
11647,1029,F,PhD,87,Other,89,89,Assist,0,3204.0,1
11648,1029,F,PhD,87,Other,89,90,Assist,0,3401.0,1
11649,1029,F,PhD,87,Other,89,91,Assist,0,3559.0,1
11650,1029,F,PhD,87,Other,89,92,Assist,0,3663.0,1
11651,1029,F,PhD,87,Other,89,93,Assist,0,3769.0,1
11652,1029,F,PhD,87,Other,89,94,Assoc,0,4348.0,2
11653,1029,F,PhD,87,Other,89,95,Assoc,0,4528.0,2
11654,1030,M,PhD,69,Arts,72,76,Assoc,0,1946.0,2
11655,1030,M,PhD,69,Arts,72,77,Assoc,0,2296.0,2
11656,1030,M,PhD,69,Arts,72,78,Assoc,0,2419.0,2
11657,1030,M,PhD,69,Arts,72,79,Assoc,0,2715.0,2
11658,1030,M,PhD,69,Arts,72,80,Assoc,0,2964.0,2
11659,1030,M,PhD,69,Arts,72,81,Assoc,0,3369.0,2
11660,1030,M,PhD,69,Arts,72,82,Assoc,0,3517.0,2
11661,1030,M,PhD,69,Arts,72,83,Assoc,0,3710.0,2
11662,1030,M,PhD,69,Arts,72,84,Assoc,0,3906.0,2
11663,1030,M,PhD,69,Arts,72,85,Assoc,0,3906.0,2
11664,1030,M,PhD,69,Arts,72,86,Assoc,0,4023.0,2
11665,1030,M,PhD,69,Arts,72,87,Assoc,0,4225.0,2
11666,1030,M,PhD,69,Arts,72,88,Assoc,0,4225.0,2
11667,1030,M,PhD,69,Arts,72,89,Assoc,0,4520.0,2
11668,1030,M,PhD,69,Arts,72,90,Assoc,0,4869.0,2
11669,1030,M,PhD,69,Arts,72,91,Assoc,0,5394.0,2
11670,1030,M,PhD,69,Arts,72,92,Assoc,0,5631.0,2
11671,1030,M,PhD,69,Arts,72,93,Assoc,0,5878.0,2
11672,1030,M,PhD,69,Arts,72,94,Assoc,0,5878.0,2
11673,1030,M,PhD,69,Arts,72,95,Assoc,0,6048.0,2
11674,1031,F,PhD,88,Arts,91,91,Assist,0,4292.0,1
11675,1031,F,PhD,88,Arts,91,92,Assist,0,4292.0,1
11676,1031,F,PhD,88,Arts,91,93,Assist,0,4353.0,1
11677,1031,F,PhD,88,Arts,91,94,Assist,0,4353.0,1
11678,1031,F,PhD,88,Arts,91,95,Assist,0,4480.0,1
11679,1032,F,PhD,91,Other,92,92,Assist,0,3085.0,1
11680,1032,F,PhD,91,Other,92,93,Assist,0,3175.0,1
11681,1032,F,PhD,91,Other,92,94,Assist,0,3175.0,1
11682,1032,F,PhD,91,Other,92,95,Assist,0,3611.0,1
11683,1033,M,PhD,83,Prof,83,83,Assist,0,2448.0,1
11684,1033,M,PhD,83,Prof,83,84,Assist,0,2539.0,1
11685,1033,M,PhD,83,Prof,83,85,Assist,0,2539.0,1
11686,1033,M,PhD,83,Prof,83,86,Assist,0,2770.0,1
11687,1033,M,PhD,83,Prof,83,87,Assist,0,2910.0,1
11688,1033,M,PhD,83,Prof,83,91,Assoc,0,6223.0,2
11689,1033,M,PhD,83,Prof,83,92,Assoc,0,6223.0,2
11690,1033,M,PhD,83,Prof,83,93,Assoc,0,6404.0,2
11691,1033,M,PhD,83,Prof,83,94,Assoc,0,6404.0,2
11692,1033,M,PhD,83,Prof,83,95,Assoc,0,6590.0,2
11693,1034,M,PhD,72,Prof,78,78,Assoc,0,1300.0,2
11694,1034,M,PhD,72,Prof,78,79,Assoc,0,1724.0,2
11695,1034,M,PhD,72,Prof,78,81,Assoc,0,2288.0,2
11696,1034,M,PhD,72,Prof,78,82,Assoc,0,2388.0,2
11697,1034,M,PhD,72,Prof,78,83,Assoc,0,2555.0,2
11698,1034,M,PhD,72,Prof,78,84,Assoc,0,2729.0,2
11699,1034,M,PhD,72,Prof,78,85,Assoc,0,2729.0,2
11700,1034,M,PhD,72,Prof,78,86,Assoc,0,2976.0,2
11701,1034,M,PhD,72,Prof,78,87,Assoc,0,3126.0,2
11702,1034,M,PhD,72,Prof,78,88,Assoc,0,3217.0,2
11703,1034,M,PhD,72,Prof,78,89,Assoc,0,3490.0,2
11704,1034,M,PhD,72,Prof,78,90,Assoc,0,3653.0,2
11705,1034,M,PhD,72,Prof,78,91,Assoc,0,3939.0,2
11706,1034,M,PhD,72,Prof,78,92,Assoc,0,4053.0,2
11707,1034,M,PhD,72,Prof,78,93,Assoc,0,4171.0,2
11708,1034,M,PhD,72,Prof,78,94,Assoc,0,4171.0,2
11709,1034,M,PhD,72,Prof,78,95,Assoc,0,4292.0,2
11710,1035,M,PhD,68,Other,85,85,Full,1,5349.0,3
11711,1035,M,PhD,68,Other,85,86,Full,1,5833.0,3
11712,1035,M,PhD,68,Other,85,87,Full,1,6126.0,3
11713,1035,M,PhD,68,Other,85,88,Full,1,6126.0,3
11714,1035,M,PhD,68,Other,85,89,Full,1,6555.0,3
11715,1035,M,PhD,68,Other,85,90,Full,1,6764.0,3
11716,1035,M,PhD,68,Other,85,91,Full,1,6977.0,3
11717,1035,M,PhD,68,Other,85,92,Full,1,7180.0,3
11718,1035,M,PhD,68,Other,85,93,Full,0,7388.0,3
11719,1035,M,PhD,68,Other,85,94,Full,0,7388.0,3
11720,1035,M,PhD,68,Other,85,95,Full,0,7602.0,3
11721,1036,M,PhD,59,Other,62,76,Full,0,2160.0,3
11722,1036,M,PhD,59,Other,62,77,Full,1,2419.0,3
11723,1036,M,PhD,59,Other,62,78,Full,1,2544.0,3
11724,1036,M,PhD,59,Other,62,79,Full,1,2940.0,3
11725,1036,M,PhD,59,Other,62,80,Full,1,3153.0,3
11726,1036,M,PhD,59,Other,62,81,Full,1,3831.0,3
11727,1036,M,PhD,59,Other,62,82,Full,0,3723.0,3
11728,1036,M,PhD,59,Other,62,83,Full,0,3985.0,3
11729,1036,M,PhD,59,Other,62,84,Full,1,4771.0,3
11730,1036,M,PhD,59,Other,62,85,Full,1,4771.0,3
11731,1036,M,PhD,59,Other,62,86,Full,1,5354.0,3
11732,1036,M,PhD,59,Other,62,87,Full,0,5623.0,3
11733,1036,M,PhD,59,Other,62,88,Full,1,5869.0,3
11734,1036,M,PhD,59,Other,62,89,Full,1,6745.0,3
11735,1036,M,PhD,59,Other,62,90,Full,1,7060.0,3
11736,1036,M,PhD,59,Other,62,91,Full,1,7602.0,3
11737,1036,M,PhD,59,Other,62,92,Full,1,7823.0,3
11738,1036,M,PhD,59,Other,62,93,Full,1,8165.0,3
11739,1036,M,PhD,59,Other,62,94,Full,0,8165.0,3
11740,1036,M,PhD,59,Other,62,95,Full,0,8402.0,3
11741,1037,M,PhD,64,Arts,50,76,Assoc,0,1982.0,2
11742,1037,M,PhD,64,Arts,50,77,Assoc,0,2216.0,2
11743,1037,M,PhD,64,Arts,50,78,Assoc,0,2337.333,2
11744,1037,M,PhD,64,Arts,50,79,Assoc,0,2627.0,2
11745,1037,M,PhD,64,Arts,50,80,Assoc,1,3079.0,2
11746,1037,M,PhD,64,Arts,50,81,Assoc,0,3182.0,2
11747,1037,M,PhD,64,Arts,50,82,Assoc,0,3369.0,2
11748,1037,M,PhD,64,Arts,50,83,Assoc,0,3710.0,2
11749,1037,M,PhD,64,Arts,50,84,Assoc,0,3795.0,2
11750,1037,M,PhD,64,Arts,50,85,Assoc,0,3795.0,2
11751,1037,M,PhD,64,Arts,50,86,Assoc,0,3909.0,2
11752,1037,M,PhD,64,Arts,50,87,Assoc,0,4105.0,2
11753,1037,M,PhD,64,Arts,50,88,Assoc,0,4225.0,2
11754,1037,M,PhD,64,Arts,50,89,Assoc,0,4585.0,2
11755,1037,M,PhD,64,Arts,50,90,Assoc,0,4800.0,2
11756,1037,M,PhD,64,Arts,50,91,Assoc,0,5095.0,2
11757,1037,M,PhD,64,Arts,50,92,Assoc,0,5242.0,2
11758,1037,M,PhD,64,Arts,50,93,Assoc,0,5394.0,2
11759,1037,M,PhD,64,Arts,50,94,Assoc,0,5394.0,2
11760,1037,M,PhD,64,Arts,50,95,Assoc,0,5551.0,2
11761,1038,M,PhD,62,Other,66,76,Full,0,2125.0,3
11762,1038,M,PhD,62,Other,66,77,Full,0,2337.0,3
11763,1038,M,PhD,62,Other,66,78,Full,0,2460.0,3
11764,1038,M,PhD,62,Other,66,79,Full,0,2715.0,3
11765,1038,M,PhD,62,Other,66,80,Full,0,2917.0,3
11766,1038,M,PhD,62,Other,66,81,Full,0,3228.0,3
11767,1038,M,PhD,62,Other,66,82,Full,0,3228.0,3
11768,1038,M,PhD,62,Other,66,83,Full,0,3554.0,3
11769,1038,M,PhD,62,Other,66,84,Full,0,3795.0,3
11770,1038,M,PhD,62,Other,66,85,Full,0,3795.0,3
11771,1038,M,PhD,62,Other,66,86,Full,0,4199.0,3
11772,1038,M,PhD,62,Other,66,87,Full,0,4410.0,3
11773,1038,M,PhD,62,Other,66,88,Full,0,4473.0,3
11774,1038,M,PhD,62,Other,66,89,Full,0,4786.0,3
11775,1038,M,PhD,62,Other,66,90,Full,0,5010.0,3
11776,1038,M,PhD,62,Other,66,91,Full,0,5472.0,3
11777,1038,M,PhD,62,Other,66,92,Full,0,5631.0,3
11778,1038,M,PhD,62,Other,66,93,Full,0,5794.0,3
11779,1038,M,PhD,62,Other,66,94,Full,0,5794.0,3
11780,1038,M,PhD,62,Other,66,95,Full,0,6048.0,3
11781,1039,F,PhD,81,Other,85,85,Assoc,0,3581.0,2
11782,1039,F,PhD,81,Other,85,86,Assoc,0,3688.0,2
11783,1039,F,PhD,81,Other,85,87,Assoc,1,4101.0,2
11784,1039,F,PhD,81,Other,85,88,Assoc,0,3986.0,2
11785,1039,F,PhD,81,Other,85,89,Full,0,4515.0,3
11786,1039,F,PhD,81,Other,85,90,Full,0,4794.0,3
11787,1039,F,PhD,81,Other,85,91,Full,0,5016.0,3
11788,1039,F,PhD,81,Other,85,92,Full,0,5236.0,3
11789,1039,F,PhD,81,Other,85,93,Full,0,5388.0,3
11790,1039,F,PhD,81,Other,85,94,Full,0,5388.0,3
11791,1039,F,PhD,81,Other,85,95,Full,0,5624.0,3
11792,1040,M,PhD,67,Prof,67,76,Assoc,0,2339.0,2
11793,1040,M,PhD,67,Prof,67,77,Assoc,0,2544.0,2
11794,1040,M,PhD,67,Prof,67,78,Full,0,2757.0,3
11795,1040,M,PhD,67,Prof,67,79,Full,0,3013.433,3
11796,1040,M,PhD,67,Prof,67,80,Full,0,3250.0,3
11797,1040,M,PhD,67,Prof,67,81,Full,0,3723.0,3
11798,1040,M,PhD,67,Prof,67,82,Full,0,3723.0,3
11799,1040,M,PhD,67,Prof,67,83,Full,0,3927.0,3
11800,1040,M,PhD,67,Prof,67,84,Full,0,4135.0,3
11801,1040,M,PhD,67,Prof,67,85,Full,0,4135.0,3
11802,1040,M,PhD,67,Prof,67,86,Full,0,4259.0,3
11803,1040,M,PhD,67,Prof,67,87,Full,0,4473.0,3
11804,1040,M,PhD,67,Prof,67,88,Full,0,4603.0,3
11805,1040,M,PhD,67,Prof,67,89,Full,0,5068.0,3
11806,1040,M,PhD,67,Prof,67,90,Full,0,5458.0,3
11807,1040,M,PhD,67,Prof,67,91,Full,0,5962.0,3
11808,1040,M,PhD,67,Prof,67,92,Full,0,6313.0,3
11809,1040,M,PhD,67,Prof,67,93,Full,0,6496.0,3
11810,1040,M,PhD,67,Prof,67,94,Full,0,6496.0,3
11811,1040,M,PhD,67,Prof,67,95,Full,0,6590.0,3
11812,1041,M,PhD,65,Other,66,76,Assoc,0,1982.0,2
11813,1041,M,PhD,65,Other,66,77,Assoc,0,2296.0,2
11814,1041,M,PhD,65,Other,66,78,Full,0,2544.0,3
11815,1041,M,PhD,65,Other,66,79,Full,0,2895.0,3
11816,1041,M,PhD,65,Other,66,80,Full,0,3202.0,3
11817,1041,M,PhD,65,Other,66,81,Full,0,3568.0,3
11818,1041,M,PhD,65,Other,66,82,Full,0,3777.0,3
11819,1041,M,PhD,65,Other,66,83,Full,0,3985.0,3
11820,1041,M,PhD,65,Other,66,84,Full,0,4378.0,3
11821,1041,M,PhD,65,Other,66,85,Full,0,4378.0,3
11822,1041,M,PhD,65,Other,66,86,Full,0,5056.0,3
11823,1041,M,PhD,65,Other,66,87,Full,0,5310.0,3
11824,1041,M,PhD,65,Other,66,88,Full,0,5703.0,3
11825,1041,M,PhD,65,Other,66,89,Full,0,6280.0,3
11826,1041,M,PhD,65,Other,66,90,Full,0,6573.0,3
11827,1041,M,PhD,65,Other,66,91,Full,0,7180.0,3
11828,1041,M,PhD,65,Other,66,92,Full,0,7388.0,3
11829,1041,M,PhD,65,Other,66,93,Full,0,7823.0,3
11830,1041,M,PhD,65,Other,66,94,Full,0,7823.0,3
11831,1041,M,PhD,65,Other,66,95,Full,0,8049.0,3
11832,1042,M,PhD,67,Other,60,76,Assoc,0,2447.0,2
11833,1042,M,PhD,67,Other,60,77,Assoc,0,2691.0,2
11834,1042,M,PhD,67,Other,60,78,Assoc,0,2590.0,2
11835,1042,M,PhD,67,Other,60,79,Assoc,0,2907.0,2
11836,1042,M,PhD,67,Other,60,80,Assoc,0,3168.0,2
11837,1042,M,PhD,67,Other,60,81,Assoc,0,3512.0,2
11838,1042,M,PhD,67,Other,60,82,Assoc,1,3719.0,2
11839,1042,M,PhD,67,Other,60,83,Full,1,4096.0,3
11840,1042,M,PhD,67,Other,60,84,Full,1,4312.0,3
11841,1042,M,PhD,67,Other,60,85,Full,1,4312.0,3
11842,1042,M,PhD,67,Other,60,86,Full,1,4702.0,3
11843,1042,M,PhD,67,Other,60,87,Full,1,4702.0,3
11844,1042,M,PhD,67,Other,60,88,Full,1,6771.0,3
11845,1042,M,PhD,67,Other,60,89,Full,0,6745.0,3
11846,1042,M,PhD,67,Other,60,90,Full,0,7162.0,3
11847,1042,M,PhD,67,Other,60,91,Full,0,7388.0,3
11848,1042,M,PhD,67,Other,60,92,Full,0,7494.0,3
11849,1042,M,PhD,67,Other,60,93,Full,0,7602.0,3
11850,1042,M,PhD,67,Other,60,94,Full,1,8165.0,3
11851,1042,M,PhD,67,Other,60,95,Full,1,8646.0,3
11852,1043,M,PhD,76,Other,76,76,Assist,0,1472.0,1
11853,1043,M,PhD,76,Other,76,77,Assist,0,1659.0,1
11854,1043,M,PhD,76,Other,76,78,Assist,0,1791.0,1
11855,1043,M,PhD,76,Other,76,79,Assist,0,2079.0,1
11856,1043,M,PhD,76,Other,76,80,Assist,0,2256.0,1
11857,1043,M,PhD,76,Other,76,81,Assoc,0,2567.0,2
11858,1043,M,PhD,76,Other,76,82,Assoc,0,2719.0,2
11859,1043,M,PhD,76,Other,76,83,Assoc,0,2869.0,2
11860,1043,M,PhD,76,Other,76,84,Assoc,0,3107.0,2
11861,1043,M,PhD,76,Other,76,85,Assoc,0,3107.0,2
11862,1043,M,PhD,76,Other,76,86,Assoc,0,3200.0,2
11863,1043,M,PhD,76,Other,76,87,Assoc,0,3361.0,2
11864,1043,M,PhD,76,Other,76,88,Assoc,0,3508.0,2
11865,1043,M,PhD,76,Other,76,89,Full,0,4269.0,3
11866,1043,M,PhD,76,Other,76,90,Full,0,4731.0,3
11867,1043,M,PhD,76,Other,76,91,Full,0,5095.0,3
11868,1043,M,PhD,76,Other,76,92,Full,0,5394.0,3
11869,1043,M,PhD,76,Other,76,93,Full,0,5551.0,3
11870,1043,M,PhD,76,Other,76,94,Full,0,5551.0,3
11871,1043,M,PhD,76,Other,76,95,Full,0,5962.0,3
11872,1044,M,PhD,83,Other,91,91,Assist,0,4604.0,1
11873,1044,M,PhD,83,Other,91,92,Assist,0,4783.0,1
11874,1044,M,PhD,83,Other,91,93,Assist,0,4945.0,1
11875,1044,M,PhD,83,Other,91,94,Assist,0,4945.0,1
11876,1044,M,PhD,83,Other,91,95,Assist,0,5143.0,1
11877,1045,M,PhD,70,Other,71,76,Assoc,0,1889.0,2
11878,1045,M,PhD,70,Other,71,77,Assoc,0,2078.0,2
11879,1045,M,PhD,70,Other,71,78,Assoc,0,2182.0,2
11880,1045,M,PhD,70,Other,71,79,Assoc,0,2419.0,2
11881,1045,M,PhD,70,Other,71,80,Assoc,0,2603.0,2
11882,1045,M,PhD,70,Other,71,81,Assoc,0,2876.0,2
11883,1045,M,PhD,70,Other,71,82,Assoc,0,3045.0,2
11884,1045,M,PhD,70,Other,71,83,Assoc,0,3213.0,2
11885,1045,M,PhD,70,Other,71,84,Assoc,0,3479.0,2
11886,1045,M,PhD,70,Other,71,85,Full,0,3581.0,3
11887,1045,M,PhD,70,Other,71,86,Full,0,4134.0,3
11888,1045,M,PhD,70,Other,71,87,Full,0,4343.0,3
11889,1045,M,PhD,70,Other,71,88,Full,0,4469.0,3
11890,1045,M,PhD,70,Other,71,89,Full,0,4919.0,3
11891,1045,M,PhD,70,Other,71,90,Full,0,5149.0,3
11892,1045,M,PhD,70,Other,71,91,Full,0,5465.0,3
11893,1045,M,PhD,70,Other,71,92,Full,0,5705.0,3
11894,1045,M,PhD,70,Other,71,93,Full,0,5870.0,3
11895,1045,M,PhD,70,Other,71,94,Full,0,5870.0,3
11896,1045,M,PhD,70,Other,71,95,Full,0,6216.0,3
11897,1046,F,PhD,90,Other,91,91,Assist,0,3823.0,1
11898,1046,F,PhD,90,Other,91,92,Assist,0,3934.0,1
11899,1046,F,PhD,90,Other,91,93,Assist,0,4106.0,1
11900,1046,F,PhD,90,Other,91,94,Assist,0,4106.0,1
11901,1046,F,PhD,90,Other,91,95,Assoc,0,4538.0,2
11902,1047,F,PhD,91,Other,93,93,Assist,0,3314.0,1
11903,1047,F,PhD,91,Other,93,94,Assist,0,3314.0,1
11904,1047,F,PhD,91,Other,93,95,Assist,0,3611.0,1
11905,1048,M,PhD,79,Other,90,90,Assoc,0,6120.0,2
11906,1048,M,PhD,79,Other,90,91,Assoc,0,6223.0,2
11907,1048,M,PhD,79,Other,90,92,Assoc,0,6404.0,2
11908,1048,M,PhD,79,Other,90,93,Assoc,0,6684.0,2
11909,1048,M,PhD,79,Other,90,94,Assoc,0,6684.0,2
11910,1048,M,PhD,79,Other,90,95,Full,0,7078.0,3
11911,1049,M,PhD,85,Other,84,84,Assist,0,2507.0,1
11912,1049,M,PhD,85,Other,84,85,Assist,0,2507.0,1
11913,1049,M,PhD,85,Other,84,86,Assist,0,2583.0,1
11914,1049,M,PhD,85,Other,84,87,Assist,0,2712.0,1
11915,1049,M,PhD,85,Other,84,88,Assist,0,2791.0,1
11916,1049,M,PhD,85,Other,84,89,Assist,0,3117.0,1
11917,1049,M,PhD,85,Other,84,90,Assist,0,3263.0,1
11918,1049,M,PhD,85,Other,84,91,Assoc,0,3828.0,2
11919,1049,M,PhD,85,Other,84,92,Assoc,0,4053.0,2
11920,1049,M,PhD,85,Other,84,93,Assoc,0,4112.0,2
11921,1049,M,PhD,85,Other,84,94,Assoc,0,4112.0,2
11922,1049,M,PhD,85,Other,84,95,Assoc,0,4171.0,2
11923,1050,M,PhD,81,Other,90,90,Assist,0,2825.0,1
11924,1050,M,PhD,81,Other,90,91,Assist,0,3042.0,1
11925,1050,M,PhD,81,Other,90,92,Assist,0,3175.0,1
11926,1050,M,PhD,81,Other,90,93,Assist,0,3267.0,1
11927,1050,M,PhD,81,Other,90,94,Assist,0,3267.0,1
11928,1050,M,PhD,81,Other,90,95,Assist,0,3508.889,1
11929,1051,F,PhD,88,Prof,93,93,Assist,0,5095.0,1
11930,1051,F,PhD,88,Prof,93,94,Assist,0,5095.0,1
11931,1051,F,PhD,88,Prof,93,95,Assist,0,5631.0,1
11933,1054,F,PhD,66,Other,91,91,Assoc,0,3459.0,2
11934,1054,F,PhD,66,Other,91,92,Assoc,0,3611.0,2
11935,1054,F,PhD,66,Other,91,93,Assoc,0,3715.0,2
11936,1054,F,PhD,66,Other,91,94,Assoc,0,3715.0,2
11937,1054,F,PhD,66,Other,91,95,Assoc,0,3880.0,2
11938,1055,M,PhD,94,Arts,94,94,Assist,0,3720.0,1
11939,1055,M,PhD,94,Arts,94,95,Assist,0,3939.0,1
11940,1056,M,PhD,85,Prof,87,87,Assist,0,3171.0,1
11941,1056,M,PhD,85,Prof,87,88,Assist,0,3263.0,1
11942,1056,M,PhD,85,Prof,87,89,Assist,0,3541.0,1
11943,1056,M,PhD,85,Prof,87,90,Assist,0,3706.0,1
11944,1056,M,PhD,85,Prof,87,91,Assist,0,3934.0,1
11945,1056,M,PhD,85,Prof,87,92,Assist,0,4106.0,1
11946,1056,M,PhD,85,Prof,87,93,Assoc,0,4411.0,2
11947,1056,M,PhD,85,Prof,87,94,Assoc,0,4411.0,2
11948,1056,M,PhD,85,Prof,87,95,Assoc,0,4604.0,2
11949,1057,M,PhD,87,Other,94,94,Assist,0,3180.0,1
11950,1057,M,PhD,87,Other,94,95,Assist,0,3715.0,1
11951,1058,M,PhD,62,Other,62,76,Full,0,2056.0,3
11952,1058,M,PhD,62,Other,62,77,Full,0,2174.0,3
11953,1058,M,PhD,62,Other,62,78,Full,0,2246.0,3
11954,1058,M,PhD,62,Other,62,79,Full,0,2490.0,3
11955,1058,M,PhD,62,Other,62,80,Full,0,2676.0,3
11956,1058,M,PhD,62,Other,62,81,Full,0,2876.0,3
11957,1058,M,PhD,62,Other,62,82,Full,0,2917.0,3
11958,1058,M,PhD,62,Other,62,83,Full,0,3167.0,3
11959,1058,M,PhD,62,Other,62,84,Full,0,3240.0,3
11960,1058,M,PhD,62,Other,62,85,Full,0,3240.0,3
11961,1058,M,PhD,62,Other,62,86,Full,0,3337.0,3
11962,1058,M,PhD,62,Other,62,87,Full,0,3505.0,3
11963,1058,M,PhD,62,Other,62,88,Full,0,3555.0,3
11964,1058,M,PhD,62,Other,62,89,Full,0,3913.0,3
11965,1058,M,PhD,62,Other,62,90,Full,0,3981.0,3
11966,1058,M,PhD,62,Other,62,91,Full,0,4165.0,3
11967,1058,M,PhD,62,Other,62,92,Full,0,4286.0,3
11968,1058,M,PhD,62,Other,62,93,Full,0,4286.0,3
11969,1058,M,PhD,62,Other,62,94,Full,0,4286.0,3
11970,1058,M,PhD,62,Other,62,95,Full,0,5347.0,3
11971,1059,M,PhD,67,Prof,67,76,Full,1,3061.0,3
11972,1059,M,PhD,67,Prof,67,77,Full,1,3340.0,3
11973,1059,M,PhD,67,Prof,67,78,Full,1,3576.0,3
11974,1059,M,PhD,67,Prof,67,79,Full,1,4060.0,3
11975,1059,M,PhD,67,Prof,67,80,Full,1,4440.0,3
11976,1059,M,PhD,67,Prof,67,81,Full,0,4956.0,3
11977,1059,M,PhD,67,Prof,67,82,Full,0,5174.0,3
11978,1059,M,PhD,67,Prof,67,83,Full,0,5537.0,3
11979,1059,M,PhD,67,Prof,67,84,Full,0,5997.0,3
11980,1059,M,PhD,67,Prof,67,85,Full,0,5997.0,3
11981,1059,M,PhD,67,Prof,67,86,Full,0,6634.0,3
11982,1059,M,PhD,67,Prof,67,87,Full,0,6967.0,3
11983,1059,M,PhD,67,Prof,67,88,Full,0,7067.0,3
11984,1059,M,PhD,67,Prof,67,89,Full,0,7562.0,3
11985,1059,M,PhD,67,Prof,67,90,Full,0,8262.0,3
11986,1059,M,PhD,67,Prof,67,91,Full,0,8646.0,3
11987,1059,M,PhD,67,Prof,67,92,Full,0,9025.0,3
11988,1059,M,PhD,67,Prof,67,93,Full,0,9286.0,3
11989,1059,M,PhD,67,Prof,67,94,Full,0,9286.0,3
11990,1059,M,PhD,67,Prof,67,95,Full,0,9556.0,3
11991,1060,F,PhD,63,Other,74,76,Assist,0,1575.0,1
11992,1060,F,PhD,63,Other,74,77,Assist,0,1732.0,1
11993,1060,F,PhD,63,Other,74,78,Assist,0,1802.0,1
11994,1060,F,PhD,63,Other,74,79,Assist,0,1998.0,1
11995,1060,F,PhD,63,Other,74,81,Assist,0,2457.5,1
11996,1060,F,PhD,63,Other,74,82,Assist,0,2602.0,1
11997,1060,F,PhD,63,Other,74,83,Assoc,0,2948.0,2
11998,1060,F,PhD,63,Other,74,84,Assoc,0,3240.0,2
11999,1060,F,PhD,63,Other,74,85,Assoc,0,3240.0,2
12000,1060,F,PhD,63,Other,74,86,Assoc,0,3533.0,2
12001,1060,F,PhD,63,Other,74,87,Assoc,0,3711.0,2
12002,1060,F,PhD,63,Other,74,88,Assoc,0,3929.0,2
12003,1060,F,PhD,63,Other,74,89,Assoc,0,4325.0,2
12004,1060,F,PhD,63,Other,74,90,Assoc,0,4725.0,2
12005,1060,F,PhD,63,Other,74,91,Assoc,0,5162.0,2
12006,1060,F,PhD,63,Other,74,92,Assoc,0,5311.0,2
12007,1060,F,PhD,63,Other,74,93,Full,0,5624.0,3
12008,1060,F,PhD,63,Other,74,94,Full,0,5624.0,3
12009,1060,F,PhD,63,Other,74,95,Full,0,5870.0,3
12010,1061,M,PhD,69,Other,91,91,Full,0,4538.0,3
12011,1061,M,PhD,69,Other,91,92,Full,0,4737.0,3
12012,1061,M,PhD,69,Other,91,93,Full,0,4875.0,3
12013,1061,M,PhD,69,Other,91,94,Full,0,4875.0,3
12014,1061,M,PhD,69,Other,91,95,Full,0,5088.0,3
12015,1062,M,PhD,67,Other,62,76,Assoc,0,1946.0,2
12016,1062,M,PhD,67,Other,62,77,Assoc,0,2176.0,2
12017,1062,M,PhD,67,Other,62,78,Assoc,0,2296.0,2
12018,1062,M,PhD,67,Other,62,79,Assoc,0,2540.0,2
12019,1062,M,PhD,67,Other,62,80,Assoc,0,2732.0,2
12020,1062,M,PhD,67,Other,62,81,Full,0,3048.0,3
12021,1062,M,PhD,67,Other,62,82,Full,0,3228.0,3
12022,1062,M,PhD,67,Other,62,83,Full,0,3455.0,3
12023,1062,M,PhD,67,Other,62,84,Full,0,3688.0,3
12024,1062,M,PhD,67,Other,62,85,Full,0,3688.0,3
12025,1062,M,PhD,67,Other,62,86,Full,0,4199.0,3
12026,1062,M,PhD,67,Other,62,87,Full,0,4410.0,3
12027,1062,M,PhD,67,Other,62,88,Full,0,4473.0,3
12028,1062,M,PhD,67,Other,62,89,Full,0,4786.0,3
12029,1062,M,PhD,67,Other,62,90,Full,0,5010.0,3
12030,1062,M,PhD,67,Other,62,91,Full,1,5551.0,3
12031,1062,M,PhD,67,Other,62,92,Full,1,5712.0,3
12032,1062,M,PhD,67,Other,62,93,Full,1,5878.0,3
12033,1062,M,PhD,67,Other,62,94,Full,1,5878.0,3
12034,1062,M,PhD,67,Other,62,95,Full,0,6223.0,3
12035,1063,F,PhD,84,Other,85,85,Assist,0,2889.0,1
12036,1063,F,PhD,84,Other,85,86,Assist,0,2976.0,1
12037,1063,F,PhD,84,Other,85,87,Assist,0,3126.0,1
12038,1063,F,PhD,84,Other,85,88,Assist,0,3217.0,1
12039,1063,F,PhD,84,Other,85,89,Assist,0,3441.0,1
12040,1063,F,PhD,84,Other,85,90,Assist,0,3653.0,1
12041,1063,F,PhD,84,Other,85,91,Assist,0,3878.0,1
12042,1063,F,PhD,84,Other,85,92,Assoc,0,4165.0,2
12043,1063,F,PhD,84,Other,85,93,Assoc,0,4348.0,2
12044,1063,F,PhD,84,Other,85,94,Assoc,0,4348.0,2
12045,1063,F,PhD,84,Other,85,95,Assoc,0,4538.0,2
12046,1064,M,PhD,79,Other,83,83,Assist,0,2414.0,1
12047,1064,M,PhD,79,Other,83,84,Assist,0,2651.0,1
12048,1064,M,PhD,79,Other,83,85,Assoc,0,2729.0,2
12049,1064,M,PhD,79,Other,83,87,Assoc,0,3406.0,2
12050,1064,M,PhD,79,Other,83,88,Assoc,0,3555.0,2
12051,1064,M,PhD,79,Other,83,89,Assoc,0,3858.0,2
12052,1064,M,PhD,79,Other,83,90,Full,0,4155.0,3
12053,1064,M,PhD,79,Other,83,91,Full,0,4411.0,3
12054,1064,M,PhD,79,Other,83,92,Full,0,4538.0,3
12055,1064,M,PhD,79,Other,83,93,Full,0,4737.0,3
12056,1064,M,PhD,79,Other,83,94,Full,0,4737.0,3
12057,1064,M,PhD,79,Other,83,95,Full,0,5088.0,3
12058,1065,M,PhD,78,Prof,79,79,Assist,0,2039.0,1
12059,1065,M,PhD,78,Prof,79,80,Assist,0,2205.0,1
12060,1065,M,PhD,78,Prof,79,81,Assist,0,2719.0,1
12061,1065,M,PhD,78,Prof,79,82,Assist,0,3048.0,1
12062,1065,M,PhD,78,Prof,79,83,Assist,0,3710.0,1
12063,1065,M,PhD,78,Prof,79,84,Assist,0,3962.0,1
12064,1065,M,PhD,78,Prof,79,85,Assoc,0,4077.0,2
12065,1065,M,PhD,78,Prof,79,86,Assoc,0,5056.0,2
12066,1065,M,PhD,78,Prof,79,87,Assoc,0,5310.0,2
12067,1065,M,PhD,78,Prof,79,88,Assoc,0,5464.0,2
12068,1065,M,PhD,78,Prof,79,89,Assoc,0,6103.0,2
12069,1065,M,PhD,78,Prof,79,90,Assoc,0,6861.0,2
12070,1065,M,PhD,78,Prof,79,91,Full,0,7494.0,3
12071,1065,M,PhD,78,Prof,79,92,Full,0,7823.0,3
12072,1065,M,PhD,78,Prof,79,93,Full,0,8049.0,3
12073,1065,M,PhD,78,Prof,79,94,Full,0,8049.0,3
12074,1065,M,PhD,78,Prof,79,95,Full,0,8283.0,3
12075,1066,F,PhD,85,Prof,85,85,Assist,0,3586.0,1
12076,1066,F,PhD,85,Prof,85,86,Assist,0,3909.0,1
12077,1066,F,PhD,85,Prof,85,87,Assist,0,4105.0,1
12078,1066,F,PhD,85,Prof,85,89,Assist,0,4456.0,1
12079,1066,F,PhD,85,Prof,85,90,Assist,0,4800.0,1
12080,1066,F,PhD,85,Prof,85,91,Assist,0,5022.0,1
12081,1066,F,PhD,85,Prof,85,92,Assist,0,5318.0,1
12082,1066,F,PhD,85,Prof,85,93,Assoc,0,5631.0,2
12083,1066,F,PhD,85,Prof,85,94,Assoc,0,5631.0,2
12084,1066,F,PhD,85,Prof,85,95,Assoc,0,5962.0,2
12085,1067,F,PhD,79,Other,85,85,Assoc,0,3688.0,2
12086,1067,F,PhD,79,Other,85,86,Assoc,0,3799.0,2
12087,1067,F,PhD,79,Other,85,87,Assoc,0,3990.0,2
12088,1067,F,PhD,79,Other,85,88,Assoc,0,4105.0,2
12089,1067,F,PhD,79,Other,85,89,Assoc,0,4456.0,2
12090,1067,F,PhD,79,Other,85,90,Full,0,5458.0,3
12091,1067,F,PhD,79,Other,85,91,Full,0,5631.0,3
12092,1067,F,PhD,79,Other,85,92,Full,0,5794.0,3
12093,1067,F,PhD,79,Other,85,93,Full,0,5962.0,3
12094,1067,F,PhD,79,Other,85,94,Full,0,5962.0,3
12095,1067,F,PhD,79,Other,85,95,Full,0,6135.0,3
12097,1070,F,PhD,93,Other,93,93,Assist,0,4292.0,1
12098,1070,F,PhD,93,Other,93,94,Assist,0,4292.0,1
12099,1070,F,PhD,93,Other,93,95,Assist,0,4480.0,1
12100,1071,M,PhD,86,Other,91,91,Assoc,0,5168.0,2
12101,1071,M,PhD,86,Other,91,92,Assoc,0,5168.0,2
12102,1071,M,PhD,86,Other,91,93,Assoc,0,5311.0,2
12103,1071,M,PhD,86,Other,91,94,Assoc,0,5311.0,2
12104,1071,M,PhD,86,Other,91,95,Assoc,0,6590.0,2
12105,1072,M,PhD,80,Prof,80,80,Assist,0,2376.0,1
12106,1072,M,PhD,80,Prof,80,81,Assist,0,2719.0,1
12107,1072,M,PhD,80,Prof,80,82,Assist,0,2920.0,1
12108,1072,M,PhD,80,Prof,80,83,Assist,0,3710.0,1
12109,1072,M,PhD,80,Prof,80,84,Assist,0,3962.0,1
12110,1072,M,PhD,80,Prof,80,85,Assoc,0,4077.0,2
12111,1072,M,PhD,80,Prof,80,86,Assoc,0,4775.0,2
12112,1072,M,PhD,80,Prof,80,87,Assoc,0,5015.0,2
12113,1072,M,PhD,80,Prof,80,88,Assoc,0,5387.0,2
12114,1072,M,PhD,80,Prof,80,89,Assoc,0,5763.0,2
12115,1072,M,PhD,80,Prof,80,90,Full,0,6960.0,3
12116,1072,M,PhD,80,Prof,80,91,Full,0,7388.0,3
12117,1072,M,PhD,80,Prof,80,92,Full,0,7935.0,3
12118,1072,M,PhD,80,Prof,80,93,Full,0,8165.0,3
12119,1072,M,PhD,80,Prof,80,94,Full,0,8165.0,3
12120,1072,M,PhD,80,Prof,80,95,Full,0,8770.0,3
12121,1073,M,PhD,82,Other,86,86,Assist,0,3341.0,1
12122,1073,M,PhD,82,Other,86,87,Assist,0,3559.0,1
12123,1073,M,PhD,82,Other,86,88,Assist,0,3559.0,1
12124,1073,M,PhD,82,Other,86,89,Assist,0,3808.0,1
12125,1073,M,PhD,82,Other,86,90,Assoc,0,4160.0,2
12126,1073,M,PhD,82,Other,86,91,Assoc,0,4416.0,2
12127,1073,M,PhD,82,Other,86,92,Assoc,0,4676.0,2
12128,1073,M,PhD,82,Other,86,93,Assoc,0,4812.0,2
12129,1073,M,PhD,82,Other,86,94,Full,0,4951.0,3
12130,1073,M,PhD,82,Other,86,95,Full,0,5318.0,3
12131,1074,M,PhD,93,Other,93,93,Assist,0,4875.0,1
12132,1074,M,PhD,93,Other,93,94,Assist,0,4875.0,1
12133,1074,M,PhD,93,Other,93,95,Assist,0,5016.0,1
12134,1075,M,PhD,89,Prof,94,94,Assist,0,3024.0,1
12135,1075,M,PhD,89,Prof,94,95,Assist,0,3459.0,1
12136,1076,M,PhD,68,Other,68,76,Assoc,0,2148.0,2
12137,1076,M,PhD,68,Other,68,77,Assoc,0,2377.612,2
12138,1076,M,PhD,68,Other,68,78,Assoc,0,2533.0,2
12139,1076,M,PhD,68,Other,68,79,Assoc,0,2837.0,2
12140,1076,M,PhD,68,Other,68,80,Assoc,0,3042.0,2
12141,1076,M,PhD,68,Other,68,81,Assoc,0,3369.0,2
12142,1076,M,PhD,68,Other,68,82,Assoc,0,3369.0,2
12143,1076,M,PhD,68,Other,68,83,Assoc,0,3605.0,2
12144,1076,M,PhD,68,Other,68,84,Assoc,0,4018.0,2
12145,1076,M,PhD,68,Other,68,85,Assoc,0,4018.0,2
12146,1076,M,PhD,68,Other,68,86,Assoc,0,4383.0,2
12147,1076,M,PhD,68,Other,68,87,Assoc,0,4603.0,2
12148,1076,M,PhD,68,Other,68,88,Assoc,0,5015.0,2
12149,1076,M,PhD,68,Other,68,89,Assoc,0,5522.0,2
12150,1076,M,PhD,68,Other,68,90,Assoc,0,5698.0,2
12151,1076,M,PhD,68,Other,68,91,Assoc,0,6048.0,2
12152,1076,M,PhD,68,Other,68,92,Assoc,0,6135.0,2
12153,1076,M,PhD,68,Other,68,93,Assoc,1,8000.0,2
12154,1076,M,PhD,68,Other,68,94,Assoc,1,8000.0,2
12155,1076,M,PhD,68,Other,68,95,Assoc,1,8382.0,2
12156,1078,M,PhD,66,Other,66,76,Assoc,0,2018.0,2
12157,1078,M,PhD,66,Other,66,77,Assoc,0,2216.0,2
12158,1078,M,PhD,66,Other,66,78,Full,0,2337.0,3
12159,1078,M,PhD,66,Other,66,79,Full,0,2583.0,3
12160,1078,M,PhD,66,Other,66,80,Full,0,2824.0,3
12161,1078,M,PhD,66,Other,66,81,Full,0,3137.0,3
12162,1078,M,PhD,66,Other,66,82,Full,0,3137.0,3
12163,1078,M,PhD,66,Other,66,83,Full,0,3310.0,3
12164,1078,M,PhD,66,Other,66,84,Full,0,3586.0,3
12165,1078,M,PhD,66,Other,66,85,Full,0,3586.0,3
12166,1078,M,PhD,66,Other,66,86,Full,0,4259.0,3
12167,1078,M,PhD,66,Other,66,87,Full,0,4473.0,3
12168,1078,M,PhD,66,Other,66,88,Full,0,4603.0,3
12169,1078,M,PhD,66,Other,66,89,Full,0,4996.0,3
12170,1078,M,PhD,66,Other,66,90,Full,0,5305.0,3
12171,1078,M,PhD,66,Other,66,91,Full,0,5712.0,3
12172,1078,M,PhD,66,Other,66,92,Full,0,5878.0,3
12173,1078,M,PhD,66,Other,66,93,Full,0,5962.0,3
12174,1078,M,PhD,66,Other,66,94,Full,0,5962.0,3
12175,1078,M,PhD,66,Other,66,95,Full,0,6135.0,3
12176,1079,M,PhD,69,Arts,69,76,Assist,0,1743.0,1
12177,1079,M,PhD,69,Arts,69,77,Assist,0,1942.0,1
12178,1079,M,PhD,69,Arts,69,78,Assoc,0,2058.0,2
12179,1079,M,PhD,69,Arts,69,79,Assoc,0,2285.0,2
12180,1079,M,PhD,69,Arts,69,80,Assoc,0,2464.0,2
12181,1079,M,PhD,69,Arts,69,81,Assoc,0,2719.0,2
12182,1079,M,PhD,69,Arts,69,82,Assoc,0,2719.0,2
12183,1079,M,PhD,69,Arts,69,83,Assoc,0,2869.0,2
12184,1079,M,PhD,69,Arts,69,84,Assoc,0,3004.478,2
12185,1079,M,PhD,69,Arts,69,85,Assoc,0,3020.0,2
12186,1079,M,PhD,69,Arts,69,86,Assoc,0,3110.0,2
12187,1079,M,PhD,69,Arts,69,87,Assoc,0,3266.0,2
12188,1079,M,PhD,69,Arts,69,88,Assoc,0,3458.0,2
12189,1079,M,PhD,69,Arts,69,89,Assoc,0,3700.0,2
12190,1079,M,PhD,69,Arts,69,90,Assoc,0,3873.0,2
12191,1079,M,PhD,69,Arts,69,91,Assoc,0,4171.0,2
12192,1079,M,PhD,69,Arts,69,92,Assoc,0,4292.0,2
12193,1079,M,PhD,69,Arts,69,93,Assoc,0,4416.0,2
12194,1079,M,PhD,69,Arts,69,94,Assoc,0,4416.0,2
12195,1079,M,PhD,69,Arts,69,95,Full,0,5318.0,3
12196,1080,M,PhD,70,Other,72,76,Assoc,0,2053.0,2
12197,1080,M,PhD,70,Other,72,77,Full,0,2296.0,3
12198,1080,M,PhD,70,Other,72,78,Full,0,2544.0,3
12199,1080,M,PhD,70,Other,72,79,Full,0,2850.0,3
12200,1080,M,PhD,70,Other,72,80,Full,0,3058.0,3
12201,1080,M,PhD,70,Other,72,81,Full,1,3759.0,3
12202,1080,M,PhD,70,Other,72,82,Full,1,4000.0,3
12203,1080,M,PhD,70,Other,72,83,Full,1,4280.0,3
12204,1080,M,PhD,70,Other,72,84,Full,1,4636.0,3
12205,1080,M,PhD,70,Other,72,85,Full,1,4636.0,3
12206,1080,M,PhD,70,Other,72,86,Full,1,5431.0,3
12207,1080,M,PhD,70,Other,72,87,Full,1,6868.0,3
12208,1080,M,PhD,70,Other,72,88,Full,0,6868.0,3
12209,1080,M,PhD,70,Other,72,89,Full,0,7455.0,3
12210,1080,M,PhD,70,Other,72,90,Full,0,7915.0,3
12211,1080,M,PhD,70,Other,72,91,Full,0,8165.0,3
12212,1080,M,PhD,70,Other,72,92,Full,1,9286.0,3
12213,1080,M,PhD,70,Other,72,93,Full,0,9556.0,3
12214,1080,M,PhD,70,Other,72,94,Full,1,9556.0,3
12215,1080,M,PhD,70,Other,72,95,Full,1,10118.0,3
12216,1081,M,PhD,74,Other,77,77,Assist,0,1742.0,1
12217,1081,M,PhD,74,Other,77,78,Assist,0,1864.0,1
12218,1081,M,PhD,74,Other,77,79,Assist,0,2207.0,1
12219,1081,M,PhD,74,Other,77,80,Assoc,0,2500.0,2
12220,1081,M,PhD,74,Other,77,81,Assoc,0,2917.0,2
12221,1081,M,PhD,74,Other,77,82,Assoc,0,3088.0,2
12222,1081,M,PhD,74,Other,77,83,Full,0,3401.0,3
12223,1081,M,PhD,74,Other,77,84,Full,0,4250.0,3
12224,1081,M,PhD,74,Other,77,85,Full,0,4250.0,3
12225,1081,M,PhD,74,Other,77,86,Full,0,4377.0,3
12226,1081,M,PhD,74,Other,77,87,Full,0,4598.0,3
12227,1081,M,PhD,74,Other,77,88,Full,0,4731.0,3
12228,1081,M,PhD,74,Other,77,89,Full,0,5208.0,3
12229,1081,M,PhD,74,Other,77,90,Full,0,5530.0,3
12230,1081,M,PhD,74,Other,77,91,Full,0,5870.0,3
12231,1081,M,PhD,74,Other,77,92,Full,0,6216.0,3
12232,1081,M,PhD,74,Other,77,93,Full,0,6396.0,3
12233,1081,M,PhD,74,Other,77,94,Full,0,6396.0,3
12234,1081,M,PhD,74,Other,77,95,Full,1,9600.0,3
12235,1082,M,PhD,77,Prof,82,82,Assist,0,2353.0,1
12236,1082,M,PhD,77,Prof,82,83,Assist,0,2555.0,1
12237,1082,M,PhD,77,Prof,82,84,Assist,0,2729.0,1
12238,1082,M,PhD,77,Prof,82,85,Assist,0,2730.0,1
12239,1082,M,PhD,77,Prof,82,86,Assist,0,2811.0,1
12240,1082,M,PhD,77,Prof,82,87,Assoc,0,3171.0,2
12241,1082,M,PhD,77,Prof,82,88,Assoc,0,3171.0,2
12242,1082,M,PhD,77,Prof,82,89,Assoc,0,3392.0,2
12243,1082,M,PhD,77,Prof,82,90,Assoc,0,4215.0,2
12244,1082,M,PhD,77,Prof,82,91,Assoc,0,4348.0,2
12245,1082,M,PhD,77,Prof,82,92,Assoc,0,4474.0,2
12246,1082,M,PhD,77,Prof,82,93,Assoc,0,4737.0,2
12247,1082,M,PhD,77,Prof,82,94,Assoc,0,5544.0,2
12248,1082,M,PhD,77,Prof,82,95,Assoc,0,5787.0,2
12249,1083,M,PhD,73,Other,75,76,Assist,0,1542.0,1
12250,1083,M,PhD,73,Other,75,77,Assist,0,1742.0,1
12251,1083,M,PhD,73,Other,75,78,Assist,0,1829.0,1
12252,1083,M,PhD,73,Other,75,80,Assist,0,2282.0,1
12253,1083,M,PhD,73,Other,75,81,Assist,0,2528.0,1
12254,1083,M,PhD,73,Other,75,82,Assist,0,2677.0,1
12255,1083,M,PhD,73,Other,75,83,Assoc,0,3122.0,2
12256,1083,M,PhD,73,Other,75,84,Assoc,0,3240.0,2
12257,1083,M,PhD,73,Other,75,85,Assoc,0,3240.0,2
12258,1083,M,PhD,73,Other,75,86,Assoc,0,3533.0,2
12259,1083,M,PhD,73,Other,75,87,Assoc,0,3711.0,2
12260,1083,M,PhD,73,Other,75,88,Assoc,0,3818.0,2
12261,1083,M,PhD,73,Other,75,89,Assoc,0,4143.0,2
12262,1083,M,PhD,73,Other,75,90,Assoc,0,4400.0,2
12263,1083,M,PhD,73,Other,75,91,Assoc,0,4737.0,2
12264,1083,M,PhD,73,Other,75,92,Assoc,0,4875.0,2
12265,1083,M,PhD,73,Other,75,93,Assoc,0,5016.0,2
12266,1083,M,PhD,73,Other,75,94,Assoc,0,5016.0,2
12267,1083,M,PhD,73,Other,75,95,Assoc,0,5236.0,2
12268,1084,M,PhD,85,Other,94,94,Assoc,0,6305.0,2
12269,1084,M,PhD,85,Other,94,95,Assoc,0,6581.0,2
12270,1085,M,PhD,88,Other,91,91,Assist,0,3715.0,1
12271,1085,M,PhD,88,Other,91,92,Assist,0,3878.0,1
12272,1085,M,PhD,88,Other,91,93,Assist,0,3314.0,1
12273,1085,M,PhD,88,Other,91,94,Assist,0,3314.0,1
12274,1085,M,PhD,88,Other,91,95,Assist,0,4048.0,1
12275,1086,F,PhD,78,Other,83,83,Assist,0,2482.0,1
12276,1086,F,PhD,78,Other,83,84,Assist,0,2539.0,1
12277,1086,F,PhD,78,Other,83,85,Assist,0,2931.0,1
12278,1086,F,PhD,78,Other,83,86,Assist,0,3019.0,1
12279,1086,F,PhD,78,Other,83,87,Assist,0,3171.0,1
12280,1086,F,PhD,78,Other,83,88,Assoc,0,3357.0,2
12281,1086,F,PhD,78,Other,83,89,Assoc,0,3696.0,2
12282,1086,F,PhD,78,Other,83,90,Assoc,0,3981.0,2
12283,1086,F,PhD,78,Other,83,91,Assoc,0,4286.0,2
12284,1086,F,PhD,78,Other,83,92,Assoc,0,4411.0,2
12285,1086,F,PhD,78,Other,83,93,Assoc,0,4604.0,2
12286,1086,F,PhD,78,Other,83,94,Full,0,4737.0,3
12287,1086,F,PhD,78,Other,83,95,Full,0,4945.0,3
12288,1087,M,PhD,83,Prof,83,83,Assist,0,3228.0,1
12289,1087,M,PhD,83,Prof,83,84,Assist,0,3434.0,1
12290,1087,M,PhD,83,Prof,83,85,Assist,0,3434.0,1
12291,1087,M,PhD,83,Prof,83,86,Assist,0,3745.0,1
12292,1087,M,PhD,83,Prof,83,87,Assist,0,3933.0,1
12293,1087,M,PhD,83,Prof,83,88,Assoc,0,4165.0,2
12294,1087,M,PhD,83,Prof,83,89,Assoc,0,4651.0,2
12295,1087,M,PhD,83,Prof,83,90,Assoc,0,5458.0,2
12296,1087,M,PhD,83,Prof,83,91,Assoc,0,5712.0,2
12297,1087,M,PhD,83,Prof,83,92,Assoc,0,5878.0,2
12298,1087,M,PhD,83,Prof,83,93,Assoc,0,6048.0,2
12299,1087,M,PhD,83,Prof,83,94,Assoc,0,6048.0,2
12300,1087,M,PhD,83,Prof,83,95,Full,0,6781.0,3
12301,1088,F,PhD,90,Arts,90,90,Assist,0,3126.0,1
12302,1088,F,PhD,90,Arts,90,91,Assist,0,3225.0,1
12303,1088,F,PhD,90,Arts,90,92,Assist,0,3414.0,1
12304,1088,F,PhD,90,Arts,90,93,Assist,0,3513.0,1
12305,1088,F,PhD,90,Arts,90,94,Assist,0,3513.0,1
12306,1088,F,PhD,90,Arts,90,95,Assist,0,3667.0,1
12307,1089,F,PhD,90,Other,93,93,Assist,0,4544.0,1
12308,1089,F,PhD,90,Other,93,94,Assist,0,4544.0,1
12309,1089,F,PhD,90,Other,93,95,Assist,0,4676.0,1
12310,1090,M,PhD,81,Other,86,86,Assist,0,3437.0,1
12311,1090,M,PhD,81,Other,86,87,Assist,0,3610.0,1
12312,1090,M,PhD,81,Other,86,88,Assist,0,3822.0,1
12313,1090,M,PhD,81,Other,86,89,Assist,0,4208.0,1
12314,1090,M,PhD,81,Other,86,90,Assist,0,4468.0,1
12315,1090,M,PhD,81,Other,86,91,Assoc,0,4881.0,2
12316,1090,M,PhD,81,Other,86,92,Assoc,0,5022.0,2
12317,1090,M,PhD,81,Other,86,93,Assoc,0,5168.0,2
12318,1090,M,PhD,81,Other,86,94,Assoc,0,5168.0,2
12319,1090,M,PhD,81,Other,86,95,Assoc,0,5398.0,2
12320,1091,M,PhD,75,Prof,79,79,Assist,0,1906.0,1
12321,1091,M,PhD,75,Prof,79,81,Assoc,0,2532.0,2
12322,1091,M,PhD,75,Prof,79,82,Assoc,0,2719.0,2
12323,1091,M,PhD,75,Prof,79,83,Assoc,0,3262.0,2
12324,1091,M,PhD,75,Prof,79,84,Assoc,1,3851.0,2
12325,1091,M,PhD,75,Prof,79,85,Full,1,3962.0,3
12326,1091,M,PhD,75,Prof,79,86,Full,1,4708.0,3
12327,1091,M,PhD,75,Prof,79,87,Full,1,4944.0,3
12328,1091,M,PhD,75,Prof,79,88,Full,1,7067.0,3
12329,1091,M,PhD,75,Prof,79,89,Full,1,7562.0,3
12330,1091,M,PhD,75,Prof,79,90,Full,1,8381.0,3
12331,1091,M,PhD,75,Prof,79,91,Full,1,9025.0,3
12332,1091,M,PhD,75,Prof,79,92,Full,1,9420.0,3
12333,1091,M,PhD,75,Prof,79,93,Full,1,9693.0,3
12334,1091,M,PhD,75,Prof,79,94,Full,1,9693.0,3
12335,1091,M,PhD,75,Prof,79,95,Full,1,11672.0,3
12336,1093,M,PhD,68,Other,68,76,Assist,0,1623.0,1
12337,1093,M,PhD,68,Other,68,77,Assist,0,1744.776,1
12338,1093,M,PhD,68,Other,68,78,Assist,0,1828.0,1
12339,1093,M,PhD,68,Other,68,79,Assist,0,1959.0,1
12340,1093,M,PhD,68,Other,68,80,Assist,0,2070.0,1
12341,1093,M,PhD,68,Other,68,81,Assist,0,2194.0,1
12342,1093,M,PhD,68,Other,68,82,Assist,0,2194.0,1
12343,1093,M,PhD,68,Other,68,83,Assist,0,2416.0,1
12344,1093,M,PhD,68,Other,68,84,Assist,0,2655.0,1
12345,1093,M,PhD,68,Other,68,85,Assist,0,2655.0,1
12346,1093,M,PhD,68,Other,68,86,Assist,0,3200.0,1
12347,1093,M,PhD,68,Other,68,87,Assoc,0,3458.0,2
12348,1093,M,PhD,68,Other,68,88,Assoc,0,3508.0,2
12349,1093,M,PhD,68,Other,68,89,Assoc,0,3648.0,2
12350,1093,M,PhD,68,Other,68,90,Assoc,0,4101.0,2
12351,1093,M,PhD,68,Other,68,91,Assoc,0,4171.0,2
12352,1093,M,PhD,68,Other,68,92,Assoc,0,4292.0,2
12353,1093,M,PhD,68,Other,68,93,Assoc,0,4353.0,2
12354,1093,M,PhD,68,Other,68,94,Assoc,0,4353.0,2
12355,1093,M,PhD,68,Other,68,95,Assoc,0,4480.0,2
12356,1094,M,PhD,67,Prof,67,76,Assoc,0,1971.642,2
12357,1094,M,PhD,67,Prof,67,77,Assoc,0,2216.0,2
12358,1094,M,PhD,67,Prof,67,78,Assoc,0,2337.0,2
12359,1094,M,PhD,67,Prof,67,79,Assoc,0,2627.0,2
12360,1094,M,PhD,67,Prof,67,80,Full,0,3105.0,3
12361,1094,M,PhD,67,Prof,67,81,Full,0,3417.0,3
12362,1094,M,PhD,67,Prof,67,82,Full,0,3618.0,3
12363,1094,M,PhD,67,Prof,67,83,Full,0,3985.0,3
12364,1094,M,PhD,67,Prof,67,84,Full,0,4256.0,3
12365,1094,M,PhD,67,Prof,67,85,Full,0,4256.0,3
12366,1094,M,PhD,67,Prof,67,86,Full,0,4641.0,3
12367,1094,M,PhD,67,Prof,67,87,Full,0,4874.0,3
12368,1094,M,PhD,67,Prof,67,88,Full,0,5015.0,3
12369,1094,M,PhD,67,Prof,67,89,Full,0,5366.0,3
12370,1094,M,PhD,67,Prof,67,90,Full,0,5780.0,3
12371,1094,M,PhD,67,Prof,67,91,Full,0,6313.0,3
12372,1094,M,PhD,67,Prof,67,92,Full,0,6684.0,3
12373,1094,M,PhD,67,Prof,67,93,Full,0,6977.0,3
12374,1094,M,PhD,67,Prof,67,94,Full,0,6977.0,3
12375,1094,M,PhD,67,Prof,67,95,Full,0,7602.0,3
12376,1095,M,PhD,78,Other,80,80,Assist,0,2556.0,1
12377,1095,M,PhD,78,Other,80,81,Assist,0,2838.0,1
12378,1095,M,PhD,78,Other,80,82,Assist,0,3182.0,1
12379,1095,M,PhD,78,Other,80,83,Assist,0,3710.0,1
12380,1095,M,PhD,78,Other,80,84,Assist,0,3906.0,1
12381,1095,M,PhD,78,Other,80,85,Assist,0,3906.0,1
12382,1095,M,PhD,78,Other,80,86,Assoc,0,4914.0,2
12383,1095,M,PhD,78,Other,80,87,Assoc,0,5160.0,2
12384,1095,M,PhD,78,Other,80,88,Assoc,0,5310.0,2
12385,1095,M,PhD,78,Other,80,89,Assoc,0,5601.0,2
12386,1095,M,PhD,78,Other,80,90,Assoc,0,5698.0,2
12387,1095,M,PhD,78,Other,80,91,Assoc,0,6135.0,2
12388,1095,M,PhD,78,Other,80,92,Assoc,0,6684.0,2
12389,1095,M,PhD,78,Other,80,93,Assoc,0,7180.0,2
12390,1095,M,PhD,78,Other,80,94,Full,0,7388.0,3
12391,1095,M,PhD,78,Other,80,95,Full,0,8052.0,3
12392,1096,F,PhD,81,Other,81,81,Assist,0,2467.0,1
12393,1096,F,PhD,81,Other,81,82,Assist,0,2565.0,1
12394,1096,F,PhD,81,Other,81,83,Assist,0,2706.0,1
12395,1096,F,PhD,81,Other,81,84,Assist,0,2848.0,1
12396,1096,F,PhD,81,Other,81,85,Assist,0,2848.0,1
12397,1096,F,PhD,81,Other,81,86,Assoc,0,3384.0,2
12398,1096,F,PhD,81,Other,81,87,Assoc,0,3555.0,2
12399,1096,F,PhD,81,Other,81,88,Assoc,0,3764.0,2
12400,1096,F,PhD,81,Other,81,89,Assoc,0,4264.0,2
12401,1096,F,PhD,81,Other,81,90,Full,0,4658.0,3
12402,1096,F,PhD,81,Other,81,91,Full,0,5016.0,3
12403,1096,F,PhD,81,Other,81,92,Full,0,5311.0,3
12404,1096,F,PhD,81,Other,81,93,Full,0,5955.0,3
12405,1096,F,PhD,81,Other,81,94,Full,0,6772.0,3
12406,1096,F,PhD,81,Other,81,95,Full,0,7069.0,3
12407,1097,M,PhD,78,Other,78,78,Assist,0,1717.0,1
12408,1097,M,PhD,78,Other,78,79,Assist,0,1959.0,1
12409,1097,M,PhD,78,Other,78,80,Assist,0,2121.0,1
12410,1097,M,PhD,78,Other,78,81,Assist,0,2425.0,1
12411,1097,M,PhD,78,Other,78,82,Assist,0,2567.0,1
12412,1097,M,PhD,78,Other,78,83,Assist,0,2708.0,1
12413,1097,M,PhD,78,Other,78,84,Assoc,0,3152.0,2
12414,1097,M,PhD,78,Other,78,85,Assoc,0,3152.0,2
12415,1097,M,PhD,78,Other,78,86,Assoc,0,3437.0,2
12416,1097,M,PhD,78,Other,78,87,Assoc,0,3610.0,2
12417,1097,M,PhD,78,Other,78,88,Assoc,0,3715.0,2
12418,1097,M,PhD,78,Other,78,89,Assoc,0,4032.0,2
12419,1097,M,PhD,78,Other,78,90,Assoc,0,4343.0,2
12420,1097,M,PhD,78,Other,78,91,Assoc,0,4544.0,2
12421,1097,M,PhD,78,Other,78,92,Assoc,0,4743.0,2
12422,1097,M,PhD,78,Other,78,93,Assoc,0,4881.0,2
12423,1097,M,PhD,78,Other,78,94,Assoc,0,4881.0,2
12424,1097,M,PhD,78,Other,78,95,Assoc,0,5095.0,2
12425,1098,F,PhD,81,Other,82,82,Assist,0,2422.0,1
12426,1098,F,PhD,81,Other,82,83,Assist,0,2630.0,1
12427,1098,F,PhD,81,Other,82,84,Assist,0,2889.0,1
12428,1098,F,PhD,81,Other,82,85,Assist,0,2889.0,1
12429,1098,F,PhD,81,Other,82,86,Assist,0,3242.0,1
12430,1098,F,PhD,81,Other,82,87,Assist,0,3406.0,1
12431,1098,F,PhD,81,Other,82,88,Assoc,0,3658.0,2
12432,1098,F,PhD,81,Other,82,89,Assoc,0,4027.0,2
12433,1098,F,PhD,81,Other,82,90,Assoc,0,4155.0,2
12434,1098,F,PhD,81,Other,82,91,Assoc,0,4411.0,2
12435,1098,F,PhD,81,Other,82,92,Assoc,0,4538.0,2
12436,1098,F,PhD,81,Other,82,93,Assoc,0,4670.0,2
12437,1098,F,PhD,81,Other,82,94,Assoc,0,4670.0,2
12438,1098,F,PhD,81,Other,82,95,Full,0,6040.0,3
12439,1099,M,PhD,61,Arts,64,76,Assoc,0,1971.642,2
12440,1099,M,PhD,61,Arts,64,77,Full,0,2256.0,3
12441,1099,M,PhD,61,Arts,64,78,Full,0,2378.0,3
12442,1099,M,PhD,61,Arts,64,79,Full,0,2627.0,3
12443,1099,M,PhD,61,Arts,64,80,Full,0,2824.0,3
12444,1099,M,PhD,61,Arts,64,81,Full,0,3092.0,3
12445,1099,M,PhD,61,Arts,64,82,Full,0,3122.727,3
12446,1099,M,PhD,61,Arts,64,83,Full,0,3262.0,3
12447,1099,M,PhD,61,Arts,64,84,Full,0,3534.0,3
12448,1099,M,PhD,61,Arts,64,85,Full,0,3534.0,3
12449,1099,M,PhD,61,Arts,64,86,Full,0,4199.0,3
12450,1099,M,PhD,61,Arts,64,87,Full,0,4410.0,3
12451,1099,M,PhD,61,Arts,64,88,Full,0,4538.0,3
12452,1099,M,PhD,61,Arts,64,89,Full,0,4855.0,3
12453,1099,M,PhD,61,Arts,64,90,Full,0,5155.0,3
12454,1099,M,PhD,61,Arts,64,91,Full,0,5472.0,3
12455,1099,M,PhD,61,Arts,64,92,Full,0,5712.0,3
12456,1099,M,PhD,61,Arts,64,93,Full,0,5962.0,3
12457,1099,M,PhD,61,Arts,64,94,Full,0,5962.0,3
12458,1099,M,PhD,61,Arts,64,95,Full,0,6223.0,3
12459,1100,M,PhD,76,Other,84,84,Assoc,0,4571.0,2
12460,1100,M,PhD,76,Other,84,85,Assoc,0,4571.0,2
12461,1100,M,PhD,76,Other,84,86,Full,0,4914.0,3
12462,1100,M,PhD,76,Other,84,87,Full,0,5160.0,3
12463,1100,M,PhD,76,Other,84,88,Full,0,5310.0,3
12464,1100,M,PhD,76,Other,84,89,Full,0,5846.0,3
12465,1100,M,PhD,76,Other,84,90,Full,0,6120.0,3
12466,1100,M,PhD,76,Other,84,91,Full,0,6404.0,3
12467,1100,M,PhD,76,Other,84,92,Full,0,6040.0,3
12468,1100,M,PhD,76,Other,84,93,Full,0,6216.0,3
12469,1100,M,PhD,76,Other,84,94,Full,0,6216.0,3
12470,1100,M,PhD,76,Other,84,95,Full,0,6396.0,3
12471,1101,M,PhD,66,Prof,67,76,Assoc,0,2089.0,2
12472,1101,M,PhD,66,Prof,67,77,Assoc,0,2337.0,2
12473,1101,M,PhD,66,Prof,67,78,Full,0,2544.0,3
12474,1101,M,PhD,66,Prof,67,79,Full,0,2850.0,3
12475,1101,M,PhD,66,Prof,67,80,Full,0,3058.0,3
12476,1101,M,PhD,66,Prof,67,81,Full,0,3369.0,3
12477,1101,M,PhD,66,Prof,67,82,Full,0,3568.0,3
12478,1101,M,PhD,66,Prof,67,83,Full,0,3873.0,3
12479,1101,M,PhD,66,Prof,67,84,Full,0,4135.0,3
12480,1101,M,PhD,66,Prof,67,85,Full,0,4135.0,3
12481,1101,M,PhD,66,Prof,67,86,Full,0,4775.0,3
12482,1101,M,PhD,66,Prof,67,87,Full,0,5015.0,3
12483,1101,M,PhD,66,Prof,67,88,Full,0,5015.0,3
12484,1101,M,PhD,66,Prof,67,89,Full,0,5366.0,3
12485,1101,M,PhD,66,Prof,67,90,Full,0,5780.0,3
12486,1101,M,PhD,66,Prof,67,91,Full,0,6313.0,3
12487,1101,M,PhD,66,Prof,67,92,Full,0,6496.0,3
12488,1101,M,PhD,66,Prof,67,93,Full,0,6684.0,3
12489,1101,M,PhD,66,Prof,67,94,Full,0,6684.0,3
12490,1101,M,PhD,66,Prof,67,95,Full,0,6781.0,3
12491,1103,M,PhD,90,Prof,91,91,Assist,0,5168.0,1
12492,1103,M,PhD,90,Prof,91,92,Assist,0,5168.0,1
12493,1103,M,PhD,90,Prof,91,93,Assist,0,5318.0,1
12494,1103,M,PhD,90,Prof,91,94,Assist,0,5318.0,1
12495,1103,M,PhD,90,Prof,91,95,Assist,0,5631.0,1
12496,1105,M,PhD,90,Other,93,93,Assist,0,3042.0,1
12497,1105,M,PhD,90,Other,93,94,Assist,0,3042.0,1
12498,1105,M,PhD,90,Other,93,95,Assist,0,3175.0,1
12499,1107,M,PhD,90,Other,90,90,Assist,0,4220.0,1
12500,1107,M,PhD,90,Other,90,91,Assist,0,4292.0,1
12501,1107,M,PhD,90,Other,90,92,Assist,0,4544.0,1
12502,1107,M,PhD,90,Other,90,93,Assist,0,4951.0,1
12503,1107,M,PhD,90,Other,90,94,Assist,0,4951.0,1
12504,1107,M,PhD,90,Other,90,95,Assist,0,5318.0,1
12505,1108,M,PhD,68,Other,75,76,Assist,0,2068.0,1
12506,1108,M,PhD,68,Other,75,77,Assist,0,1935.0,1
12507,1108,M,PhD,68,Other,75,78,Assist,0,2215.0,1
12508,1108,M,PhD,68,Other,75,79,Assist,0,2457.143,1
12509,1108,M,PhD,68,Other,75,80,Assoc,0,2647.5,2
12510,1108,M,PhD,68,Other,75,81,Assoc,0,2917.5,2
12511,1108,M,PhD,68,Other,75,82,Assoc,0,2917.0,2
12512,1108,M,PhD,68,Other,75,83,Assoc,0,3258.0,2
12513,1108,M,PhD,68,Other,75,84,Full,0,3737.0,3
12514,1108,M,PhD,68,Other,75,85,Full,0,3737.0,3
12515,1108,M,PhD,68,Other,75,86,Full,0,4194.0,3
12516,1108,M,PhD,68,Other,75,87,Full,0,4405.0,3
12517,1108,M,PhD,68,Other,75,88,Full,0,5010.0,3
12518,1108,M,PhD,68,Other,75,89,Full,0,5515.0,3
12519,1108,M,PhD,68,Other,75,90,Full,0,5940.0,3
12520,1108,M,PhD,68,Other,75,91,Full,0,6305.0,3
12521,1108,M,PhD,68,Other,75,92,Full,0,6581.0,3
12522,1108,M,PhD,68,Other,75,93,Full,0,6772.0,3
12523,1108,M,PhD,68,Other,75,94,Full,0,6772.0,3
12524,1108,M,PhD,68,Other,75,95,Full,0,7171.0,3
12525,1109,M,PhD,66,Other,87,87,Full,0,5780.0,3
12526,1109,M,PhD,66,Other,87,88,Full,0,5948.0,3
12527,1109,M,PhD,66,Other,87,89,Full,0,6362.0,3
12528,1109,M,PhD,66,Other,87,90,Full,0,6755.0,3
12529,1109,M,PhD,66,Other,87,91,Full,0,7171.0,3
12530,1109,M,PhD,66,Other,87,92,Full,0,7593.0,3
12531,1109,M,PhD,66,Other,87,93,Full,0,7813.0,3
12532,1109,M,PhD,66,Other,87,94,Full,0,7813.0,3
12533,1109,M,PhD,66,Other,87,95,Full,0,9744.0,3
12534,1110,M,PhD,73,Other,68,76,Assist,0,1803.0,1
12535,1110,M,PhD,73,Other,68,77,Assist,0,2019.0,1
12536,1110,M,PhD,73,Other,68,78,Assist,0,2136.0,1
12537,1110,M,PhD,73,Other,68,79,Assoc,0,2411.0,2
12538,1110,M,PhD,73,Other,68,80,Assoc,0,2552.0,2
12539,1110,M,PhD,73,Other,68,81,Assoc,0,2798.0,2
12540,1110,M,PhD,73,Other,68,82,Assoc,0,2920.0,2
12541,1110,M,PhD,73,Other,68,84,Assoc,0,3197.0,2
12542,1110,M,PhD,73,Other,68,85,Assoc,0,3197.0,2
12543,1110,M,PhD,73,Other,68,86,Assoc,0,3293.0,2
12544,1110,M,PhD,73,Other,68,87,Assoc,0,3458.0,2
12545,1110,M,PhD,73,Other,68,88,Assoc,0,3610.0,2
12546,1110,M,PhD,73,Other,68,89,Assoc,0,3918.0,2
12547,1110,M,PhD,73,Other,68,90,Assoc,0,4101.0,2
12548,1110,M,PhD,73,Other,68,91,Assoc,0,4292.0,2
12549,1110,M,PhD,73,Other,68,92,Assoc,0,4416.0,2
12550,1110,M,PhD,73,Other,68,93,Assoc,0,4480.0,2
12551,1110,M,PhD,73,Other,68,94,Assoc,0,4480.0,2
12552,1110,M,PhD,73,Other,68,95,Assoc,0,4812.0,2
12553,1112,M,PhD,68,Arts,72,76,Assoc,0,1803.0,2
12554,1112,M,PhD,68,Arts,72,77,Assoc,0,1942.0,2
12555,1112,M,PhD,68,Arts,72,78,Assoc,0,2019.0,2
12556,1112,M,PhD,68,Arts,72,79,Assoc,0,2326.667,2
12557,1112,M,PhD,68,Arts,72,80,Assoc,0,2507.0,2
12558,1112,M,PhD,68,Arts,72,81,Full,0,2879.0,3
12559,1112,M,PhD,68,Arts,72,82,Full,0,3005.0,3
12560,1112,M,PhD,68,Arts,72,83,Full,0,3170.0,3
12561,1112,M,PhD,68,Arts,72,84,Full,0,3386.0,3
12562,1112,M,PhD,68,Arts,72,85,Full,0,3386.0,3
12563,1112,M,PhD,68,Arts,72,86,Full,0,4575.0,3
12564,1112,M,PhD,68,Arts,72,87,Full,1,5160.0,3
12565,1112,M,PhD,68,Arts,72,88,Full,1,5464.0,3
12566,1112,M,PhD,68,Arts,72,89,Full,1,6016.0,3
12567,1112,M,PhD,68,Arts,72,90,Full,1,6480.0,3
12568,1112,M,PhD,68,Arts,72,91,Full,1,6878.0,3
12569,1112,M,PhD,68,Arts,72,92,Full,0,7078.0,3
12570,1112,M,PhD,68,Arts,72,93,Full,0,7283.0,3
12571,1112,M,PhD,68,Arts,72,94,Full,0,7283.0,3
12572,1112,M,PhD,68,Arts,72,95,Full,0,7602.0,3
12573,1113,M,PhD,68,Other,79,79,Assoc,0,2327.0,2
12574,1113,M,PhD,68,Other,79,80,Assoc,0,2552.0,2
12575,1113,M,PhD,68,Other,79,81,Assoc,0,2879.0,2
12576,1113,M,PhD,68,Other,79,82,Assoc,0,3048.0,2
12577,1113,M,PhD,68,Other,79,83,Assoc,0,3262.0,2
12578,1113,M,PhD,68,Other,79,84,Assoc,0,3534.0,2
12579,1113,M,PhD,68,Other,79,85,Assoc,0,3534.0,2
12580,1113,M,PhD,68,Other,79,86,Full,0,4641.0,3
12581,1113,M,PhD,68,Other,79,87,Full,0,4874.0,3
12582,1113,M,PhD,68,Other,79,88,Full,0,5087.0,3
12583,1113,M,PhD,68,Other,79,89,Full,0,5522.0,3
12584,1113,M,PhD,68,Other,79,90,Full,0,5780.0,3
12585,1113,M,PhD,68,Other,79,91,Full,0,6048.0,3
12586,1113,M,PhD,68,Other,79,92,Full,0,6223.0,3
12587,1113,M,PhD,68,Other,79,93,Full,0,6496.0,3
12588,1113,M,PhD,68,Other,79,94,Full,1,6496.0,3
12589,1113,M,PhD,68,Other,79,95,Full,1,6977.0,3
12590,1114,M,PhD,66,Other,70,76,Assoc,0,1910.0,2
12591,1114,M,PhD,66,Other,70,77,Assoc,0,2136.0,2
12592,1114,M,PhD,66,Other,70,78,Assoc,0,2216.0,2
12593,1114,M,PhD,66,Other,70,79,Assoc,0,2454.0,2
12594,1114,M,PhD,66,Other,70,80,Full,0,2732.0,3
12595,1114,M,PhD,66,Other,70,81,Full,0,3048.0,3
12596,1114,M,PhD,66,Other,70,82,Full,0,3228.0,3
12597,1114,M,PhD,66,Other,70,83,Full,0,3455.0,3
12598,1114,M,PhD,66,Other,70,84,Full,1,3851.0,3
12599,1114,M,PhD,66,Other,70,85,Full,0,3688.0,3
12600,1114,M,PhD,66,Other,70,86,Full,0,4199.0,3
12601,1114,M,PhD,66,Other,70,87,Full,0,4410.0,3
12602,1114,M,PhD,66,Other,70,88,Full,0,4473.0,3
12603,1114,M,PhD,66,Other,70,89,Full,0,4718.0,3
12604,1114,M,PhD,66,Other,70,90,Full,0,4869.0,3
12605,1114,M,PhD,66,Other,70,91,Full,0,4951.0,3
12606,1114,M,PhD,66,Other,70,92,Full,0,4951.0,3
12607,1114,M,PhD,66,Other,70,93,Full,0,4951.0,3
12608,1114,M,PhD,66,Other,70,94,Full,0,4951.0,3
12609,1114,M,PhD,66,Other,70,95,Full,0,5168.0,3
12610,1115,M,PhD,74,Prof,77,77,Assist,0,1578.0,1
12611,1115,M,PhD,74,Prof,77,79,Assoc,0,2082.0,2
12612,1115,M,PhD,74,Prof,77,80,Assoc,0,2290.0,2
12613,1115,M,PhD,74,Prof,77,81,Assoc,0,2715.0,2
12614,1115,M,PhD,74,Prof,77,82,Assoc,0,2917.0,2
12615,1115,M,PhD,74,Prof,77,85,Assoc,0,3845.0,2
12616,1115,M,PhD,74,Prof,77,86,Assoc,0,3961.0,2
12617,1115,M,PhD,74,Prof,77,87,Assoc,0,4160.0,2
12618,1115,M,PhD,74,Prof,77,88,Full,0,5863.0,3
12619,1115,M,PhD,74,Prof,77,89,Full,0,6362.0,3
12620,1115,M,PhD,74,Prof,77,90,Full,0,6659.0,3
12621,1115,M,PhD,74,Prof,77,91,Full,0,7069.0,3
12622,1115,M,PhD,74,Prof,77,92,Full,0,7274.0,3
12623,1115,M,PhD,74,Prof,77,93,Full,0,7485.0,3
12624,1115,M,PhD,74,Prof,77,94,Full,0,7485.0,3
12625,1115,M,PhD,74,Prof,77,95,Full,0,7813.0,3
12626,1117,M,PhD,80,Other,84,84,Assist,0,3020.0,1
12627,1117,M,PhD,80,Other,84,85,Assist,0,3020.0,1
12628,1117,M,PhD,80,Other,84,86,Assist,0,3487.0,1
12629,1117,M,PhD,80,Other,84,87,Assoc,0,3768.0,2
12630,1117,M,PhD,80,Other,84,88,Assoc,0,3933.0,2
12631,1117,M,PhD,80,Other,84,89,Assoc,0,4330.0,2
12632,1117,M,PhD,80,Other,84,90,Assoc,0,4731.0,2
12633,1117,M,PhD,80,Other,84,91,Assoc,0,5022.0,2
12634,1117,M,PhD,80,Other,84,92,Assoc,0,5242.0,2
12635,1117,M,PhD,80,Other,84,93,Full,0,5551.0,3
12636,1117,M,PhD,80,Other,84,94,Full,0,5551.0,3
12637,1117,M,PhD,80,Other,84,95,Full,0,5794.0,3
12638,1118,M,PhD,90,Other,92,92,Assist,0,4806.0,1
12639,1118,M,PhD,90,Other,92,93,Assist,0,4806.0,1
12640,1118,M,PhD,90,Other,92,94,Assist,0,4806.0,1
12641,1118,M,PhD,90,Other,92,95,Assist,0,5016.0,1
12642,1119,M,PhD,71,Other,73,76,Assist,0,1596.0,1
12643,1119,M,PhD,71,Other,73,77,Assist,0,1784.0,1
12644,1119,M,PhD,71,Other,73,78,Assist,0,1886.0,1
12645,1119,M,PhD,71,Other,73,79,Assoc,0,2128.0,2
12646,1119,M,PhD,71,Other,73,80,Assoc,0,2288.0,2
12647,1119,M,PhD,71,Other,73,81,Assoc,0,1710.0,2
12648,1119,M,PhD,71,Other,73,82,Full,0,2639.0,3
12649,1119,M,PhD,71,Other,73,83,Full,0,2865.0,3
12650,1119,M,PhD,71,Other,73,84,Full,0,3294.0,3
12651,1119,M,PhD,71,Other,73,85,Full,0,3344.0,3
12652,1119,M,PhD,71,Other,73,86,Full,0,3688.0,3
12653,1119,M,PhD,71,Other,73,87,Full,0,3873.0,3
12654,1119,M,PhD,71,Other,73,88,Full,0,3986.0,3
12655,1119,M,PhD,71,Other,73,89,Full,0,4325.0,3
12656,1119,M,PhD,71,Other,73,90,Full,0,4527.0,3
12657,1119,M,PhD,71,Other,73,91,Full,0,4737.0,3
12658,1119,M,PhD,71,Other,73,92,Full,0,4875.0,3
12659,1119,M,PhD,71,Other,73,93,Full,0,5466.0,3
12660,1119,M,PhD,71,Other,73,94,Full,0,5716.0,3
12661,1119,M,PhD,71,Other,73,95,Full,0,6888.0,3
12662,1120,M,PhD,75,Other,75,76,Assist,0,1668.0,1
12663,1120,M,PhD,75,Other,75,77,Assist,0,1668.0,1
12664,1120,M,PhD,75,Other,75,78,Assist,0,1761.0,1
12665,1120,M,PhD,75,Other,75,79,Assist,0,1952.0,1
12666,1120,M,PhD,75,Other,75,80,Assist,0,2098.0,1
12667,1120,M,PhD,75,Other,75,81,Assist,0,2288.0,1
12668,1120,M,PhD,75,Other,75,82,Assist,0,2353.0,1
12669,1120,M,PhD,75,Other,75,83,Assoc,0,2555.0,2
12670,1120,M,PhD,75,Other,75,84,Assoc,0,2768.0,2
12671,1120,M,PhD,75,Other,75,85,Assoc,0,2768.0,2
12672,1120,M,PhD,75,Other,75,86,Assoc,0,3433.0,2
12673,1120,M,PhD,75,Other,75,87,Assoc,0,3606.0,2
12674,1120,M,PhD,75,Other,75,88,Assoc,0,3711.0,2
12675,1120,M,PhD,75,Other,75,89,Full,0,4264.0,3
12676,1120,M,PhD,75,Other,75,90,Full,0,4527.0,3
12677,1120,M,PhD,75,Other,75,91,Full,0,4737.0,3
12678,1120,M,PhD,75,Other,75,92,Full,0,4875.0,3
12679,1120,M,PhD,75,Other,75,93,Full,0,5016.0,3
12680,1120,M,PhD,75,Other,75,94,Full,0,5016.0,3
12681,1120,M,PhD,75,Other,75,95,Full,0,5236.0,3
12682,1121,F,PhD,90,Other,91,91,Assist,0,3667.0,1
12683,1121,F,PhD,90,Other,91,92,Assist,0,3667.0,1
12684,1121,F,PhD,90,Other,91,93,Assist,0,3720.0,1
12685,1121,F,PhD,90,Other,91,94,Assist,0,3720.0,1
12686,1121,F,PhD,90,Other,91,95,Assist,0,3828.0,1
12687,1122,M,PhD,87,Other,91,91,Assist,0,3042.0,1
12688,1122,M,PhD,87,Other,91,92,Assist,0,3130.0,1
12689,1122,M,PhD,87,Other,91,93,Assist,0,3878.0,1
12690,1122,M,PhD,87,Other,91,94,Assist,0,3878.0,1
12691,1122,M,PhD,87,Other,91,95,Assoc,0,4165.0,2
12692,1123,M,PhD,87,Other,89,89,Assist,0,3208.0,1
12693,1123,M,PhD,87,Other,89,90,Assist,0,3263.0,1
12694,1123,M,PhD,87,Other,89,91,Assist,0,3414.0,1
12695,1123,M,PhD,87,Other,89,92,Assist,0,3564.0,1
12696,1123,M,PhD,87,Other,89,93,Assist,0,3667.0,1
12697,1123,M,PhD,87,Other,89,94,Assist,0,3667.0,1
12698,1123,M,PhD,87,Other,89,95,Assist,0,3939.0,1
12699,1124,M,PhD,92,Prof,93,93,Assist,0,4544.0,1
12700,1124,M,PhD,92,Prof,93,94,Assist,0,4544.0,1
12701,1124,M,PhD,92,Prof,93,95,Assist,0,4543.137,1
12702,1125,M,PhD,82,Other,91,91,Assoc,0,4225.0,2
12703,1125,M,PhD,82,Other,91,92,Assoc,0,4411.0,2
12704,1125,M,PhD,82,Other,91,93,Assoc,0,4604.0,2
12705,1125,M,PhD,82,Other,91,94,Assoc,0,4604.0,2
12706,1125,M,PhD,82,Other,91,95,Assoc,0,4875.0,2
12707,1126,M,PhD,63,Other,71,76,Full,0,2726.0,3
12708,1126,M,PhD,63,Other,71,77,Full,0,3020.0,3
12709,1126,M,PhD,63,Other,71,78,Full,0,3156.0,3
12710,1126,M,PhD,63,Other,71,79,Full,1,3655.0,3
12711,1126,M,PhD,63,Other,71,80,Full,1,3957.0,3
12712,1126,M,PhD,63,Other,71,81,Full,1,4358.0,3
12713,1126,M,PhD,63,Other,71,82,Full,1,4484.0,3
12714,1126,M,PhD,63,Other,71,83,Full,1,4732.0,3
12715,1126,M,PhD,63,Other,71,84,Full,1,5052.0,3
12716,1126,M,PhD,63,Other,71,85,Full,1,5052.0,3
12717,1126,M,PhD,63,Other,71,86,Full,1,5588.0,3
12718,1126,M,PhD,63,Other,71,87,Full,1,5869.0,3
12719,1126,M,PhD,63,Other,71,88,Full,1,6214.0,3
12720,1126,M,PhD,63,Other,71,89,Full,0,7494.667,3
12721,1126,M,PhD,63,Other,71,90,Full,0,7692.0,3
12722,1126,M,PhD,63,Other,71,91,Full,0,7823.0,3
12723,1126,M,PhD,63,Other,71,92,Full,0,7935.0,3
12724,1126,M,PhD,63,Other,71,93,Full,0,8165.0,3
12725,1126,M,PhD,63,Other,71,94,Full,0,8165.0,3
12726,1126,M,PhD,63,Other,71,95,Full,0,8402.0,3
12727,1127,M,PhD,65,Other,66,76,Full,1,2737.0,3
12728,1127,M,PhD,65,Other,66,77,Full,1,3068.0,3
12729,1127,M,PhD,65,Other,66,78,Full,0,3590.0,3
12730,1127,M,PhD,65,Other,66,79,Full,0,3989.0,3
12731,1127,M,PhD,65,Other,66,80,Full,0,4282.0,3
12732,1127,M,PhD,65,Other,66,81,Full,0,4681.0,3
12733,1127,M,PhD,65,Other,66,82,Full,1,4416.0,3
12734,1127,M,PhD,65,Other,66,83,Full,0,5305.0,3
12735,1127,M,PhD,65,Other,66,84,Full,0,5746.0,3
12736,1127,M,PhD,65,Other,66,85,Full,0,5746.0,3
12737,1127,M,PhD,65,Other,66,86,Full,0,6265.0,3
12738,1127,M,PhD,65,Other,66,87,Full,0,6580.0,3
12739,1127,M,PhD,65,Other,66,88,Full,0,6580.0,3
12740,1127,M,PhD,65,Other,66,89,Full,1,7040.0,3
12741,1127,M,PhD,65,Other,66,90,Full,1,7332.836,3
12742,1127,M,PhD,65,Other,66,91,Full,1,7712.0,3
12743,1127,M,PhD,65,Other,66,92,Full,1,8165.0,3
12744,1127,M,PhD,65,Other,66,93,Full,1,8523.0,3
12745,1127,M,PhD,65,Other,66,94,Full,0,8523.0,3
12746,1127,M,PhD,65,Other,66,95,Full,0,9037.0,3
12747,1128,M,PhD,77,Other,76,76,Assist,0,1717.0,1
12748,1128,M,PhD,77,Other,76,77,Assist,0,1906.0,1
12749,1128,M,PhD,77,Other,76,78,Assist,0,2001.0,1
12750,1128,M,PhD,77,Other,76,79,Assist,0,2284.0,1
12751,1128,M,PhD,77,Other,76,80,Assist,0,2525.0,1
12752,1128,M,PhD,77,Other,76,81,Assoc,0,2917.0,2
12753,1128,M,PhD,77,Other,76,82,Assoc,0,3002.0,2
12754,1128,M,PhD,77,Other,76,83,Assoc,0,3167.0,2
12755,1128,M,PhD,77,Other,76,84,Assoc,0,3333.0,2
12756,1128,M,PhD,77,Other,76,85,Assoc,0,3333.0,2
12757,1128,M,PhD,77,Other,76,86,Assoc,0,3741.0,2
12758,1128,M,PhD,77,Other,76,87,Assoc,0,3929.0,2
12759,1128,M,PhD,77,Other,76,88,Assoc,0,4043.0,2
12760,1128,M,PhD,77,Other,76,89,Assoc,0,4264.0,2
12761,1128,M,PhD,77,Other,76,90,Assoc,0,4463.0,2
12762,1128,M,PhD,77,Other,76,91,Assoc,0,4670.0,2
12763,1128,M,PhD,77,Other,76,92,Assoc,0,4875.0,2
12764,1128,M,PhD,77,Other,76,93,Assoc,0,5016.0,2
12765,1128,M,PhD,77,Other,76,94,Assoc,0,5016.0,2
12766,1128,M,PhD,77,Other,76,95,Assoc,0,5162.0,2
12767,1129,M,PhD,83,Other,91,91,Assist,1,3828.0,1
12768,1129,M,PhD,83,Other,91,92,Assist,1,3939.0,1
12769,1129,M,PhD,83,Other,91,93,Assist,1,4053.0,1
12770,1129,M,PhD,83,Other,91,94,Assist,0,4053.0,1
12771,1129,M,PhD,83,Other,91,95,Assist,0,4112.0,1
12772,1130,F,PhD,77,Prof,78,78,Assist,0,1641.0,1
12773,1130,F,PhD,77,Prof,78,79,Assist,0,1885.0,1
12774,1130,F,PhD,77,Prof,78,80,Assist,0,2170.0,1
12775,1130,F,PhD,77,Prof,78,81,Assist,0,2602.0,1
12776,1130,F,PhD,77,Prof,78,82,Assist,0,2755.0,1
12777,1130,F,PhD,77,Prof,78,83,Assist,0,2906.0,1
12778,1130,F,PhD,77,Prof,78,84,Assist,0,3104.0,1
12779,1130,F,PhD,77,Prof,78,95,Full,0,10263.0,3
12780,1131,F,PhD,92,Prof,91,91,Assist,0,3883.0,1
12781,1131,F,PhD,92,Prof,91,92,Assist,0,3883.0,1
12782,1131,F,PhD,92,Prof,91,93,Assist,0,3996.0,1
12783,1131,F,PhD,92,Prof,91,94,Assist,0,3996.0,1
12784,1131,F,PhD,92,Prof,91,95,Assist,0,4292.0,1
12785,1133,M,PhD,92,Other,89,89,Assist,0,4090.0,1
12786,1133,M,PhD,92,Other,89,90,Assist,0,4281.0,1
12787,1133,M,PhD,92,Other,89,91,Assist,0,4416.0,1
12788,1133,M,PhD,92,Other,89,92,Assist,0,4480.0,1
12789,1133,M,PhD,92,Other,89,93,Assist,0,4610.0,1
12790,1133,M,PhD,92,Other,89,94,Assist,0,4610.0,1
12791,1133,M,PhD,92,Other,89,95,Assist,0,4812.0,1
12792,1134,F,PhD,71,Other,71,76,Assist,0,2166.0,1
12793,1134,F,PhD,71,Other,71,77,Assoc,0,2398.0,2
12794,1134,F,PhD,71,Other,71,78,Assoc,0,2521.0,2
12795,1134,F,PhD,71,Other,71,79,Assoc,0,2769.0,2
12796,1134,F,PhD,71,Other,71,80,Assoc,0,2958.889,2
12797,1134,F,PhD,71,Other,71,81,Assoc,0,3224.0,2
12798,1134,F,PhD,71,Other,71,82,Assoc,0,3224.0,2
12799,1134,F,PhD,71,Other,71,83,Assoc,0,3653.0,2
12800,1134,F,PhD,71,Other,71,84,Assoc,0,3957.0,2
12801,1134,F,PhD,71,Other,71,85,Full,1,4499.0,3
12802,1134,F,PhD,71,Other,71,86,Full,1,4908.0,3
12803,1134,F,PhD,71,Other,71,87,Full,1,4908.0,3
12804,1134,F,PhD,71,Other,71,88,Full,1,5459.0,3
12805,1134,F,PhD,71,Other,71,89,Full,1,5923.0,3
12806,1134,F,PhD,71,Other,71,90,Full,1,6380.0,3
12807,1134,F,PhD,71,Other,71,91,Full,1,6870.0,3
12808,1134,F,PhD,71,Other,71,92,Full,1,7274.0,3
12809,1134,F,PhD,71,Other,71,93,Full,1,7593.0,3
12810,1134,F,PhD,71,Other,71,94,Full,1,7593.0,3
12811,1134,F,PhD,71,Other,71,95,Full,1,8635.0,3
12812,1135,F,PhD,79,Other,91,91,Assoc,0,3769.0,2
12813,1135,F,PhD,79,Other,91,92,Assoc,0,3991.0,2
12814,1135,F,PhD,79,Other,91,93,Assoc,0,4106.0,2
12815,1135,F,PhD,79,Other,91,94,Assoc,0,4106.0,2
12816,1135,F,PhD,79,Other,91,95,Assoc,0,4225.0,2
12817,1136,F,PhD,87,Other,92,92,Assist,0,3410.0,1
12818,1136,F,PhD,87,Other,92,93,Assist,0,3509.0,1
12819,1136,F,PhD,87,Other,92,94,Assist,0,3509.0,1
12820,1136,F,PhD,87,Other,92,95,Assist,0,3715.0,1
12821,1138,M,PhD,65,Other,65,76,Assoc,0,1946.0,2
12822,1138,M,PhD,65,Other,65,77,Assoc,0,2136.0,2
12823,1138,M,PhD,65,Other,65,78,Assoc,0,2256.0,2
12824,1138,M,PhD,65,Other,65,79,Assoc,0,2540.0,2
12825,1138,M,PhD,65,Other,65,80,Assoc,0,2686.0,2
12826,1138,M,PhD,65,Other,65,81,Assoc,0,2879.0,2
12827,1138,M,PhD,65,Other,65,82,Assoc,0,2879.0,2
12828,1138,M,PhD,65,Other,65,83,Assoc,0,3037.0,2
12829,1138,M,PhD,65,Other,65,84,Assoc,0,3197.0,2
12830,1138,M,PhD,65,Other,65,85,Assoc,0,3197.0,2
12831,1138,M,PhD,65,Other,65,86,Assoc,0,3293.0,2
12832,1138,M,PhD,65,Other,65,87,Assoc,0,3458.0,2
12833,1138,M,PhD,65,Other,65,88,Assoc,0,3559.0,2
12834,1138,M,PhD,65,Other,65,89,Assoc,0,3975.0,2
12835,1138,M,PhD,65,Other,65,90,Assoc,0,4101.0,2
12836,1138,M,PhD,65,Other,65,91,Assoc,0,4544.0,2
12837,1138,M,PhD,65,Other,65,92,Assoc,0,4812.0,2
12838,1138,M,PhD,65,Other,65,93,Assoc,0,4951.0,2
12839,1138,M,PhD,65,Other,65,94,Assoc,0,4951.0,2
12840,1138,M,PhD,65,Other,65,95,Assoc,0,5242.0,2
12841,1139,F,PhD,71,Other,76,76,Assist,0,1406.0,1
12842,1139,F,PhD,71,Other,76,77,Assist,0,1574.0,1
12843,1139,F,PhD,71,Other,76,78,Assist,0,1712.0,1
12844,1139,F,PhD,71,Other,76,80,Assoc,0,2552.0,2
12845,1139,F,PhD,71,Other,76,81,Assoc,0,2964.0,2
12846,1139,F,PhD,71,Other,76,82,Assoc,0,3092.0,2
12847,1139,F,PhD,71,Other,76,83,Assoc,0,3262.0,2
12848,1139,F,PhD,71,Other,76,84,Assoc,0,3534.0,2
12849,1139,F,PhD,71,Other,76,85,Assoc,0,3534.0,2
12850,1139,F,PhD,71,Other,76,86,Assoc,0,4023.0,2
12851,1139,F,PhD,71,Other,76,87,Assoc,0,4225.0,2
12852,1139,F,PhD,71,Other,76,88,Full,0,4473.0,3
12853,1139,F,PhD,71,Other,76,89,Full,0,4786.0,3
12854,1139,F,PhD,71,Other,76,90,Full,0,5010.0,3
12855,1139,F,PhD,71,Other,76,91,Full,0,5242.0,3
12856,1139,F,PhD,71,Other,76,92,Full,0,5394.0,3
12857,1139,F,PhD,71,Other,76,93,Full,0,5712.0,3
12858,1139,F,PhD,71,Other,76,94,Full,0,5712.0,3
12859,1139,F,PhD,71,Other,76,95,Full,0,5962.0,3
12860,1140,M,PhD,71,Other,79,79,Assoc,0,2586.0,2
12861,1140,M,PhD,71,Other,79,80,Assoc,0,2778.0,2
12862,1140,M,PhD,71,Other,79,81,Assoc,0,3005.0,2
12863,1140,M,PhD,71,Other,79,82,Assoc,0,3092.0,2
12864,1140,M,PhD,71,Other,79,83,Assoc,0,3262.0,2
12865,1140,M,PhD,71,Other,79,84,Assoc,0,3386.0,2
12866,1140,M,PhD,71,Other,79,85,Assoc,0,3386.0,2
12867,1140,M,PhD,71,Other,79,86,Assoc,0,3487.0,2
12868,1140,M,PhD,71,Other,79,87,Assoc,0,3662.0,2
12869,1140,M,PhD,71,Other,79,88,Assoc,0,3822.0,2
12870,1140,M,PhD,71,Other,79,89,Assoc,0,4090.0,2
12871,1140,M,PhD,71,Other,79,90,Assoc,0,4343.0,2
12872,1140,M,PhD,71,Other,79,91,Assoc,0,4544.0,2
12873,1140,M,PhD,71,Other,79,92,Assoc,0,4676.0,2
12874,1140,M,PhD,71,Other,79,93,Assoc,0,4951.0,2
12875,1140,M,PhD,71,Other,79,94,Assoc,0,4951.0,2
12876,1140,M,PhD,71,Other,79,95,Assoc,0,5168.0,2
12877,1141,M,PhD,76,Other,90,90,Assist,0,4101.0,1
12878,1141,M,PhD,76,Other,90,91,Assist,0,4171.0,1
12879,1141,M,PhD,76,Other,90,92,Assist,0,4292.0,1
12880,1141,M,PhD,76,Other,90,93,Assist,0,4544.0,1
12881,1141,M,PhD,76,Other,90,94,Assist,0,4544.0,1
12882,1141,M,PhD,76,Other,90,95,Assist,0,4812.0,1
12883,1142,M,PhD,92,Other,90,90,Assist,0,3873.0,1
12884,1142,M,PhD,92,Other,90,91,Assist,0,3939.0,1
12885,1142,M,PhD,92,Other,90,92,Assist,0,4053.0,1
12886,1142,M,PhD,92,Other,90,93,Assist,0,4171.0,1
12887,1142,M,PhD,92,Other,90,94,Assist,0,4171.0,1
12888,1142,M,PhD,92,Other,90,95,Assist,0,4292.0,1
12889,1143,F,PhD,91,Other,90,90,Assist,0,3081.0,1
12890,1143,F,PhD,91,Other,90,91,Assist,0,3828.0,1
12891,1143,F,PhD,91,Other,90,92,Assist,0,3996.0,1
12892,1143,F,PhD,91,Other,90,93,Assist,0,4231.0,1
12893,1143,F,PhD,91,Other,90,94,Assist,0,4231.0,1
12894,1143,F,PhD,91,Other,90,95,Assist,0,4353.0,1
12895,1144,M,PhD,66,Other,71,76,Full,0,2428.571,3
12896,1144,M,PhD,66,Other,71,77,Full,0,2976.0,3
12897,1144,M,PhD,66,Other,71,78,Full,0,3156.0,3
12898,1144,M,PhD,66,Other,71,79,Full,0,3507.0,3
12899,1144,M,PhD,66,Other,71,80,Full,0,3801.0,3
12900,1144,M,PhD,66,Other,71,81,Full,0,4174.0,3
12901,1144,M,PhD,66,Other,71,82,Full,0,4296.0,3
12902,1144,M,PhD,66,Other,71,83,Full,0,4532.0,3
12903,1144,M,PhD,66,Other,71,84,Full,0,4908.0,3
12904,1144,M,PhD,66,Other,71,85,Full,1,5274.0,3
12905,1144,M,PhD,66,Other,71,86,Full,1,6177.0,3
12906,1144,M,PhD,66,Other,71,87,Full,1,6486.0,3
12907,1144,M,PhD,66,Other,71,88,Full,1,6675.0,3
12908,1144,M,PhD,66,Other,71,89,Full,0,8977.0,3
12909,1144,M,PhD,66,Other,71,90,Full,0,9132.0,3
12910,1144,M,PhD,66,Other,71,91,Full,0,9420.0,3
12911,1144,M,PhD,66,Other,71,92,Full,0,9556.0,3
12912,1144,M,PhD,66,Other,71,93,Full,0,9693.0,3
12913,1144,M,PhD,66,Other,71,94,Full,0,9693.0,3
12914,1144,M,PhD,66,Other,71,95,Full,0,9833.0,3
12916,1146,M,PhD,89,Other,90,90,Assist,0,3625.0,1
12917,1146,M,PhD,89,Other,90,91,Assist,0,3715.0,1
12918,1146,M,PhD,89,Other,90,92,Assist,0,3769.0,1
12919,1146,M,PhD,89,Other,90,93,Assist,0,3934.0,1
12920,1146,M,PhD,89,Other,90,94,Assist,0,3934.0,1
12921,1146,M,PhD,89,Other,90,95,Assoc,0,4225.0,2
12922,1147,F,PhD,86,Other,90,90,Assist,0,4043.0,1
12923,1147,F,PhD,86,Other,90,91,Assist,0,4112.0,1
12924,1147,F,PhD,86,Other,90,92,Assist,0,4353.0,1
12925,1147,F,PhD,86,Other,90,93,Assist,0,4610.0,1
12926,1147,F,PhD,86,Other,90,94,Assist,0,4610.0,1
12927,1147,F,PhD,86,Other,90,95,Assoc,0,5087.0,2
12928,1148,M,PhD,58,Other,57,76,Full,0,3000.0,3
12929,1148,M,PhD,58,Other,57,77,Full,0,3364.0,3
12930,1148,M,PhD,58,Other,57,78,Full,0,3583.0,3
12931,1148,M,PhD,58,Other,57,79,Full,0,4013.0,3
12932,1148,M,PhD,58,Other,57,80,Full,0,4348.0,3
12933,1148,M,PhD,58,Other,57,81,Full,0,5100.0,3
12934,1148,M,PhD,58,Other,57,82,Full,0,5478.0,3
12935,1148,M,PhD,58,Other,57,83,Full,0,5779.0,3
12936,1148,M,PhD,58,Other,57,84,Full,0,5912.0,3
12937,1148,M,PhD,58,Other,57,85,Full,0,5912.0,3
12938,1148,M,PhD,58,Other,57,86,Full,0,6089.0,3
12939,1148,M,PhD,58,Other,57,87,Full,0,6394.0,3
12940,1148,M,PhD,58,Other,57,88,Full,0,6580.0,3
12941,1148,M,PhD,58,Other,57,89,Full,1,7040.0,3
12942,1148,M,PhD,58,Other,57,90,Full,1,7475.0,3
12943,1148,M,PhD,58,Other,57,91,Full,1,8402.0,3
12944,1148,M,PhD,58,Other,57,92,Full,1,8896.0,3
12945,1148,M,PhD,58,Other,57,93,Full,0,9556.0,3
12946,1148,M,PhD,58,Other,57,94,Full,0,9556.0,3
12947,1148,M,PhD,58,Other,57,95,Full,0,9784.0,3
12948,1149,M,PhD,65,Other,65,76,Assoc,0,2053.0,2
12949,1149,M,PhD,65,Other,65,77,Assoc,0,2296.0,2
12950,1149,M,PhD,65,Other,65,78,Full,0,2586.0,3
12951,1149,M,PhD,65,Other,65,79,Full,0,2850.0,3
12952,1149,M,PhD,65,Other,65,80,Full,0,3250.0,3
12953,1149,M,PhD,65,Other,65,81,Full,0,3671.0,3
12954,1149,M,PhD,65,Other,65,82,Full,0,3777.0,3
12955,1149,M,PhD,65,Other,65,83,Full,0,4598.0,3
12956,1149,M,PhD,65,Other,65,84,Full,0,5052.0,3
12957,1149,M,PhD,65,Other,65,85,Full,0,5052.0,3
12958,1149,M,PhD,65,Other,65,86,Full,1,6089.0,3
12959,1149,M,PhD,65,Other,65,87,Full,1,6394.0,3
12960,1149,M,PhD,65,Other,65,88,Full,1,6580.0,3
12961,1149,M,PhD,65,Other,65,89,Full,0,6965.672,3
12962,1149,M,PhD,65,Other,65,90,Full,0,7369.0,3
12963,1149,M,PhD,65,Other,65,91,Full,0,7712.0,3
12964,1149,M,PhD,65,Other,65,92,Full,0,7823.0,3
12965,1149,M,PhD,65,Other,65,93,Full,0,7935.0,3
12966,1149,M,PhD,65,Other,65,94,Full,0,7935.0,3
12967,1149,M,PhD,65,Other,65,95,Full,0,8049.0,3
12968,1150,M,PhD,56,Other,69,76,Full,0,2517.0,3
12969,1150,M,PhD,56,Other,69,77,Full,0,2844.0,3
12970,1150,M,PhD,56,Other,69,78,Full,0,3066.0,3
12971,1150,M,PhD,56,Other,69,79,Full,0,3507.0,3
12972,1150,M,PhD,56,Other,69,80,Full,0,3801.0,3
12973,1150,M,PhD,56,Other,69,81,Full,0,4235.0,3
12974,1150,M,PhD,56,Other,69,82,Full,0,4485.0,3
12975,1150,M,PhD,56,Other,69,83,Full,0,4732.0,3
12976,1150,M,PhD,56,Other,69,84,Full,0,5199.0,3
12977,1150,M,PhD,56,Other,69,85,Full,0,5199.0,3
12978,1150,M,PhD,56,Other,69,86,Full,0,5751.0,3
12979,1150,M,PhD,56,Other,69,87,Full,0,6039.0,3
12980,1150,M,PhD,56,Other,69,88,Full,1,6675.0,3
12981,1150,M,PhD,56,Other,69,89,Full,1,7142.0,3
12982,1150,M,PhD,56,Other,69,90,Full,1,7583.0,3
12983,1150,M,PhD,56,Other,69,91,Full,0,7823.0,3
12984,1150,M,PhD,56,Other,69,92,Full,0,8049.0,3
12985,1150,M,PhD,56,Other,69,93,Full,0,8283.0,3
12986,1150,M,PhD,56,Other,69,94,Full,0,8283.0,3
12987,1150,M,PhD,56,Other,69,95,Full,0,8646.0,3
12988,1151,M,PhD,64,Other,72,76,Full,0,2852.0,3
12989,1151,M,PhD,64,Other,72,77,Full,0,3066.0,3
12990,1151,M,PhD,64,Other,72,78,Full,0,3140.299,3
12991,1151,M,PhD,64,Other,72,79,Full,0,3459.0,3
12992,1151,M,PhD,64,Other,72,80,Full,0,3698.0,3
12993,1151,M,PhD,64,Other,72,81,Full,0,4116.0,3
12994,1151,M,PhD,64,Other,72,82,Full,0,4296.0,3
12995,1151,M,PhD,64,Other,72,83,Full,0,4532.0,3
12996,1151,M,PhD,64,Other,72,84,Full,0,4771.0,3
12997,1151,M,PhD,64,Other,72,85,Full,0,4771.0,3
12998,1151,M,PhD,64,Other,72,86,Full,0,5203.0,3
12999,1151,M,PhD,64,Other,72,87,Full,0,5464.0,3
13000,1151,M,PhD,64,Other,72,88,Full,0,5543.0,3
13001,1151,M,PhD,64,Other,72,89,Full,0,6103.0,3
13002,1151,M,PhD,64,Other,72,90,Full,1,6297.0,3
13003,1151,M,PhD,64,Other,72,91,Full,0,7078.0,3
13004,1151,M,PhD,64,Other,72,92,Full,0,7388.0,3
13005,1151,M,PhD,64,Other,72,93,Full,1,8402.0,3
13006,1151,M,PhD,64,Other,72,94,Full,1,8402.0,3
13007,1151,M,PhD,64,Other,72,95,Full,1,9025.0,3
13008,1152,M,PhD,72,Arts,78,78,Assist,0,1942.0,1
13009,1152,M,PhD,72,Arts,78,79,Assist,0,2202.0,1
13010,1152,M,PhD,72,Arts,78,80,Assist,0,2333.0,1
13011,1152,M,PhD,72,Arts,78,81,Assist,0,2496.0,1
13012,1152,M,PhD,72,Arts,78,82,Assist,0,2567.0,1
13013,1152,M,PhD,72,Arts,78,83,Assist,0,2708.0,1
13014,1152,M,PhD,72,Arts,78,84,Assoc,0,2935.0,2
13015,1152,M,PhD,72,Arts,78,85,Assoc,0,2935.0,2
13016,1152,M,PhD,72,Arts,78,86,Assoc,0,3246.0,2
13017,1152,M,PhD,72,Arts,78,87,Assoc,0,3409.0,2
13018,1152,M,PhD,72,Arts,78,88,Assoc,0,3508.0,2
13019,1152,M,PhD,72,Arts,78,89,Assoc,0,3700.0,2
13020,1152,M,PhD,72,Arts,78,90,Assoc,0,3929.0,2
13021,1152,M,PhD,72,Arts,78,91,Assoc,0,4171.0,2
13022,1152,M,PhD,72,Arts,78,92,Assoc,0,4353.0,2
13023,1152,M,PhD,72,Arts,78,93,Full,0,4676.0,3
13024,1152,M,PhD,72,Arts,78,94,Full,0,4676.0,3
13025,1152,M,PhD,72,Arts,78,95,Full,0,5455.0,3
13026,1153,M,PhD,58,Other,68,76,Assist,0,1696.0,1
13027,1153,M,PhD,58,Other,68,77,Assist,0,1845.0,1
13028,1153,M,PhD,58,Other,68,78,Assist,0,1940.0,1
13029,1153,M,PhD,58,Other,68,79,Assist,0,2120.0,1
13030,1153,M,PhD,58,Other,68,80,Assist,0,2205.0,1
13031,1153,M,PhD,58,Other,68,81,Assist,0,2290.0,1
13032,1153,M,PhD,58,Other,68,82,Assist,0,2290.0,1
13033,1153,M,PhD,58,Other,68,83,Assist,0,2416.0,1
13034,1153,M,PhD,58,Other,68,84,Assist,0,2472.0,1
13035,1153,M,PhD,58,Other,68,85,Assist,0,2472.0,1
13036,1153,M,PhD,58,Other,68,86,Assist,0,2546.0,1
13037,1153,M,PhD,58,Other,68,87,Assist,0,2674.0,1
13038,1153,M,PhD,58,Other,68,88,Assist,0,2751.0,1
13039,1153,M,PhD,58,Other,68,89,Assist,0,3029.0,1
13040,1153,M,PhD,58,Other,68,90,Assist,0,3081.0,1
13041,1153,M,PhD,58,Other,68,91,Assist,0,3463.0,1
13042,1153,M,PhD,58,Other,68,92,Assist,0,3513.0,1
13043,1153,M,PhD,58,Other,68,93,Assist,0,3513.0,1
13044,1153,M,PhD,58,Other,68,94,Assist,0,3513.0,1
13045,1153,M,PhD,58,Other,68,95,Assist,0,3921.0,1
13046,1154,M,PhD,72,Other,87,87,Full,0,5305.0,3
13047,1154,M,PhD,72,Other,87,88,Full,0,5537.0,3
13048,1154,M,PhD,72,Other,87,89,Full,0,5923.0,3
13049,1154,M,PhD,72,Other,87,90,Full,0,6290.0,3
13050,1154,M,PhD,72,Other,87,91,Full,0,6581.0,3
13051,1154,M,PhD,72,Other,87,92,Full,0,6772.0,3
13052,1154,M,PhD,72,Other,87,93,Full,0,6969.0,3
13053,1154,M,PhD,72,Other,87,94,Full,0,6969.0,3
13054,1154,M,PhD,72,Other,87,95,Full,0,7171.0,3
13055,1155,F,PhD,74,Other,79,79,Assist,0,1724.0,1
13056,1155,F,PhD,74,Other,79,80,Assist,0,1830.0,1
13057,1155,F,PhD,74,Other,79,81,Assist,0,2011.25,1
13058,1155,F,PhD,74,Other,79,83,Assist,0,2787.0,1
13059,1155,F,PhD,74,Other,79,84,Assist,0,2977.0,1
13060,1155,F,PhD,74,Other,79,85,Assist,0,2977.0,1
13061,1155,F,PhD,74,Other,79,86,Assoc,0,3640.0,2
13062,1155,F,PhD,74,Other,79,87,Assoc,0,3822.0,2
13063,1155,F,PhD,74,Other,79,88,Assoc,0,3933.0,2
13064,1155,F,PhD,74,Other,79,89,Assoc,0,4269.0,2
13065,1155,F,PhD,74,Other,79,90,Assoc,0,4533.0,2
13066,1155,F,PhD,74,Other,79,91,Full,0,6223.0,3
13067,1155,F,PhD,74,Other,79,92,Full,0,6048.0,3
13068,1155,F,PhD,74,Other,79,93,Full,0,6223.0,3
13069,1155,F,PhD,74,Other,79,94,Full,0,6223.0,3
13070,1155,F,PhD,74,Other,79,95,Full,0,6590.0,3
13071,1156,M,PhD,75,Other,77,77,Assist,0,1683.0,1
13072,1156,M,PhD,75,Other,77,78,Assist,0,1791.0,1
13073,1156,M,PhD,75,Other,77,79,Assist,0,2079.0,1
13074,1156,M,PhD,75,Other,77,80,Assist,0,2333.0,1
13075,1156,M,PhD,75,Other,77,81,Assist,0,2680.0,1
13076,1156,M,PhD,75,Other,77,82,Assist,0,2879.0,1
13077,1156,M,PhD,75,Other,77,83,Assoc,0,3125.0,2
13078,1156,M,PhD,75,Other,77,84,Assoc,0,3386.0,2
13079,1156,M,PhD,75,Other,77,85,Assoc,0,3386.0,2
13080,1156,M,PhD,75,Other,77,86,Assoc,0,3745.0,2
13081,1156,M,PhD,75,Other,77,87,Assoc,0,3933.0,2
13082,1156,M,PhD,75,Other,77,88,Full,0,4347.0,3
13083,1156,M,PhD,75,Other,77,89,Full,0,4786.0,3
13084,1156,M,PhD,75,Other,77,90,Full,0,5082.0,3
13085,1156,M,PhD,75,Other,77,91,Full,0,7180.0,3
13086,1156,M,PhD,75,Other,77,92,Full,0,7180.0,3
13087,1156,M,PhD,75,Other,77,93,Full,0,7283.0,3
13088,1156,M,PhD,75,Other,77,94,Full,0,7283.0,3
13089,1156,M,PhD,75,Other,77,95,Full,0,7602.0,3
13090,1157,M,PhD,81,Arts,81,81,Assist,0,2000.0,1
13091,1157,M,PhD,81,Arts,81,82,Assist,0,2014.0,1
13092,1157,M,PhD,81,Arts,81,83,Assist,0,2186.0,1
13093,1157,M,PhD,81,Arts,81,84,Assist,0,2368.0,1
13094,1157,M,PhD,81,Arts,81,85,Assist,0,2368.0,1
13095,1157,M,PhD,81,Arts,81,86,Assist,0,2696.0,1
13096,1157,M,PhD,81,Arts,81,87,Assist,0,2831.0,1
13097,1157,M,PhD,81,Arts,81,88,Assoc,1,3266.0,2
13098,1157,M,PhD,81,Arts,81,89,Assoc,1,3700.0,2
13099,1157,M,PhD,81,Arts,81,90,Assoc,1,3929.0,2
13100,1157,M,PhD,81,Arts,81,91,Assoc,1,4231.0,2
13101,1157,M,PhD,81,Arts,81,92,Assoc,0,4416.0,2
13102,1157,M,PhD,81,Arts,81,93,Assoc,0,4743.0,2
13103,1157,M,PhD,81,Arts,81,94,Assoc,0,4743.0,2
13104,1157,M,PhD,81,Arts,81,95,Assoc,0,4881.0,2
13105,1158,M,PhD,86,Prof,86,86,Assist,0,4383.0,1
13106,1158,M,PhD,86,Prof,86,87,Assist,0,4603.0,1
13107,1158,M,PhD,86,Prof,86,88,Assist,0,4603.0,1
13108,1158,M,PhD,86,Prof,86,89,Assist,0,4925.0,1
13109,1158,M,PhD,86,Prof,86,90,Assist,0,5537.0,1
13110,1158,M,PhD,86,Prof,86,91,Assoc,0,6135.0,2
13111,1158,M,PhD,86,Prof,86,92,Assoc,0,6404.0,2
13112,1158,M,PhD,86,Prof,86,93,Assoc,0,6590.0,2
13113,1158,M,PhD,86,Prof,86,94,Assoc,0,6590.0,2
13114,1158,M,PhD,86,Prof,86,95,Assoc,0,6781.0,2
13115,1159,F,PhD,90,Other,93,93,Assist,0,3991.0,1
13116,1159,F,PhD,90,Other,93,94,Assist,0,3991.0,1
13117,1159,F,PhD,90,Other,93,95,Assist,0,4286.0,1
13118,1160,M,PhD,84,Prof,84,84,Assist,0,3586.0,1
13119,1160,M,PhD,84,Prof,84,85,Assist,0,3586.0,1
13120,1160,M,PhD,84,Prof,84,86,Assist,0,3909.0,1
13121,1160,M,PhD,84,Prof,84,87,Assist,0,4105.0,1
13122,1160,M,PhD,84,Prof,84,88,Assist,0,4225.0,1
13123,1160,M,PhD,84,Prof,84,89,Assist,0,4651.0,1
13124,1160,M,PhD,84,Prof,84,90,Assoc,0,5537.0,2
13125,1160,M,PhD,84,Prof,84,91,Assoc,0,5878.0,2
13126,1160,M,PhD,84,Prof,84,92,Assoc,0,6135.0,2
13127,1160,M,PhD,84,Prof,84,93,Assoc,0,6404.0,2
13128,1160,M,PhD,84,Prof,84,94,Assoc,0,6404.0,2
13129,1160,M,PhD,84,Prof,84,95,Assoc,0,6684.0,2
13130,1161,M,PhD,63,Arts,61,76,Full,0,2303.0,3
13131,1161,M,PhD,63,Arts,61,77,Full,0,2502.0,3
13132,1161,M,PhD,63,Arts,61,78,Full,0,2586.0,3
13133,1161,M,PhD,63,Arts,61,79,Full,0,2835.821,3
13134,1161,M,PhD,63,Arts,61,80,Full,0,3011.0,3
13135,1161,M,PhD,63,Arts,61,81,Full,0,3369.0,3
13136,1161,M,PhD,63,Arts,61,82,Full,0,3467.0,3
13137,1161,M,PhD,63,Arts,61,83,Full,0,3658.0,3
13138,1161,M,PhD,63,Arts,61,84,Full,0,3906.0,3
13139,1161,M,PhD,63,Arts,61,85,Full,0,3906.0,3
13140,1161,M,PhD,63,Arts,61,86,Full,0,4259.0,3
13141,1161,M,PhD,63,Arts,61,87,Full,0,4473.0,3
13142,1161,M,PhD,63,Arts,61,88,Full,0,4603.0,3
13143,1161,M,PhD,63,Arts,61,89,Full,0,4925.0,3
13144,1161,M,PhD,63,Arts,61,90,Full,0,5155.0,3
13145,1161,M,PhD,63,Arts,61,91,Full,0,5394.0,3
13146,1161,M,PhD,63,Arts,61,92,Full,0,5551.0,3
13147,1161,M,PhD,63,Arts,61,93,Full,0,5631.0,3
13148,1161,M,PhD,63,Arts,61,94,Full,0,5631.0,3
13149,1161,M,PhD,63,Arts,61,95,Full,0,5794.0,3
13150,1162,M,PhD,66,Other,71,76,Full,0,2018.0,3
13151,1162,M,PhD,66,Other,71,77,Full,0,2256.0,3
13152,1162,M,PhD,66,Other,71,78,Full,0,2378.0,3
13153,1162,M,PhD,66,Other,71,79,Full,0,2627.0,3
13154,1162,M,PhD,66,Other,71,80,Full,0,2869.0,3
13155,1162,M,PhD,66,Other,71,81,Full,0,3275.0,3
13156,1162,M,PhD,66,Other,71,82,Full,0,3417.0,3
13157,1162,M,PhD,66,Other,71,83,Full,0,3604.0,3
13158,1162,M,PhD,66,Other,71,84,Full,0,3962.0,3
13159,1162,M,PhD,66,Other,71,85,Full,0,3962.0,3
13160,1162,M,PhD,66,Other,71,86,Full,0,4914.0,3
13161,1162,M,PhD,66,Other,71,87,Full,0,5160.0,3
13162,1162,M,PhD,66,Other,71,88,Full,0,5310.0,3
13163,1162,M,PhD,66,Other,71,89,Full,0,5763.0,3
13164,1162,M,PhD,66,Other,71,90,Full,0,7803.0,3
13165,1162,M,PhD,66,Other,71,91,Full,0,7935.0,3
13166,1162,M,PhD,66,Other,71,92,Full,0,8165.0,3
13167,1162,M,PhD,66,Other,71,93,Full,0,8402.0,3
13168,1162,M,PhD,66,Other,71,94,Full,0,8402.0,3
13169,1162,M,PhD,66,Other,71,95,Full,0,8646.0,3
13170,1163,M,PhD,72,Other,79,79,Assist,0,1822.0,1
13171,1163,M,PhD,72,Other,79,80,Assist,0,2014.0,1
13172,1163,M,PhD,72,Other,79,81,Assist,0,2353.0,1
13173,1163,M,PhD,72,Other,79,82,Assist,0,2352.5,1
13174,1163,M,PhD,72,Other,79,83,Assist,0,2554.0,1
13175,1163,M,PhD,72,Other,79,84,Assoc,0,2768.0,2
13176,1163,M,PhD,72,Other,79,85,Assoc,0,2768.0,2
13177,1163,M,PhD,72,Other,79,86,Assoc,0,3018.667,2
13178,1163,M,PhD,72,Other,79,87,Assoc,0,3170.667,2
13179,1163,M,PhD,72,Other,79,88,Assoc,0,3262.667,2
13180,1163,M,PhD,72,Other,79,89,Assoc,0,3490.667,2
13181,1163,M,PhD,72,Other,79,90,Assoc,0,3653.333,2
13182,1163,M,PhD,72,Other,79,91,Assoc,0,3822.667,2
13183,1163,M,PhD,72,Other,79,92,Assoc,0,3934.667,2
13184,1163,M,PhD,72,Other,79,93,Assoc,0,4106.0,2
13185,1163,M,PhD,72,Other,79,94,Assoc,0,4106.0,2
13186,1163,M,PhD,72,Other,79,95,Assoc,0,4226.0,2
13187,1164,M,PhD,71,Prof,71,76,Assoc,0,2038.0,2
13188,1164,M,PhD,71,Prof,71,77,Assoc,0,2296.0,2
13189,1164,M,PhD,71,Prof,71,78,Assoc,0,2419.0,2
13190,1164,M,PhD,71,Prof,71,79,Assoc,0,2671.0,2
13191,1164,M,PhD,71,Prof,71,80,Assoc,0,2964.0,2
13192,1164,M,PhD,71,Prof,71,81,Full,0,3369.0,3
13193,1164,M,PhD,71,Prof,71,82,Full,0,3671.0,3
13194,1164,M,PhD,71,Prof,71,83,Full,0,4220.0,3
13195,1164,M,PhD,71,Prof,71,84,Full,1,4908.0,3
13196,1164,M,PhD,71,Prof,71,85,Full,0,4908.0,3
13197,1164,M,PhD,71,Prof,71,86,Full,0,6356.0,3
13198,1164,M,PhD,71,Prof,71,87,Full,0,6675.0,3
13199,1164,M,PhD,71,Prof,71,88,Full,0,7067.0,3
13200,1164,M,PhD,71,Prof,71,89,Full,0,7562.0,3
13201,1164,M,PhD,71,Prof,71,90,Full,0,8145.0,3
13202,1164,M,PhD,71,Prof,71,91,Full,0,8523.0,3
13203,1164,M,PhD,71,Prof,71,92,Full,0,8770.0,3
13204,1164,M,PhD,71,Prof,71,93,Full,0,9025.0,3
13205,1164,M,PhD,71,Prof,71,94,Full,0,9025.0,3
13206,1164,M,PhD,71,Prof,71,95,Full,0,10411.0,3
13207,1165,M,PhD,74,Prof,84,84,Assoc,0,4256.0,2
13208,1165,M,PhD,74,Prof,84,85,Assoc,0,4256.0,2
13209,1165,M,PhD,74,Prof,84,86,Assoc,0,4914.0,2
13210,1165,M,PhD,74,Prof,84,87,Assoc,1,5160.0,2
13211,1165,M,PhD,74,Prof,84,88,Assoc,1,5387.0,2
13212,1165,M,PhD,74,Prof,84,89,Assoc,1,6103.0,2
13213,1165,M,PhD,74,Prof,84,90,Assoc,1,6861.0,2
13214,1165,M,PhD,74,Prof,84,91,Assoc,1,7180.0,2
13215,1165,M,PhD,74,Prof,84,92,Assoc,1,7494.0,2
13216,1165,M,PhD,74,Prof,84,93,Assoc,0,8646.0,2
13217,1165,M,PhD,74,Prof,84,94,Assoc,0,8646.0,2
13218,1165,M,PhD,74,Prof,84,95,Assoc,1,8896.0,2
13219,1166,M,PhD,81,Other,84,84,Assist,0,3688.0,1
13220,1166,M,PhD,81,Other,84,85,Assist,0,3688.0,1
13221,1166,M,PhD,81,Other,84,86,Assist,0,4446.0,1
13222,1166,M,PhD,81,Other,84,87,Assist,0,4669.0,1
13223,1166,M,PhD,81,Other,84,88,Assoc,0,5786.0,2
13224,1166,M,PhD,81,Other,84,89,Assoc,0,6842.0,2
13225,1166,M,PhD,81,Other,84,90,Assoc,0,7475.0,2
13226,1166,M,PhD,81,Other,84,91,Assoc,0,8402.0,2
13227,1166,M,PhD,81,Other,84,92,Full,0,9025.0,3
13228,1166,M,PhD,81,Other,84,93,Full,0,9286.0,3
13229,1166,M,PhD,81,Other,84,94,Full,1,9286.0,3
13230,1166,M,PhD,81,Other,84,95,Full,1,10723.0,3
13231,1167,M,PhD,81,Other,85,85,Assist,0,3242.667,1
13232,1167,M,PhD,81,Other,85,86,Assist,0,3341.0,1
13233,1167,M,PhD,81,Other,85,87,Assist,0,3508.0,1
13234,1167,M,PhD,81,Other,85,88,Assist,0,3768.0,1
13235,1167,M,PhD,81,Other,85,89,Assoc,0,4269.0,2
13236,1167,M,PhD,81,Other,85,90,Assoc,0,4731.0,2
13237,1167,M,PhD,81,Other,85,91,Full,0,6781.0,3
13238,1167,M,PhD,81,Other,85,92,Full,0,6781.0,3
13239,1167,M,PhD,81,Other,85,93,Full,0,6781.0,3
13240,1167,M,PhD,81,Other,85,94,Full,0,6781.0,3
13241,1167,M,PhD,81,Other,85,95,Full,0,6977.0,3
13242,1168,M,PhD,81,Other,85,85,Assist,0,3112.0,1
13243,1168,M,PhD,81,Other,85,86,Assist,0,3246.0,1
13244,1168,M,PhD,81,Other,85,87,Assist,0,3409.0,1
13245,1168,M,PhD,81,Other,85,88,Assoc,0,3715.0,2
13246,1168,M,PhD,81,Other,85,89,Assoc,0,4032.0,2
13247,1168,M,PhD,81,Other,85,90,Assoc,0,4220.0,2
13248,1168,M,PhD,81,Other,85,91,Full,0,4881.0,3
13249,1168,M,PhD,81,Other,85,92,Full,0,5394.0,3
13250,1168,M,PhD,81,Other,85,93,Full,0,5631.0,3
13251,1168,M,PhD,81,Other,85,94,Full,0,5631.0,3
13252,1168,M,PhD,81,Other,85,95,Full,0,6048.0,3
13253,1169,F,PhD,75,Prof,73,76,Assist,0,1711.0,1
13254,1169,F,PhD,75,Prof,73,77,Assist,0,1514.0,1
13255,1169,F,PhD,75,Prof,73,78,Assist,0,1815.0,1
13256,1169,F,PhD,75,Prof,73,81,Assoc,0,2457.0,2
13257,1169,F,PhD,75,Prof,73,82,Assoc,0,2528.0,2
13258,1169,F,PhD,75,Prof,73,83,Assoc,0,2906.0,2
13259,1169,F,PhD,75,Prof,73,84,Assoc,0,3104.0,2
13260,1169,F,PhD,75,Prof,73,85,Assoc,0,3194.0,2
13261,1169,F,PhD,75,Prof,73,86,Full,0,4134.0,3
13262,1169,F,PhD,75,Prof,73,87,Full,0,4343.0,3
13263,1169,F,PhD,75,Prof,73,88,Full,0,4598.0,3
13264,1169,F,PhD,75,Prof,73,89,Full,0,4990.667,3
13265,1169,F,PhD,75,Prof,73,90,Full,0,5222.667,3
13266,1169,F,PhD,75,Prof,73,91,Full,0,5465.0,3
13267,1169,F,PhD,75,Prof,73,92,Full,0,5624.0,3
13268,1169,F,PhD,75,Prof,73,93,Full,0,5787.0,3
13269,1169,F,PhD,75,Prof,73,94,Full,0,5786.667,3
13270,1169,F,PhD,75,Prof,73,95,Full,0,6040.0,3
13271,1171,F,PhD,84,Other,94,94,Assoc,0,6313.0,2
13272,1171,F,PhD,84,Other,94,95,Assoc,0,6496.0,2
13273,1172,F,PhD,87,Arts,89,89,Assist,0,3348.0,1
13274,1172,F,PhD,87,Arts,89,90,Assist,0,3406.0,1
13275,1172,F,PhD,87,Arts,89,91,Assist,0,3667.0,1
13276,1172,F,PhD,87,Arts,89,92,Assist,0,3939.0,1
13277,1172,F,PhD,87,Arts,89,93,Assist,0,4292.0,1
13278,1172,F,PhD,87,Arts,89,94,Assoc,0,4416.0,2
13279,1172,F,PhD,87,Arts,89,95,Assoc,0,4610.0,2
13280,1173,M,PhD,66,Other,69,76,Full,0,2160.0,3
13281,1173,M,PhD,66,Other,69,77,Full,0,2378.0,3
13282,1173,M,PhD,66,Other,69,78,Full,0,2502.0,3
13283,1173,M,PhD,66,Other,69,79,Full,0,2805.0,3
13284,1173,M,PhD,66,Other,69,80,Full,0,2995.522,3
13285,1173,M,PhD,66,Other,69,81,Full,0,3322.0,3
13286,1173,M,PhD,66,Other,69,82,Full,0,3417.0,3
13287,1173,M,PhD,66,Other,69,83,Full,0,3764.0,3
13288,1173,M,PhD,66,Other,69,84,Full,0,4077.0,3
13289,1173,M,PhD,66,Other,69,85,Full,0,4077.0,3
13290,1173,M,PhD,66,Other,69,86,Full,0,4510.0,3
13291,1173,M,PhD,66,Other,69,87,Full,0,4736.0,3
13292,1173,M,PhD,66,Other,69,88,Full,0,4874.0,3
13293,1173,M,PhD,66,Other,69,89,Full,0,5215.0,3
13294,1173,M,PhD,66,Other,69,90,Full,0,5537.0,3
13295,1173,M,PhD,66,Other,69,91,Full,0,5794.0,3
13296,1173,M,PhD,66,Other,69,92,Full,0,6135.0,3
13297,1173,M,PhD,66,Other,69,93,Full,0,6313.0,3
13298,1173,M,PhD,66,Other,69,94,Full,0,6313.0,3
13299,1173,M,PhD,66,Other,69,95,Full,0,6590.0,3
13300,1174,M,PhD,87,Other,91,91,Assist,0,3130.0,1
13301,1174,M,PhD,87,Other,91,92,Assist,0,3314.0,1
13302,1174,M,PhD,87,Other,91,93,Assist,0,3559.0,1
13303,1174,M,PhD,87,Other,91,94,Assist,0,3559.0,1
13304,1174,M,PhD,87,Other,91,95,Assist,0,3715.0,1
13305,1175,M,PhD,69,Other,69,76,Assoc,0,1865.672,2
13306,1175,M,PhD,69,Other,69,77,Assoc,0,2058.0,2
13307,1175,M,PhD,69,Other,69,78,Assoc,0,2136.0,2
13308,1175,M,PhD,69,Other,69,79,Full,0,2411.0,3
13309,1175,M,PhD,69,Other,69,80,Full,0,2552.0,3
13310,1175,M,PhD,69,Other,69,81,Full,0,2920.0,3
13311,1175,M,PhD,69,Other,69,82,Full,0,3005.0,3
13312,1175,M,PhD,69,Other,69,83,Full,0,3170.0,3
13313,1175,M,PhD,69,Other,69,84,Full,0,3484.0,3
13314,1175,M,PhD,69,Other,69,85,Full,0,3484.0,3
13315,1175,M,PhD,69,Other,69,86,Full,0,4641.0,3
13316,1175,M,PhD,69,Other,69,87,Full,0,4874.0,3
13317,1175,M,PhD,69,Other,69,88,Full,0,5087.0,3
13318,1175,M,PhD,69,Other,69,89,Full,0,5601.0,3
13319,1175,M,PhD,69,Other,69,90,Full,0,5947.0,3
13320,1175,M,PhD,69,Other,69,91,Full,0,6223.0,3
13321,1175,M,PhD,69,Other,69,92,Full,0,6404.0,3
13322,1175,M,PhD,69,Other,69,93,Full,0,6590.0,3
13323,1175,M,PhD,69,Other,69,94,Full,0,6590.0,3
13324,1175,M,PhD,69,Other,69,95,Full,0,6781.0,3
13325,1176,F,PhD,70,Other,70,76,Assist,0,1934.0,1
13326,1176,F,PhD,70,Other,70,77,Assist,0,2186.0,1
13327,1176,F,PhD,70,Other,70,78,Assist,0,2360.0,1
13328,1176,F,PhD,70,Other,70,79,Assoc,0,2602.0,2
13329,1176,F,PhD,70,Other,70,80,Assoc,0,2829.0,2
13330,1176,F,PhD,70,Other,70,81,Assoc,0,3132.0,2
13331,1176,F,PhD,70,Other,70,82,Assoc,0,3365.0,2
13332,1176,F,PhD,70,Other,70,83,Assoc,0,3813.0,2
13333,1176,F,PhD,70,Other,70,84,Full,0,4130.0,3
13334,1176,F,PhD,70,Other,70,85,Full,0,4130.0,3
13335,1176,F,PhD,70,Other,70,86,Full,0,4635.0,3
13336,1176,F,PhD,70,Other,70,87,Full,0,4869.0,3
13337,1176,F,PhD,70,Other,70,88,Full,0,5082.0,3
13338,1176,F,PhD,70,Other,70,89,Full,0,5515.0,3
13339,1176,F,PhD,70,Other,70,90,Full,0,5940.0,3
13340,1176,F,PhD,70,Other,70,91,Full,0,6488.0,3
13341,1176,F,PhD,70,Other,70,92,Full,0,6870.0,3
13342,1176,F,PhD,70,Other,70,93,Full,0,7069.0,3
13343,1176,F,PhD,70,Other,70,94,Full,0,7485.0,3
13344,1176,F,PhD,70,Other,70,95,Full,1,7813.0,3
13345,1177,M,PhD,68,Prof,84,84,Full,1,6667.0,3
13346,1177,M,PhD,68,Prof,84,85,Full,1,6667.0,3
13347,1177,M,PhD,68,Prof,84,86,Full,1,7323.0,3
13348,1177,M,PhD,68,Prof,84,87,Full,1,7323.0,3
13349,1177,M,PhD,68,Prof,84,88,Full,1,7912.0,3
13350,1177,M,PhD,68,Prof,84,89,Full,1,8497.0,3
13351,1177,M,PhD,68,Prof,84,90,Full,1,9007.0,3
13352,1177,M,PhD,68,Prof,84,91,Full,1,9547.0,3
13353,1177,M,PhD,68,Prof,84,92,Full,1,10154.0,3
13354,1177,M,PhD,68,Prof,84,93,Full,1,10491.0,3
13355,1177,M,PhD,68,Prof,84,94,Full,1,10491.0,3
13356,1177,M,PhD,68,Prof,84,95,Full,1,11411.0,3
13357,1178,M,PhD,74,Prof,88,88,Full,1,7162.0,3
13358,1178,M,PhD,74,Prof,88,89,Full,1,7162.0,3
13359,1178,M,PhD,74,Prof,88,90,Full,1,7466.0,3
13360,1178,M,PhD,74,Prof,88,91,Full,1,7813.0,3
13361,1178,M,PhD,74,Prof,88,92,Full,1,8039.0,3
13362,1178,M,PhD,74,Prof,88,93,Full,1,8272.0,3
13363,1178,M,PhD,74,Prof,88,94,Full,1,8272.0,3
13364,1178,M,PhD,74,Prof,88,95,Full,1,9286.0,3
13365,1179,M,PhD,80,Other,90,90,Assoc,0,6033.0,2
13366,1179,M,PhD,80,Other,90,91,Assoc,0,6135.0,2
13367,1179,M,PhD,80,Other,90,92,Assoc,0,6404.0,2
13368,1179,M,PhD,80,Other,90,93,Full,0,7078.0,3
13369,1179,M,PhD,80,Other,90,94,Full,0,7078.0,3
13370,1179,M,PhD,80,Other,90,95,Full,1,7773.0,3
13371,1180,F,PhD,89,Arts,93,93,Assist,0,4112.0,1
13372,1180,F,PhD,89,Arts,93,94,Assist,0,4112.0,1
13373,1180,F,PhD,89,Arts,93,95,Assist,0,4292.0,1
13374,1181,M,PhD,90,Prof,93,93,Assist,0,6496.0,1
13375,1181,M,PhD,90,Prof,93,94,Assist,0,6496.0,1
13376,1181,M,PhD,90,Prof,93,95,Assist,0,7823.0,1
13377,1182,M,PhD,65,Prof,66,76,Full,0,2410.0,3
13378,1182,M,PhD,65,Prof,66,77,Full,0,2714.0,3
13379,1182,M,PhD,65,Prof,66,78,Full,0,2844.0,3
13380,1182,M,PhD,65,Prof,66,79,Full,0,3218.667,3
13381,1182,M,PhD,65,Prof,66,81,Full,0,3830.0,3
13382,1182,M,PhD,65,Prof,66,82,Full,0,3831.0,3
13383,1182,M,PhD,65,Prof,66,83,Full,0,4100.0,3
13384,1182,M,PhD,65,Prof,66,84,Full,0,4378.0,3
13385,1182,M,PhD,65,Prof,66,85,Full,0,4378.0,3
13386,1182,M,PhD,65,Prof,66,86,Full,0,4510.0,3
13387,1182,M,PhD,65,Prof,66,87,Full,0,4736.0,3
13388,1182,M,PhD,65,Prof,66,88,Full,0,4736.0,3
13389,1182,M,PhD,65,Prof,66,89,Full,0,5366.0,3
13390,1182,M,PhD,65,Prof,66,90,Full,0,6033.0,3
13391,1182,M,PhD,65,Prof,66,91,Full,0,6404.0,3
13392,1182,M,PhD,65,Prof,66,92,Full,0,6781.0,3
13393,1182,M,PhD,65,Prof,66,93,Full,0,6977.0,3
13394,1182,M,PhD,65,Prof,66,94,Full,0,6977.0,3
13395,1182,M,PhD,65,Prof,66,95,Full,0,7283.0,3
13396,1183,M,PhD,88,Arts,89,89,Assist,0,3162.0,1
13397,1183,M,PhD,88,Arts,89,90,Assist,0,3216.0,1
13398,1183,M,PhD,88,Arts,89,91,Assist,0,3414.0,1
13399,1183,M,PhD,88,Arts,89,92,Assist,0,3720.0,1
13400,1183,M,PhD,88,Arts,89,93,Assist,0,3883.0,1
13401,1183,M,PhD,88,Arts,89,94,Assist,0,3883.0,1
13402,1183,M,PhD,88,Arts,89,95,Assist,0,4112.0,1
13404,1185,M,PhD,72,Prof,73,76,Assist,0,1713.0,1
13405,1185,M,PhD,72,Prof,73,77,Assist,0,1866.0,1
13406,1185,M,PhD,72,Prof,73,78,Assist,0,1980.0,1
13407,1185,M,PhD,72,Prof,73,79,Assoc,0,2285.0,2
13408,1185,M,PhD,72,Prof,73,80,Assoc,0,2495.522,2
13409,1185,M,PhD,72,Prof,73,81,Assoc,0,2758.0,2
13410,1185,M,PhD,72,Prof,73,82,Assoc,0,2920.0,2
13411,1185,M,PhD,72,Prof,73,83,Assoc,0,3357.0,2
13412,1185,M,PhD,72,Prof,73,84,Assoc,0,3534.0,2
13413,1185,M,PhD,72,Prof,73,85,Assoc,0,3534.0,2
13414,1185,M,PhD,72,Prof,73,86,Assoc,0,3640.0,2
13415,1185,M,PhD,72,Prof,73,87,Assoc,0,3822.0,2
13416,1185,M,PhD,72,Prof,73,88,Assoc,0,3990.0,2
13417,1185,M,PhD,72,Prof,73,89,Assoc,0,4456.0,2
13418,1185,M,PhD,72,Prof,73,90,Assoc,0,4939.0,2
13419,1185,M,PhD,72,Prof,73,91,Assoc,0,5551.0,2
13420,1185,M,PhD,72,Prof,73,92,Assoc,0,5794.0,2
13421,1185,M,PhD,72,Prof,73,93,Assoc,0,5962.0,2
13422,1185,M,PhD,72,Prof,73,94,Assoc,0,5962.0,2
13423,1185,M,PhD,72,Prof,73,95,Assoc,0,6048.0,2
13424,1186,M,PhD,70,Prof,88,88,Full,0,6486.0,3
13425,1186,M,PhD,70,Prof,88,89,Full,0,6940.0,3
13426,1186,M,PhD,70,Prof,88,90,Full,0,7265.0,3
13427,1186,M,PhD,70,Prof,88,91,Full,0,7712.0,3
13428,1186,M,PhD,70,Prof,88,92,Full,0,8049.0,3
13429,1186,M,PhD,70,Prof,88,93,Full,0,8419.0,3
13430,1186,M,PhD,70,Prof,88,94,Full,0,8419.0,3
13431,1186,M,PhD,70,Prof,88,95,Full,0,8770.0,3
13432,1187,M,PhD,68,Prof,71,76,Assoc,0,2601.0,2
13433,1187,M,PhD,68,Prof,71,77,Assoc,0,2800.0,2
13434,1187,M,PhD,68,Prof,71,78,Assoc,0,2873.134,2
13435,1187,M,PhD,68,Prof,71,79,Assoc,0,3172.0,2
13436,1187,M,PhD,68,Prof,71,80,Full,0,3723.0,3
13437,1187,M,PhD,68,Prof,71,81,Full,0,4000.0,3
13438,1187,M,PhD,68,Prof,71,82,Full,0,4235.0,3
13439,1187,M,PhD,68,Prof,71,83,Full,0,4664.0,3
13440,1187,M,PhD,68,Prof,71,84,Full,0,4981.0,3
13441,1187,M,PhD,68,Prof,71,85,Full,0,4981.0,3
13442,1187,M,PhD,68,Prof,71,86,Full,0,6002.0,3
13443,1187,M,PhD,68,Prof,71,87,Full,0,6304.0,3
13444,1187,M,PhD,68,Prof,71,88,Full,0,6675.0,3
13445,1187,M,PhD,68,Prof,71,89,Full,0,7244.0,3
13446,1187,M,PhD,68,Prof,71,90,Full,0,7803.0,3
13447,1187,M,PhD,68,Prof,71,91,Full,0,8165.0,3
13448,1187,M,PhD,68,Prof,71,92,Full,0,8523.0,3
13449,1187,M,PhD,68,Prof,71,93,Full,0,8770.0,3
13450,1187,M,PhD,68,Prof,71,94,Full,0,8770.0,3
13451,1187,M,PhD,68,Prof,71,95,Full,0,9154.0,3
13452,1188,F,PhD,74,Other,80,80,Assist,0,2508.0,1
13453,1188,F,PhD,74,Other,80,81,Assist,0,2716.0,1
13454,1188,F,PhD,74,Other,80,84,Assist,0,3148.0,1
13455,1188,F,PhD,74,Other,80,85,Assoc,0,3240.0,2
13456,1188,F,PhD,74,Other,80,86,Assoc,0,3530.0,2
13457,1188,F,PhD,74,Other,80,87,Assoc,0,3710.0,2
13458,1188,F,PhD,74,Other,80,88,Assoc,0,3820.0,2
13459,1188,F,PhD,74,Other,80,89,Assoc,0,4140.0,2
13460,1188,F,PhD,74,Other,80,90,Assoc,0,4400.0,2
13461,1188,F,PhD,74,Other,80,91,Assoc,0,4604.103,2
13462,1188,F,PhD,74,Other,80,92,Assoc,0,4737.297,2
13463,1188,F,PhD,74,Other,80,93,Assoc,0,4875.152,2
13464,1188,F,PhD,74,Other,80,94,Assoc,0,4875.0,2
13465,1188,F,PhD,74,Other,80,95,Assoc,0,5088.608,2
13466,1189,F,PhD,87,Other,87,87,Assist,0,2955.0,1
13467,1189,F,PhD,87,Other,87,88,Assist,0,2955.0,1
13468,1189,F,PhD,87,Other,87,89,Assist,0,3162.0,1
13469,1189,F,PhD,87,Other,87,90,Assist,0,3263.0,1
13470,1189,F,PhD,87,Other,87,91,Assist,0,3615.0,1
13471,1189,F,PhD,87,Other,87,92,Assist,0,3996.0,1
13472,1189,F,PhD,87,Other,87,93,Assoc,0,4231.0,2
13473,1189,F,PhD,87,Other,87,94,Assoc,0,4231.0,2
13474,1189,F,PhD,87,Other,87,95,Assoc,0,4676.0,2
13475,1190,M,PhD,77,Other,93,93,Assist,0,4951.0,1
13476,1190,M,PhD,77,Other,93,94,Assist,0,4951.0,1
13477,1190,M,PhD,77,Other,93,95,Assist,0,5318.0,1
13479,1192,M,PhD,92,Other,93,93,Assist,0,4670.0,1
13480,1192,M,PhD,92,Other,93,94,Assist,0,4670.0,1
13481,1192,M,PhD,92,Other,93,95,Assist,0,4875.0,1
13482,1193,M,PhD,61,Prof,61,76,Full,0,2894.0,3
13483,1193,M,PhD,61,Prof,61,77,Full,0,3250.0,3
13484,1193,M,PhD,61,Prof,61,78,Full,0,3387.0,3
13485,1193,M,PhD,61,Prof,61,79,Full,0,3755.0,3
13486,1193,M,PhD,61,Prof,61,81,Full,0,4681.0,3
13487,1193,M,PhD,61,Prof,61,82,Full,0,4956.0,3
13488,1193,M,PhD,61,Prof,61,83,Full,0,5617.0,3
13489,1193,M,PhD,61,Prof,61,84,Full,0,6350.0,3
13490,1193,M,PhD,61,Prof,61,85,Full,0,6350.0,3
13491,1193,M,PhD,61,Prof,61,86,Full,0,7332.0,3
13492,1193,M,PhD,61,Prof,61,87,Full,0,7700.0,3
13493,1193,M,PhD,61,Prof,61,88,Full,0,7811.0,3
13494,1193,M,PhD,61,Prof,61,89,Full,0,8600.0,3
13495,1193,M,PhD,61,Prof,61,90,Full,1,10238.0,3
13496,1193,M,PhD,61,Prof,61,91,Full,1,10713.0,3
13497,1193,M,PhD,61,Prof,61,92,Full,1,11046.0,3
13498,1193,M,PhD,61,Prof,61,93,Full,1,11322.0,3
13499,1193,M,PhD,61,Prof,61,94,Full,1,11343.0,3
13500,1193,M,PhD,61,Prof,61,95,Full,1,11672.0,3
13501,1194,M,PhD,64,Prof,63,76,Assoc,0,2160.606,2
13502,1194,M,PhD,64,Prof,63,77,Full,0,2460.0,3
13503,1194,M,PhD,64,Prof,63,78,Full,0,2586.0,3
13504,1194,M,PhD,64,Prof,63,79,Full,0,2850.0,3
13505,1194,M,PhD,64,Prof,63,80,Full,0,3058.0,3
13506,1194,M,PhD,64,Prof,63,81,Full,0,3369.0,3
13507,1194,M,PhD,64,Prof,63,82,Full,0,3369.0,3
13508,1194,M,PhD,64,Prof,63,83,Full,0,3605.0,3
13509,1194,M,PhD,64,Prof,63,84,Full,0,3795.0,3
13510,1194,M,PhD,64,Prof,63,85,Full,0,3795.0,3
13511,1194,M,PhD,64,Prof,63,86,Full,0,3909.0,3
13512,1194,M,PhD,64,Prof,63,87,Full,0,4105.0,3
13513,1194,M,PhD,64,Prof,63,88,Full,0,4285.0,3
13514,1194,M,PhD,64,Prof,63,89,Full,0,5068.0,3
13515,1194,M,PhD,64,Prof,63,90,Full,0,5305.0,3
13516,1194,M,PhD,64,Prof,63,91,Full,0,5472.0,3
13517,1194,M,PhD,64,Prof,63,92,Full,0,5551.0,3
13518,1194,M,PhD,64,Prof,63,93,Full,0,5631.0,3
13519,1194,M,PhD,64,Prof,63,94,Full,0,5631.0,3
13520,1194,M,PhD,64,Prof,63,95,Full,0,5712.0,3
13521,1195,F,PhD,76,Arts,77,77,Assist,0,1472.0,1
13522,1195,F,PhD,76,Arts,77,78,Assist,0,1572.0,1
13523,1195,F,PhD,76,Arts,77,79,Assist,0,1764.0,1
13524,1195,F,PhD,76,Arts,77,80,Assist,0,1875.0,1
13525,1195,F,PhD,76,Arts,77,81,Assist,0,2042.0,1
13526,1195,F,PhD,76,Arts,77,82,Assist,0,2132.0,1
13527,1195,F,PhD,76,Arts,77,83,Assoc,0,2416.0,2
13528,1195,F,PhD,76,Arts,77,84,Assoc,0,2892.0,2
13529,1195,F,PhD,76,Arts,77,85,Assoc,0,2892.0,2
13530,1195,F,PhD,76,Arts,77,86,Assoc,0,3200.0,2
13531,1195,F,PhD,76,Arts,77,87,Assoc,0,3361.0,2
13532,1195,F,PhD,76,Arts,77,88,Assoc,1,3559.0,2
13533,1195,F,PhD,76,Arts,77,89,Full,1,4269.0,3
13534,1195,F,PhD,76,Arts,77,90,Full,1,4533.0,3
13535,1195,F,PhD,76,Arts,77,91,Full,0,5878.0,3
13536,1195,F,PhD,76,Arts,77,92,Full,0,5962.0,3
13537,1195,F,PhD,76,Arts,77,93,Full,0,6135.0,3
13538,1195,F,PhD,76,Arts,77,94,Full,0,6135.0,3
13539,1195,F,PhD,76,Arts,77,95,Full,0,6313.0,3
13540,1196,F,PhD,92,Other,93,93,Assist,0,7445.0,1
13541,1196,F,PhD,92,Other,93,94,Assist,0,7445.0,1
13542,1196,F,PhD,92,Other,93,95,Assist,0,7691.0,1
13543,1197,F,PhD,70,Other,73,76,Assoc,0,1803.0,2
13544,1197,F,PhD,70,Other,73,77,Assoc,0,2019.0,2
13545,1197,F,PhD,70,Other,73,78,Assoc,0,2305.556,2
13546,1197,F,PhD,70,Other,73,79,Assoc,0,2369.0,2
13547,1197,F,PhD,70,Other,73,80,Full,0,2597.0,3
13548,1197,F,PhD,70,Other,73,81,Full,0,2920.0,3
13549,1197,F,PhD,70,Other,73,82,Full,0,3092.0,3
13550,1197,F,PhD,70,Other,73,83,Full,0,3310.0,3
13551,1197,F,PhD,70,Other,73,84,Full,0,3851.0,3
13552,1197,F,PhD,70,Other,73,85,Full,0,3851.0,3
13553,1197,F,PhD,70,Other,73,86,Full,0,4575.0,3
13554,1197,F,PhD,70,Other,73,87,Full,0,6223.0,3
13555,1197,F,PhD,70,Other,73,88,Full,0,6304.0,3
13556,1197,F,PhD,70,Other,73,89,Full,0,7781.0,3
13557,1197,F,PhD,70,Other,73,90,Full,0,7915.0,3
13558,1197,F,PhD,70,Other,73,91,Full,0,8165.0,3
13559,1197,F,PhD,70,Other,73,92,Full,0,8402.0,3
13560,1197,F,PhD,70,Other,73,93,Full,0,8646.0,3
13561,1197,F,PhD,70,Other,73,94,Full,0,8646.0,3
13562,1197,F,PhD,70,Other,73,95,Full,0,9025.0,3
13563,1198,M,PhD,83,Prof,83,83,Assist,0,3406.0,1
13564,1198,M,PhD,83,Prof,83,84,Assist,0,3688.0,1
13565,1198,M,PhD,83,Prof,83,85,Assist,0,3688.0,1
13566,1198,M,PhD,83,Prof,83,86,Assist,0,4708.0,1
13567,1198,M,PhD,83,Prof,83,87,Assoc,0,5087.0,2
13568,1198,M,PhD,83,Prof,83,88,Assoc,0,5387.0,2
13569,1198,M,PhD,83,Prof,83,89,Assoc,0,5846.0,2
13570,1198,M,PhD,83,Prof,83,90,Assoc,0,6861.0,2
13571,1198,M,PhD,83,Prof,83,91,Full,0,7602.0,3
13572,1198,M,PhD,83,Prof,83,92,Full,0,8049.0,3
13573,1198,M,PhD,83,Prof,83,93,Full,0,8402.0,3
13574,1198,M,PhD,83,Prof,83,94,Full,0,8402.0,3
13575,1198,M,PhD,83,Prof,83,95,Full,0,9025.0,3
13576,1199,F,PhD,80,Prof,92,92,Full,0,8283.0,3
13577,1199,F,PhD,80,Prof,92,93,Full,0,8283.0,3
13578,1199,F,PhD,80,Prof,92,94,Full,0,8283.0,3
13579,1199,F,PhD,80,Prof,92,95,Full,0,9833.0,3
13580,1200,F,PhD,76,Prof,84,84,Assist,0,3000.0,1
13581,1200,F,PhD,76,Prof,84,85,Assist,0,3000.0,1
13582,1200,F,PhD,76,Prof,84,86,Assist,0,3386.0,1
13583,1200,F,PhD,76,Prof,84,87,Assist,0,3555.0,1
13584,1200,F,PhD,76,Prof,84,88,Assoc,0,3873.0,2
13585,1200,F,PhD,76,Prof,84,89,Assoc,0,4203.0,2
13586,1200,F,PhD,76,Prof,84,90,Assoc,0,4463.0,2
13587,1200,F,PhD,76,Prof,84,91,Assoc,0,4670.0,2
13588,1200,F,PhD,76,Prof,84,92,Assoc,0,4806.0,2
13589,1200,F,PhD,76,Prof,84,93,Assoc,0,5088.0,2
13590,1200,F,PhD,76,Prof,84,94,Assoc,0,5095.0,2
13591,1200,F,PhD,76,Prof,84,95,Assoc,0,5394.0,2
13592,1201,M,PhD,75,Other,90,90,Full,0,6573.0,3
13593,1201,M,PhD,75,Other,90,91,Full,0,6684.0,3
13594,1201,M,PhD,75,Other,90,92,Full,0,6977.0,3
13595,1201,M,PhD,75,Other,90,93,Full,0,8049.0,3
13596,1201,M,PhD,75,Other,90,94,Full,0,8049.0,3
13597,1201,M,PhD,75,Other,90,95,Full,0,8049.0,3
13598,1202,M,PhD,77,Other,80,80,Assist,0,2442.0,1
13599,1202,M,PhD,77,Other,80,81,Assist,0,2413.793,1
13600,1202,M,PhD,77,Other,80,83,Assist,0,2522.0,1
13601,1202,M,PhD,77,Other,80,84,Assist,0,2977.0,1
13602,1202,M,PhD,77,Other,80,87,Assoc,0,3508.0,2
13603,1202,M,PhD,77,Other,80,88,Assoc,0,3610.0,2
13604,1202,M,PhD,77,Other,80,89,Assoc,0,3862.667,2
13605,1202,M,PhD,77,Other,80,90,Assoc,0,4101.333,2
13606,1202,M,PhD,77,Other,80,91,Assoc,0,4292.0,2
13607,1202,M,PhD,77,Other,80,92,Assoc,0,4416.0,2
13608,1202,M,PhD,77,Other,80,93,Assoc,0,4544.0,2
13609,1202,M,PhD,77,Other,80,94,Assoc,0,4544.0,2
13610,1202,M,PhD,77,Other,80,95,Assoc,0,4676.0,2
13611,1203,M,PhD,93,Arts,93,93,Assist,0,4112.0,1
13612,1203,M,PhD,93,Arts,93,94,Assist,0,4112.0,1
13613,1203,M,PhD,93,Arts,93,95,Assist,0,4353.0,1
13615,1205,M,PhD,78,Other,78,78,Assist,0,1750.0,1
13616,1205,M,PhD,78,Other,78,79,Assist,0,2005.0,1
13617,1205,M,PhD,78,Other,78,80,Assist,0,2185.0,1
13618,1205,M,PhD,78,Other,78,81,Assist,0,2422.0,1
13619,1205,M,PhD,78,Other,78,82,Assist,0,2528.0,1
13620,1205,M,PhD,78,Other,78,83,Assist,0,2668.0,1
13621,1205,M,PhD,78,Other,78,84,Assoc,0,3381.0,2
13622,1205,M,PhD,78,Other,78,85,Assoc,0,3381.0,2
13623,1205,M,PhD,78,Other,78,86,Assoc,0,3794.0,2
13624,1205,M,PhD,78,Other,78,87,Assoc,0,3986.0,2
13625,1205,M,PhD,78,Other,78,88,Assoc,0,4101.0,2
13626,1205,M,PhD,78,Other,78,89,Assoc,0,4387.0,2
13627,1205,M,PhD,78,Other,78,90,Assoc,0,4592.0,2
13628,1205,M,PhD,78,Other,78,91,Assoc,0,4875.0,2
13629,1205,M,PhD,78,Other,78,92,Full,0,6040.0,3
13630,1205,M,PhD,78,Other,78,93,Full,0,6127.0,3
13631,1205,M,PhD,78,Other,78,94,Full,0,6127.0,3
13632,1205,M,PhD,78,Other,78,95,Full,0,6396.0,3
13633,1206,M,PhD,91,Prof,94,94,Assist,0,5394.0,1
13634,1206,M,PhD,91,Prof,94,95,Assist,0,5712.0,1
13635,1207,M,PhD,94,Other,93,93,Assist,0,6977.0,1
13636,1207,M,PhD,94,Other,93,94,Assist,0,6977.0,1
13637,1207,M,PhD,94,Other,93,95,Assist,0,7304.0,1
13638,1209,M,PhD,82,Other,91,91,Assist,0,5631.0,1
13639,1209,M,PhD,82,Other,91,92,Assist,0,5631.0,1
13640,1209,M,PhD,82,Other,91,93,Assist,0,5794.0,1
13641,1209,M,PhD,82,Other,91,94,Assist,0,5794.0,1
13642,1209,M,PhD,82,Other,91,95,Assoc,0,6496.0,2
13643,1210,M,PhD,75,Other,81,81,Assist,0,2920.0,1
13644,1210,M,PhD,75,Other,81,82,Assoc,0,3048.0,2
13645,1210,M,PhD,75,Other,81,83,Assoc,0,3216.0,2
13646,1210,M,PhD,75,Other,81,84,Assoc,0,3484.0,2
13647,1210,M,PhD,75,Other,81,85,Assoc,0,3484.0,2
13648,1210,M,PhD,75,Other,81,86,Assoc,0,3909.0,2
13649,1210,M,PhD,75,Other,81,87,Assoc,0,4105.0,2
13650,1210,M,PhD,75,Other,81,88,Assoc,0,4225.0,2
13651,1210,M,PhD,75,Other,81,89,Assoc,0,4520.0,2
13652,1210,M,PhD,75,Other,81,90,Full,0,4869.0,3
13653,1210,M,PhD,75,Other,81,91,Full,0,5095.0,3
13654,1210,M,PhD,75,Other,81,92,Full,0,5242.0,3
13655,1210,M,PhD,75,Other,81,93,Full,0,5394.0,3
13656,1210,M,PhD,75,Other,81,94,Full,0,5394.0,3
13657,1210,M,PhD,75,Other,81,95,Full,0,5551.0,3
13658,1211,M,PhD,75,Other,87,87,Assoc,1,4047.0,2
13659,1211,M,PhD,75,Other,87,88,Assoc,1,4047.0,2
13660,1211,M,PhD,75,Other,87,89,Assoc,1,4330.0,2
13661,1211,M,PhD,75,Other,87,90,Assoc,1,4405.0,2
13662,1211,M,PhD,75,Other,87,91,Assoc,0,4610.0,2
13663,1211,M,PhD,75,Other,87,92,Assoc,0,4676.0,2
13664,1211,M,PhD,75,Other,87,93,Assoc,0,4743.0,2
13665,1211,M,PhD,75,Other,87,94,Assoc,0,4743.0,2
13666,1211,M,PhD,75,Other,87,95,Assoc,0,5022.0,2
13667,1212,M,PhD,69,Other,69,76,Assoc,0,1683.0,2
13668,1212,M,PhD,69,Other,69,77,Assoc,0,1904.0,2
13669,1212,M,PhD,69,Other,69,78,Assoc,0,2019.0,2
13670,1212,M,PhD,69,Other,69,79,Assoc,0,2243.0,2
13671,1212,M,PhD,69,Other,69,80,Assoc,0,2420.0,2
13672,1212,M,PhD,69,Other,69,81,Assoc,0,2719.0,2
13673,1212,M,PhD,69,Other,69,82,Assoc,0,2838.0,2
13674,1212,M,PhD,69,Other,69,83,Full,0,3081.0,3
13675,1212,M,PhD,69,Other,69,84,Full,0,3386.0,3
13676,1212,M,PhD,69,Other,69,85,Full,0,3386.0,3
13677,1212,M,PhD,69,Other,69,86,Full,0,3909.0,3
13678,1212,M,PhD,69,Other,69,87,Full,1,4105.0,3
13679,1212,M,PhD,69,Other,69,88,Full,1,4347.0,3
13680,1212,M,PhD,69,Other,69,89,Full,1,4855.0,3
13681,1212,M,PhD,69,Other,69,90,Full,1,5229.0,3
13682,1212,M,PhD,69,Other,69,91,Full,1,5712.0,3
13683,1212,M,PhD,69,Other,69,92,Full,1,5962.0,3
13684,1212,M,PhD,69,Other,69,93,Full,0,6135.0,3
13685,1212,M,PhD,69,Other,69,94,Full,0,6135.0,3
13686,1212,M,PhD,69,Other,69,95,Full,0,6313.0,3
13687,1214,M,PhD,68,Prof,87,87,Full,0,6967.0,3
13688,1214,M,PhD,68,Prof,87,88,Full,0,6967.0,3
13689,1214,M,PhD,68,Prof,87,89,Full,0,7455.0,3
13690,1214,M,PhD,68,Prof,87,90,Full,0,8381.0,3
13691,1214,M,PhD,68,Prof,87,91,Full,0,8896.0,3
13692,1214,M,PhD,68,Prof,87,92,Full,0,9154.0,3
13693,1214,M,PhD,68,Prof,87,93,Full,0,9420.0,3
13694,1214,M,PhD,68,Prof,87,94,Full,0,9420.0,3
13695,1214,M,PhD,68,Prof,87,95,Full,0,9693.0,3
13696,1215,M,PhD,80,Other,88,88,Assoc,0,4874.0,2
13697,1215,M,PhD,80,Other,88,89,Assoc,0,4925.0,2
13698,1215,M,PhD,80,Other,88,90,Assoc,0,5155.0,2
13699,1215,M,PhD,80,Other,88,91,Assoc,0,5394.0,2
13700,1215,M,PhD,80,Other,88,92,Assoc,0,5631.0,2
13701,1215,M,PhD,80,Other,88,93,Full,0,6048.0,3
13702,1215,M,PhD,80,Other,88,94,Full,0,6048.0,3
13703,1215,M,PhD,80,Other,88,95,Full,0,6223.0,3
13704,1216,M,PhD,80,Other,80,80,Assist,0,2111.0,1
13705,1216,M,PhD,80,Other,80,81,Assist,0,2357.0,1
13706,1216,M,PhD,80,Other,80,82,Assist,0,2425.0,1
13707,1216,M,PhD,80,Other,80,83,Assist,0,2633.0,1
13708,1216,M,PhD,80,Other,80,84,Assist,0,2694.0,1
13709,1216,M,PhD,80,Other,80,85,Assist,0,2732.0,1
13710,1216,M,PhD,80,Other,80,86,Assist,0,3066.0,1
13711,1216,M,PhD,80,Other,80,87,Assist,0,3220.0,1
13712,1216,M,PhD,80,Other,80,88,Assoc,0,3508.0,2
13713,1216,M,PhD,80,Other,80,89,Assoc,0,4585.0,2
13714,1216,M,PhD,80,Other,80,90,Assoc,0,4731.0,2
13715,1216,M,PhD,80,Other,80,91,Assoc,0,4737.0,2
13716,1216,M,PhD,80,Other,80,92,Assoc,0,5472.0,2
13717,1216,M,PhD,80,Other,80,93,Assoc,0,5712.0,2
13718,1216,M,PhD,80,Other,80,94,Full,0,5878.0,3
13719,1216,M,PhD,80,Other,80,95,Full,0,6135.0,3
13720,1217,M,PhD,61,Prof,67,76,Full,0,2517.0,3
13721,1217,M,PhD,61,Prof,67,77,Full,1,2932.0,3
13722,1217,M,PhD,61,Prof,67,78,Full,1,2935.0,3
13723,1217,M,PhD,61,Prof,67,79,Full,1,3305.0,3
13724,1217,M,PhD,61,Prof,67,80,Full,1,3580.0,3
13725,1217,M,PhD,61,Prof,67,81,Full,1,4169.0,3
13726,1217,M,PhD,61,Prof,67,82,Full,1,4354.0,3
13727,1217,M,PhD,61,Prof,67,83,Full,1,4725.0,3
13728,1217,M,PhD,61,Prof,67,84,Full,1,5045.0,3
13729,1217,M,PhD,61,Prof,67,85,Full,1,5045.0,3
13730,1217,M,PhD,61,Prof,67,86,Full,0,6081.0,3
13731,1217,M,PhD,61,Prof,67,87,Full,1,6388.0,3
13732,1217,M,PhD,61,Prof,67,88,Full,1,6668.0,3
13733,1217,M,PhD,61,Prof,67,89,Full,1,7235.0,3
13734,1217,M,PhD,61,Prof,67,90,Full,1,7905.0,3
13735,1217,M,PhD,61,Prof,67,91,Full,1,8272.0,3
13736,1217,M,PhD,61,Prof,67,92,Full,0,8781.0,3
13737,1217,M,PhD,61,Prof,67,93,Full,0,9556.0,3
13738,1217,M,PhD,61,Prof,67,94,Full,0,9556.0,3
13739,1217,M,PhD,61,Prof,67,95,Full,0,9833.0,3
13740,1218,M,PhD,84,Other,88,88,Assist,0,3945.0,1
13741,1218,M,PhD,84,Other,88,89,Assist,0,3975.0,1
13742,1218,M,PhD,84,Other,88,90,Assoc,0,4281.0,2
13743,1218,M,PhD,84,Other,88,91,Assoc,0,4544.0,2
13744,1218,M,PhD,84,Other,88,92,Assoc,0,4743.0,2
13745,1218,M,PhD,84,Other,88,93,Full,0,5168.0,3
13746,1218,M,PhD,84,Other,88,94,Full,0,5168.0,3
13747,1218,M,PhD,84,Other,88,95,Full,0,5551.0,3
13748,1219,F,PhD,91,Prof,93,93,Assist,0,4951.0,1
13749,1219,F,PhD,91,Prof,93,94,Assist,0,4951.0,1
13750,1219,F,PhD,91,Prof,93,95,Assist,0,5318.0,1
13751,1220,M,PhD,62,Other,70,76,Full,0,2232.0,3
13752,1220,M,PhD,62,Other,70,77,Full,1,3323.881,3
13753,1220,M,PhD,62,Other,70,78,Full,1,3528.0,3
13754,1220,M,PhD,62,Other,70,79,Full,1,4009.0,3
13755,1220,M,PhD,62,Other,70,80,Full,1,4386.0,3
13756,1220,M,PhD,62,Other,70,81,Full,1,4956.0,3
13757,1220,M,PhD,62,Other,70,82,Full,1,5324.0,3
13758,1220,M,PhD,62,Other,70,83,Full,1,5697.0,3
13759,1220,M,PhD,62,Other,70,84,Full,1,6350.0,3
13760,1220,M,PhD,62,Other,70,85,Full,1,6319.403,3
13761,1220,M,PhD,62,Other,70,86,Full,1,7332.0,3
13762,1220,M,PhD,62,Other,70,87,Full,1,7395.0,3
13763,1220,M,PhD,62,Other,70,88,Full,1,8029.0,3
13764,1220,M,PhD,62,Other,70,89,Full,1,8993.0,3
13765,1220,M,PhD,62,Other,70,90,Full,1,9218.0,3
13766,1220,M,PhD,62,Other,70,91,Full,1,9745.0,3
13767,1220,M,PhD,62,Other,70,92,Full,1,10047.0,3
13768,1220,M,PhD,62,Other,70,93,Full,1,10338.0,3
13769,1220,M,PhD,62,Other,70,94,Full,1,10338.0,3
13770,1220,M,PhD,62,Other,70,95,Full,1,10958.0,3
13771,1221,F,PhD,91,Other,91,91,Assist,0,3559.0,1
13772,1221,F,PhD,91,Other,91,92,Assist,0,3559.0,1
13773,1221,F,PhD,91,Other,91,93,Assist,0,3769.0,1
13774,1221,F,PhD,91,Other,91,94,Assist,0,3769.0,1
13775,1221,F,PhD,91,Other,91,95,Assist,0,4165.0,1
13777,1223,M,PhD,78,Prof,81,81,Assist,0,1927.0,1
13778,1223,M,PhD,78,Prof,81,82,Assist,0,2223.0,1
13779,1223,M,PhD,78,Prof,81,83,Assist,0,2448.0,1
13780,1223,M,PhD,78,Prof,81,84,Assist,0,2612.941,1
13781,1223,M,PhD,78,Prof,81,85,Assist,0,3103.529,1
13782,1223,M,PhD,78,Prof,81,86,Assist,0,3196.0,1
13783,1223,M,PhD,78,Prof,81,87,Assoc,0,3873.0,2
13784,1223,M,PhD,78,Prof,81,88,Assoc,0,3873.0,2
13785,1223,M,PhD,78,Prof,81,89,Assoc,0,4264.0,2
13786,1223,M,PhD,78,Prof,81,90,Assoc,0,4725.0,2
13787,1223,M,PhD,78,Prof,81,91,Assoc,0,5016.0,2
13788,1223,M,PhD,78,Prof,81,92,Assoc,0,5236.0,2
13789,1223,M,PhD,78,Prof,81,93,Assoc,0,5624.0,2
13790,1223,M,PhD,78,Prof,81,94,Assoc,0,5624.0,2
13791,1223,M,PhD,78,Prof,81,95,Assoc,1,6216.0,2
13792,1224,M,PhD,77,Other,89,89,Full,0,6462.0,3
13793,1224,M,PhD,77,Other,89,90,Full,0,6861.0,3
13794,1224,M,PhD,77,Other,89,91,Full,0,7602.0,3
13795,1224,M,PhD,77,Other,89,92,Full,0,7823.0,3
13796,1224,M,PhD,77,Other,89,93,Full,1,9420.0,3
13797,1224,M,PhD,77,Other,89,94,Full,1,9420.0,3
13798,1224,M,PhD,77,Other,89,95,Full,1,10118.0,3
13799,1225,F,PhD,73,Arts,78,78,Assist,0,1608.0,1
13800,1225,F,PhD,73,Arts,78,79,Assist,0,1842.0,1
13801,1225,F,PhD,73,Arts,78,80,Assist,0,2037.0,1
13802,1225,F,PhD,73,Arts,78,81,Assoc,0,2357.0,2
13803,1225,F,PhD,73,Arts,78,82,Assoc,0,2532.0,2
13804,1225,F,PhD,73,Arts,78,83,Assoc,0,2748.0,2
13805,1225,F,PhD,73,Arts,78,84,Assoc,0,2935.0,2
13806,1225,F,PhD,73,Arts,78,85,Assoc,0,2935.0,2
13807,1225,F,PhD,73,Arts,78,86,Full,0,3487.0,3
13808,1225,F,PhD,73,Arts,78,87,Full,0,3662.0,3
13809,1225,F,PhD,73,Arts,78,88,Full,0,4225.0,3
13810,1225,F,PhD,73,Arts,78,89,Full,0,4585.0,3
13811,1225,F,PhD,73,Arts,78,90,Full,0,4844.776,3
13812,1225,F,PhD,73,Arts,78,91,Full,0,5242.0,3
13813,1225,F,PhD,73,Arts,78,92,Full,0,5631.0,3
13814,1225,F,PhD,73,Arts,78,93,Full,0,7078.0,3
13815,1225,F,PhD,73,Arts,78,94,Full,0,7078.0,3
13816,1225,F,PhD,73,Arts,78,95,Full,0,7283.0,3
13817,1226,M,PhD,80,Other,81,81,Assist,0,2258.0,1
13818,1226,M,PhD,80,Other,81,82,Assist,0,2460.0,1
13819,1226,M,PhD,80,Other,81,83,Assist,0,2708.0,1
13820,1226,M,PhD,80,Other,81,84,Assist,0,2935.0,1
13821,1226,M,PhD,80,Other,81,85,Assoc,0,3020.0,2
13822,1226,M,PhD,80,Other,81,86,Assoc,0,3537.0,2
13823,1226,M,PhD,80,Other,81,87,Assoc,0,3715.0,2
13824,1226,M,PhD,80,Other,81,88,Full,0,3990.0,3
13825,1226,M,PhD,80,Other,81,89,Full,0,4651.0,3
13826,1226,M,PhD,80,Other,81,90,Full,0,4869.0,3
13827,1226,M,PhD,80,Other,81,91,Full,0,5168.0,3
13828,1226,M,PhD,80,Other,81,92,Full,0,5318.0,3
13829,1226,M,PhD,80,Other,81,93,Full,0,5794.0,3
13830,1226,M,PhD,80,Other,81,94,Full,1,6135.0,3
13831,1226,M,PhD,80,Other,81,95,Full,1,6496.0,3
13832,1227,M,PhD,91,Other,91,91,Assist,0,3314.0,1
13833,1227,M,PhD,91,Other,91,92,Assist,0,3314.0,1
13834,1227,M,PhD,91,Other,91,93,Assist,0,3410.0,1
13835,1227,M,PhD,91,Other,91,94,Assist,0,3410.0,1
13836,1227,M,PhD,91,Other,91,95,Assoc,0,4048.0,2
13837,1229,M,PhD,77,Other,94,94,Full,0,6216.0,3
13838,1229,M,PhD,77,Other,94,95,Full,0,6396.0,3
13839,1230,M,PhD,73,Other,78,78,Assoc,0,2132.0,2
13840,1230,M,PhD,73,Other,78,79,Assoc,0,2402.0,2
13841,1230,M,PhD,73,Other,78,80,Assoc,0,2582.0,2
13842,1230,M,PhD,73,Other,78,81,Assoc,0,2876.0,2
13843,1230,M,PhD,73,Other,78,82,Assoc,0,3002.0,2
13844,1230,M,PhD,73,Other,78,83,Full,0,3457.0,3
13845,1230,M,PhD,73,Other,78,84,Full,0,3832.0,3
13846,1230,M,PhD,73,Other,78,85,Full,0,3882.0,3
13847,1230,M,PhD,73,Other,78,86,Full,0,4326.0,3
13848,1230,M,PhD,73,Other,78,87,Full,0,4531.0,3
13849,1230,M,PhD,73,Other,78,88,Full,0,4655.0,3
13850,1230,M,PhD,73,Other,78,89,Full,0,4712.0,3
13851,1230,M,PhD,73,Other,78,90,Full,0,4933.0,3
13852,1230,M,PhD,73,Other,78,91,Full,0,5311.0,3
13853,1230,M,PhD,73,Other,78,92,Full,0,6127.0,3
13854,1230,M,PhD,73,Other,78,93,Full,0,6305.0,3
13855,1230,M,PhD,73,Other,78,94,Full,0,6305.0,3
13856,1230,M,PhD,73,Other,78,95,Full,1,8705.0,3
13857,1231,M,PhD,70,Prof,86,86,Full,1,5588.0,3
13858,1231,M,PhD,70,Prof,86,87,Full,1,5869.0,3
13859,1231,M,PhD,70,Prof,86,88,Full,1,5869.0,3
13860,1231,M,PhD,70,Prof,86,89,Full,1,6190.0,3
13861,1231,M,PhD,70,Prof,86,90,Full,1,6668.0,3
13862,1231,M,PhD,70,Prof,86,91,Full,1,6878.0,3
13863,1231,M,PhD,70,Prof,86,92,Full,0,7078.0,3
13864,1231,M,PhD,70,Prof,86,93,Full,0,7078.0,3
13865,1231,M,PhD,70,Prof,86,94,Full,0,7078.0,3
13866,1231,M,PhD,70,Prof,86,95,Full,0,7283.0,3
13867,1232,M,PhD,73,Prof,73,76,Assist,0,1502.0,1
13868,1232,M,PhD,73,Prof,73,77,Assist,0,1680.0,1
13869,1232,M,PhD,73,Prof,73,78,Assist,0,1754.0,1
13870,1232,M,PhD,73,Prof,73,79,Assist,0,1959.0,1
13871,1232,M,PhD,73,Prof,73,80,Assist,0,2205.0,1
13872,1232,M,PhD,73,Prof,73,81,Assoc,0,2496.0,2
13873,1232,M,PhD,73,Prof,73,82,Assoc,0,2567.0,2
13874,1232,M,PhD,73,Prof,73,83,Assoc,0,2748.0,2
13875,1232,M,PhD,73,Prof,73,84,Assoc,0,2892.0,2
13876,1232,M,PhD,73,Prof,73,85,Assoc,0,2892.0,2
13877,1232,M,PhD,73,Prof,73,86,Assoc,0,3155.0,2
13878,1232,M,PhD,73,Prof,73,87,Assoc,0,3313.0,2
13879,1232,M,PhD,73,Prof,73,88,Full,0,3877.0,3
13880,1232,M,PhD,73,Prof,73,89,Full,0,4393.0,3
13881,1232,M,PhD,73,Prof,73,90,Full,0,4869.0,3
13882,1232,M,PhD,73,Prof,73,91,Full,0,5095.0,3
13883,1232,M,PhD,73,Prof,73,92,Full,0,5794.0,3
13884,1232,M,PhD,73,Prof,73,93,Full,0,6048.0,3
13885,1232,M,PhD,73,Prof,73,94,Full,0,6048.0,3
13886,1232,M,PhD,73,Prof,73,95,Full,0,6313.0,3
13887,1233,M,PhD,82,Other,84,84,Assist,0,2470.0,1
13888,1233,M,PhD,82,Other,84,85,Assist,0,2470.0,1
13889,1233,M,PhD,82,Other,84,86,Assist,0,2851.0,1
13890,1233,M,PhD,82,Other,84,87,Assist,0,2995.0,1
13891,1233,M,PhD,82,Other,84,88,Assist,0,3658.0,1
13892,1233,M,PhD,82,Other,84,89,Assist,0,3970.0,1
13893,1233,M,PhD,82,Other,84,90,Assist,0,4276.0,1
13894,1233,M,PhD,82,Other,84,91,Assoc,0,4737.0,2
13895,1233,M,PhD,82,Other,84,92,Assoc,0,4945.0,2
13896,1233,M,PhD,82,Other,84,93,Assoc,0,5088.0,2
13897,1233,M,PhD,82,Other,84,94,Assoc,0,5088.0,2
13898,1233,M,PhD,82,Other,84,95,Assoc,0,5388.0,2
13899,1234,M,PhD,81,Other,91,91,Assist,0,3362.0,1
13900,1234,M,PhD,81,Other,91,92,Assist,0,3362.0,1
13901,1234,M,PhD,81,Other,91,93,Assist,0,3559.0,1
13902,1234,M,PhD,81,Other,91,94,Assist,0,3559.0,1
13903,1234,M,PhD,81,Other,91,95,Assist,0,3823.0,1
13904,1235,M,PhD,80,Arts,81,81,Assist,0,2115.0,1
13905,1235,M,PhD,80,Arts,81,82,Assist,1,2602.0,1
13906,1235,M,PhD,80,Arts,81,83,Assist,1,2745.0,1
13907,1235,M,PhD,80,Arts,81,84,Assist,1,2881.0,1
13908,1235,M,PhD,80,Arts,81,85,Assist,1,3181.0,1
13909,1235,M,PhD,80,Arts,81,86,Assist,0,3293.0,1
13910,1235,M,PhD,80,Arts,81,87,Assist,0,3458.0,1
13911,1235,M,PhD,80,Arts,81,88,Assoc,0,3662.0,2
13912,1235,M,PhD,80,Arts,81,89,Assoc,0,3863.0,2
13913,1235,M,PhD,80,Arts,81,90,Assoc,0,3986.0,2
13914,1235,M,PhD,80,Arts,81,91,Assoc,0,4112.0,2
13915,1235,M,PhD,80,Arts,81,92,Assoc,1,4480.0,2
13916,1235,M,PhD,80,Arts,81,93,Assoc,1,4610.0,2
13917,1235,M,PhD,80,Arts,81,94,Assoc,0,4610.0,2
13918,1235,M,PhD,80,Arts,81,95,Assoc,0,4676.0,2
13919,1236,M,PhD,89,Other,93,93,Assist,0,4348.0,1
13920,1236,M,PhD,89,Other,93,94,Assist,0,4348.0,1
13921,1236,M,PhD,89,Other,93,95,Assist,0,4538.0,1
13923,1238,M,PhD,56,Other,60,76,Full,0,3061.0,3
13924,1238,M,PhD,56,Other,60,77,Full,0,3340.0,3
13925,1238,M,PhD,56,Other,60,78,Full,0,3537.5,3
13926,1238,M,PhD,56,Other,60,79,Full,0,3906.0,3
13927,1238,M,PhD,56,Other,60,80,Full,0,4222.0,3
13928,1238,M,PhD,56,Other,60,81,Full,0,4615.0,3
13929,1238,M,PhD,56,Other,60,82,Full,0,4749.0,3
13930,1238,M,PhD,56,Other,60,83,Full,0,5010.0,3
13931,1238,M,PhD,56,Other,60,84,Full,0,5427.0,3
13932,1238,M,PhD,56,Other,60,85,Full,0,5427.0,3
13933,1238,M,PhD,56,Other,60,86,Full,0,6002.0,3
13934,1238,M,PhD,56,Other,60,87,Full,0,6304.0,3
13935,1238,M,PhD,56,Other,60,88,Full,0,6304.0,3
13936,1238,M,PhD,56,Other,60,89,Full,0,6842.0,3
13937,1238,M,PhD,56,Other,60,90,Full,0,7162.0,3
13938,1238,M,PhD,56,Other,60,91,Full,0,7602.0,3
13939,1238,M,PhD,56,Other,60,92,Full,0,7712.0,3
13940,1238,M,PhD,56,Other,60,93,Full,0,7935.0,3
13941,1238,M,PhD,56,Other,60,94,Full,0,7935.0,3
13942,1238,M,PhD,56,Other,60,95,Full,0,8283.0,3
13943,1240,F,PhD,85,Arts,87,87,Assist,0,2418.0,1
13944,1240,F,PhD,85,Arts,87,88,Assist,0,2751.0,1
13945,1240,F,PhD,85,Arts,87,89,Assist,0,3162.0,1
13946,1240,F,PhD,85,Arts,87,90,Assist,0,3406.0,1
13947,1240,F,PhD,85,Arts,87,91,Assist,0,3667.0,1
13948,1240,F,PhD,85,Arts,87,92,Assist,0,3883.0,1
13949,1240,F,PhD,85,Arts,87,93,Assist,0,3996.0,1
13950,1240,F,PhD,85,Arts,87,94,Assoc,0,4112.0,2
13951,1240,F,PhD,85,Arts,87,95,Assoc,0,4353.0,2
13952,1241,M,PhD,82,Other,85,85,Assist,0,3000.0,1
13953,1241,M,PhD,82,Other,85,86,Assist,0,3110.0,1
13954,1241,M,PhD,82,Other,85,87,Assist,0,3266.0,1
13955,1241,M,PhD,82,Other,85,88,Assist,0,3508.0,1
13956,1241,M,PhD,82,Other,85,89,Assist,0,3863.0,1
13957,1241,M,PhD,82,Other,85,90,Assist,0,4160.0,1
13958,1241,M,PhD,82,Other,85,91,Assoc,0,4610.0,2
13959,1241,M,PhD,82,Other,85,92,Assoc,0,4951.0,2
13960,1241,M,PhD,82,Other,85,93,Assoc,0,5095.0,2
13961,1241,M,PhD,82,Other,85,94,Assoc,0,5095.0,2
13962,1241,M,PhD,82,Other,85,95,Full,0,5878.0,3
13963,1243,M,PhD,60,Other,63,76,Full,0,2267.0,3
13964,1243,M,PhD,60,Other,63,77,Full,0,2628.0,3
13965,1243,M,PhD,60,Other,63,78,Full,0,2757.0,3
13966,1243,M,PhD,60,Other,63,79,Full,0,3032.0,3
13967,1243,M,PhD,60,Other,63,80,Full,0,3202.0,3
13968,1243,M,PhD,60,Other,63,81,Full,0,3369.0,3
13969,1243,M,PhD,60,Other,63,82,Full,0,3403.03,3
13970,1243,M,PhD,60,Other,63,83,Full,0,3554.0,3
13971,1243,M,PhD,60,Other,63,84,Full,0,3688.0,3
13972,1243,M,PhD,60,Other,63,85,Full,0,3688.0,3
13973,1243,M,PhD,60,Other,63,86,Full,0,3799.0,3
13974,1243,M,PhD,60,Other,63,87,Full,0,3990.0,3
13975,1243,M,PhD,60,Other,63,88,Full,0,4047.0,3
13976,1243,M,PhD,60,Other,63,89,Full,0,4456.0,3
13977,1243,M,PhD,60,Other,63,90,Full,0,4598.0,3
13978,1243,M,PhD,60,Other,63,91,Full,0,4743.0,3
13979,1243,M,PhD,60,Other,63,92,Full,0,5022.0,3
13980,1243,M,PhD,60,Other,63,93,Full,0,5095.0,3
13981,1243,M,PhD,60,Other,63,94,Full,0,5095.0,3
13982,1243,M,PhD,60,Other,63,95,Full,0,5242.0,3
13983,1244,M,PhD,68,Other,91,91,Full,0,11182.0,3
13984,1244,M,PhD,68,Other,91,92,Full,0,11182.0,3
13985,1244,M,PhD,68,Other,91,93,Full,0,11507.0,3
13986,1244,M,PhD,68,Other,91,94,Full,0,11507.0,3
13987,1244,M,PhD,68,Other,91,95,Full,0,12011.0,3
13988,1245,M,PhD,73,Other,89,89,Full,0,5240.0,3
13989,1245,M,PhD,73,Other,89,90,Full,0,5473.0,3
13990,1245,M,PhD,73,Other,89,91,Full,0,5994.0,3
13991,1245,M,PhD,73,Other,89,92,Full,0,6237.0,3
13992,1245,M,PhD,73,Other,89,93,Full,0,6040.0,3
13993,1245,M,PhD,73,Other,89,94,Full,0,6040.0,3
13994,1245,M,PhD,73,Other,89,95,Full,0,7535.0,3
13995,1246,M,PhD,74,Prof,79,79,Assist,0,1671.0,1
13996,1246,M,PhD,74,Prof,79,80,Assist,0,1798.0,1
13997,1246,M,PhD,74,Prof,79,81,Assist,0,2070.0,1
13998,1246,M,PhD,74,Prof,79,82,Assist,0,2161.0,1
13999,1246,M,PhD,74,Prof,79,83,Assist,0,2595.0,1
14000,1246,M,PhD,74,Prof,79,84,Assist,0,2770.0,1
14001,1246,M,PhD,74,Prof,79,85,Assist,0,2770.0,1
14002,1246,M,PhD,74,Prof,79,86,Assoc,0,3487.0,2
14003,1246,M,PhD,74,Prof,79,87,Assoc,0,3662.0,2
14004,1246,M,PhD,74,Prof,79,88,Assoc,0,3768.0,2
14005,1246,M,PhD,74,Prof,79,89,Assoc,0,4330.0,2
14006,1246,M,PhD,74,Prof,79,90,Full,0,4664.0,3
14007,1246,M,PhD,74,Prof,79,91,Full,0,5022.0,3
14008,1246,M,PhD,74,Prof,79,92,Full,0,5318.0,3
14009,1246,M,PhD,74,Prof,79,93,Full,0,5528.0,3
14010,1246,M,PhD,74,Prof,79,94,Full,0,5528.0,3
14011,1246,M,PhD,74,Prof,79,95,Full,0,5878.0,3
14012,1247,M,PhD,81,Other,81,81,Assist,0,2460.0,1
14013,1247,M,PhD,81,Other,81,82,Assist,0,3275.0,1
14014,1247,M,PhD,81,Other,81,83,Assist,0,3710.0,1
14015,1247,M,PhD,81,Other,81,84,Assist,0,4077.0,1
14016,1247,M,PhD,81,Other,81,85,Assist,0,4077.0,1
14017,1247,M,PhD,81,Other,81,86,Assist,0,5278.0,1
14018,1247,M,PhD,81,Other,81,87,Assoc,0,6675.0,2
14019,1247,M,PhD,81,Other,81,88,Assoc,0,6675.0,2
14020,1247,M,PhD,81,Other,81,89,Assoc,1,7349.0,2
14021,1247,M,PhD,81,Other,81,90,Assoc,0,7804.0,2
14022,1247,M,PhD,81,Other,81,91,Assoc,1,8165.0,2
14023,1247,M,PhD,81,Other,81,92,Assoc,0,8523.0,2
14024,1247,M,PhD,81,Other,81,93,Assoc,0,8770.0,2
14025,1247,M,PhD,81,Other,81,94,Assoc,1,8770.0,2
14026,1247,M,PhD,81,Other,81,95,Assoc,1,9151.0,2
14027,1248,M,PhD,88,Other,88,88,Assist,0,3266.0,1
14028,1248,M,PhD,88,Other,88,89,Assist,0,3301.0,1
14029,1248,M,PhD,88,Other,88,90,Assist,0,3505.0,1
14030,1248,M,PhD,88,Other,88,91,Assist,0,3720.0,1
14031,1248,M,PhD,88,Other,88,92,Assist,0,3883.0,1
14032,1248,M,PhD,88,Other,88,93,Assoc,0,4231.0,2
14033,1248,M,PhD,88,Other,88,94,Assoc,0,4231.0,2
14034,1248,M,PhD,88,Other,88,95,Assoc,0,4676.0,2
14035,1249,F,PhD,86,Other,90,90,Assist,0,3658.0,1
14036,1249,F,PhD,86,Other,90,91,Assist,0,3828.0,1
14037,1249,F,PhD,86,Other,90,92,Assist,0,3939.0,1
14038,1249,F,PhD,86,Other,90,93,Assist,0,4053.0,1
14039,1249,F,PhD,86,Other,90,94,Assist,0,4053.0,1
14040,1249,F,PhD,86,Other,90,95,Assist,0,4171.0,1
14041,1250,F,PhD,93,Arts,93,93,Assist,0,3564.0,1
14042,1250,F,PhD,93,Arts,93,94,Assist,0,3564.0,1
14043,1250,F,PhD,93,Arts,93,95,Assist,0,3828.0,1
14044,1251,M,PhD,69,Arts,68,76,Assoc,0,1652.0,2
14045,1251,M,PhD,69,Arts,68,77,Assoc,0,1904.0,2
14046,1251,M,PhD,69,Arts,68,78,Assoc,0,2019.0,2
14047,1251,M,PhD,69,Arts,68,79,Assoc,0,2243.0,2
14048,1251,M,PhD,69,Arts,68,80,Assoc,0,2420.0,2
14049,1251,M,PhD,69,Arts,68,81,Assoc,0,2642.0,2
14050,1251,M,PhD,69,Arts,68,82,Assoc,0,2719.0,2
14051,1251,M,PhD,69,Arts,68,83,Assoc,0,2869.0,2
14052,1251,M,PhD,69,Arts,68,84,Assoc,0,3107.0,2
14053,1251,M,PhD,69,Arts,68,85,Assoc,0,3107.0,2
14054,1251,M,PhD,69,Arts,68,86,Assoc,0,3200.0,2
14055,1251,M,PhD,69,Arts,68,87,Assoc,0,3361.0,2
14056,1251,M,PhD,69,Arts,68,88,Assoc,0,3458.0,2
14057,1251,M,PhD,69,Arts,68,89,Assoc,0,3754.0,2
14058,1251,M,PhD,69,Arts,68,90,Assoc,0,3929.0,2
14059,1251,M,PhD,69,Arts,68,91,Assoc,0,4171.0,2
14060,1251,M,PhD,69,Arts,68,92,Assoc,0,4292.0,2
14061,1251,M,PhD,69,Arts,68,93,Assoc,0,4353.0,2
14062,1251,M,PhD,69,Arts,68,94,Assoc,0,4353.0,2
14063,1251,M,PhD,69,Arts,68,95,Assoc,0,4610.0,2
14064,1252,M,PhD,68,Other,76,76,Assist,0,1592.0,1
14065,1252,M,PhD,68,Other,76,77,Assist,0,1791.0,1
14066,1252,M,PhD,68,Other,76,79,Assist,0,2161.0,1
14067,1252,M,PhD,68,Other,76,80,Assoc,0,2420.0,2
14068,1252,M,PhD,68,Other,76,81,Assoc,0,2758.0,2
14069,1252,M,PhD,68,Other,76,82,Assoc,0,2907.576,2
14070,1252,M,PhD,68,Other,76,83,Assoc,0,3125.0,2
14071,1252,M,PhD,68,Other,76,84,Assoc,0,3484.0,2
14072,1252,M,PhD,68,Other,76,85,Assoc,0,3484.0,2
14073,1252,M,PhD,68,Other,76,86,Full,0,4199.0,3
14074,1252,M,PhD,68,Other,76,87,Full,0,4410.0,3
14075,1252,M,PhD,68,Other,76,88,Full,0,4473.0,3
14076,1252,M,PhD,68,Other,76,89,Full,0,4762.687,3
14077,1252,M,PhD,68,Other,76,90,Full,0,4939.0,3
14078,1252,M,PhD,68,Other,76,91,Full,0,5168.0,3
14079,1252,M,PhD,68,Other,76,92,Full,0,5472.0,3
14080,1252,M,PhD,68,Other,76,93,Full,0,5631.0,3
14081,1252,M,PhD,68,Other,76,94,Full,0,5631.0,3
14082,1252,M,PhD,68,Other,76,95,Full,0,5878.0,3
14083,1253,F,PhD,67,Arts,73,76,Assist,0,1352.0,1
14084,1253,F,PhD,67,Arts,73,77,Assist,0,1501.0,1
14085,1253,F,PhD,67,Arts,73,78,Assist,0,1572.0,1
14086,1253,F,PhD,67,Arts,73,79,Assist,0,1764.0,1
14087,1253,F,PhD,67,Arts,73,80,Assist,0,1875.0,1
14088,1253,F,PhD,67,Arts,73,81,Assist,0,2102.0,1
14089,1253,F,PhD,67,Arts,73,82,Assoc,0,2225.0,2
14090,1253,F,PhD,67,Arts,73,83,Assoc,0,2583.333,2
14091,1253,F,PhD,67,Arts,73,84,Assoc,0,2770.0,2
14092,1253,F,PhD,67,Arts,73,85,Assoc,0,2770.0,2
14093,1253,F,PhD,67,Arts,73,86,Assoc,0,3066.0,2
14094,1253,F,PhD,67,Arts,73,87,Assoc,0,3220.0,2
14095,1253,F,PhD,67,Arts,73,88,Assoc,0,3458.0,2
14096,1253,F,PhD,67,Arts,73,89,Assoc,0,3754.0,2
14097,1253,F,PhD,67,Arts,73,90,Assoc,0,3986.0,2
14098,1253,F,PhD,67,Arts,73,91,Assoc,0,4292.0,2
14099,1253,F,PhD,67,Arts,73,92,Assoc,0,4353.0,2
14100,1253,F,PhD,67,Arts,73,93,Assoc,0,4480.0,2
14101,1253,F,PhD,67,Arts,73,94,Assoc,0,4480.0,2
14102,1253,F,PhD,67,Arts,73,95,Assoc,0,4610.0,2
14103,1254,M,PhD,85,Other,85,85,Assist,0,2401.0,1
14104,1254,M,PhD,85,Other,85,86,Assist,0,3155.0,1
14105,1254,M,PhD,85,Other,85,87,Assist,0,3313.0,1
14106,1254,M,PhD,85,Other,85,88,Assist,0,3458.0,1
14107,1254,M,PhD,85,Other,85,89,Assist,0,3808.0,1
14108,1254,M,PhD,85,Other,85,90,Assist,0,3986.0,1
14109,1254,M,PhD,85,Other,85,91,Assist,0,4171.0,1
14110,1254,M,PhD,85,Other,85,92,Assist,0,4292.0,1
14111,1254,M,PhD,85,Other,85,93,Assoc,0,4544.0,2
14112,1254,M,PhD,85,Other,85,94,Assoc,0,4544.0,2
14113,1254,M,PhD,85,Other,85,95,Assoc,0,4743.0,2
14114,1255,F,PhD,83,Other,93,93,Assoc,0,5022.0,2
14115,1255,F,PhD,83,Other,93,94,Assoc,0,5022.0,2
14116,1255,F,PhD,83,Other,93,95,Assoc,0,5168.0,2
14117,1257,M,PhD,79,Other,83,83,Assist,0,2633.0,1
14118,1257,M,PhD,79,Other,83,84,Assist,0,2892.0,1
14119,1257,M,PhD,79,Other,83,85,Assist,0,2892.0,1
14120,1257,M,PhD,79,Other,83,86,Assist,0,3341.0,1
14121,1257,M,PhD,79,Other,83,87,Assist,0,3508.0,1
14122,1257,M,PhD,79,Other,83,88,Assist,0,3662.0,1
14123,1257,M,PhD,79,Other,83,89,Assoc,0,4149.0,2
14124,1257,M,PhD,79,Other,83,90,Assoc,0,4598.0,2
14125,1257,M,PhD,79,Other,83,91,Assoc,0,4881.0,2
14126,1257,M,PhD,79,Other,83,92,Assoc,0,5095.0,2
14127,1257,M,PhD,79,Other,83,93,Full,0,5472.0,3
14128,1257,M,PhD,79,Other,83,94,Full,0,5472.0,3
14129,1257,M,PhD,79,Other,83,95,Full,0,5631.0,3
14130,1258,M,PhD,91,Prof,94,94,Assist,0,3828.0,1
14131,1258,M,PhD,91,Prof,94,95,Assist,0,4165.0,1
14132,1259,M,PhD,80,Prof,82,82,Assist,0,3048.0,1
14133,1259,M,PhD,80,Prof,82,83,Assist,0,3605.0,1
14134,1259,M,PhD,80,Prof,82,84,Assist,0,3906.0,1
14135,1259,M,PhD,80,Prof,82,85,Assist,0,3906.0,1
14136,1259,M,PhD,80,Prof,82,86,Assist,0,4641.0,1
14137,1259,M,PhD,80,Prof,82,87,Assist,0,4874.0,1
14138,1259,M,PhD,80,Prof,82,88,Assoc,0,5387.0,2
14139,1259,M,PhD,80,Prof,82,89,Assoc,0,5763.0,2
14140,1259,M,PhD,80,Prof,82,90,Assoc,0,6764.0,2
14141,1259,M,PhD,80,Prof,82,91,Assoc,0,7283.0,2
14142,1259,M,PhD,80,Prof,82,92,Full,0,8165.0,3
14143,1259,M,PhD,80,Prof,82,93,Full,0,8402.0,3
14144,1259,M,PhD,80,Prof,82,94,Full,0,8402.0,3
14145,1259,M,PhD,80,Prof,82,95,Full,1,9833.0,3
14146,1260,F,PhD,79,Other,92,92,Assoc,0,4604.0,2
14147,1260,F,PhD,79,Other,92,93,Assoc,0,4737.0,2
14148,1260,F,PhD,79,Other,92,94,Assoc,0,4737.0,2
14149,1260,F,PhD,79,Other,92,95,Assoc,0,4875.0,2
14150,1261,M,PhD,71,Other,70,76,Assoc,0,2278.0,2
14151,1261,M,PhD,71,Other,70,77,Assoc,0,2571.0,2
14152,1261,M,PhD,71,Other,70,78,Full,1,2569.0,3
14153,1261,M,PhD,71,Other,70,79,Full,1,2954.0,3
14154,1261,M,PhD,71,Other,70,80,Full,1,3287.0,3
14155,1261,M,PhD,71,Other,70,81,Full,1,3882.0,3
14156,1261,M,PhD,71,Other,70,82,Full,0,4530.303,3
14157,1261,M,PhD,71,Other,70,83,Full,1,4659.0,3
14158,1261,M,PhD,71,Other,70,84,Full,1,5746.0,3
14159,1261,M,PhD,71,Other,70,85,Full,1,5746.0,3
14160,1261,M,PhD,71,Other,70,86,Full,0,6634.0,3
14161,1261,M,PhD,71,Other,70,87,Full,0,6967.0,3
14162,1261,M,PhD,71,Other,70,88,Full,0,7169.0,3
14163,1261,M,PhD,71,Other,70,89,Full,0,7781.0,3
14164,1261,M,PhD,71,Other,70,90,Full,0,8381.0,3
14165,1261,M,PhD,71,Other,70,91,Full,0,9286.0,3
14166,1261,M,PhD,71,Other,70,92,Full,0,9693.0,3
14167,1261,M,PhD,71,Other,70,93,Full,1,9974.0,3
14168,1261,M,PhD,71,Other,70,94,Full,0,9974.0,3
14169,1261,M,PhD,71,Other,70,95,Full,1,10855.0,3
14170,1262,F,PhD,76,Arts,87,87,Assist,0,3458.0,1
14171,1262,F,PhD,76,Arts,87,88,Assist,0,3458.0,1
14172,1262,F,PhD,76,Arts,87,89,Assist,0,3648.0,1
14173,1262,F,PhD,76,Arts,87,90,Assist,0,3764.0,1
14174,1262,F,PhD,76,Arts,87,91,Assist,0,3996.0,1
14175,1262,F,PhD,76,Arts,87,92,Assist,0,4053.0,1
14176,1262,F,PhD,76,Arts,87,93,Assist,0,4171.0,1
14177,1262,F,PhD,76,Arts,87,94,Assoc,0,4292.0,2
14178,1262,F,PhD,76,Arts,87,95,Assoc,0,4544.0,2
14179,1263,M,PhD,74,Other,74,76,Assist,0,1592.0,1
14180,1263,M,PhD,74,Other,74,77,Assist,0,1828.0,1
14181,1263,M,PhD,74,Other,74,78,Assist,0,1904.0,1
14182,1263,M,PhD,74,Other,74,79,Assist,0,2120.0,1
14183,1263,M,PhD,74,Other,74,80,Assist,0,2290.0,1
14184,1263,M,PhD,74,Other,74,81,Assoc,0,2496.0,2
14185,1263,M,PhD,74,Other,74,82,Assoc,0,2496.0,2
14186,1263,M,PhD,74,Other,74,83,Assoc,0,2633.0,2
14187,1263,M,PhD,74,Other,74,84,Assoc,0,2892.0,2
14188,1263,M,PhD,74,Other,74,85,Assoc,0,2892.0,2
14189,1263,M,PhD,74,Other,74,86,Assoc,0,3341.0,2
14190,1263,M,PhD,74,Other,74,87,Assoc,1,3715.0,2
14191,1263,M,PhD,74,Other,74,88,Full,0,3877.333,3
14192,1263,M,PhD,74,Other,74,89,Full,0,4456.0,3
14193,1263,M,PhD,74,Other,74,90,Full,0,4731.0,3
14194,1263,M,PhD,74,Other,74,91,Full,0,4951.0,3
14195,1263,M,PhD,74,Other,74,92,Full,0,5168.0,3
14196,1263,M,PhD,74,Other,74,93,Full,1,6135.0,3
14197,1263,M,PhD,74,Other,74,94,Full,1,5631.0,3
14198,1263,M,PhD,74,Other,74,95,Full,1,6496.0,3
14199,1264,M,PhD,75,Prof,89,89,Assoc,0,6016.0,2
14200,1264,M,PhD,75,Prof,89,90,Assoc,0,6120.0,2
14201,1264,M,PhD,75,Prof,89,91,Assoc,0,6223.0,2
14202,1264,M,PhD,75,Prof,89,92,Assoc,0,6496.0,2
14203,1264,M,PhD,75,Prof,89,93,Assoc,0,6781.0,2
14204,1264,M,PhD,75,Prof,89,94,Assoc,0,6781.0,2
14205,1264,M,PhD,75,Prof,89,95,Assoc,0,6977.0,2
14206,1265,F,PhD,88,Other,91,91,Assist,0,3663.0,1
14207,1265,F,PhD,88,Other,91,92,Assist,0,3663.0,1
14208,1265,F,PhD,88,Other,91,93,Assist,0,3769.0,1
14209,1265,F,PhD,88,Other,91,94,Assist,0,3769.0,1
14210,1265,F,PhD,88,Other,91,95,Assist,0,4165.0,1
14211,1266,M,PhD,81,Other,83,83,Assist,0,2496.0,1
14212,1266,M,PhD,81,Other,83,84,Assist,0,2655.0,1
14213,1266,M,PhD,81,Other,83,85,Assist,0,2655.0,1
14214,1266,M,PhD,81,Other,83,86,Assist,0,2735.0,1
14215,1266,M,PhD,81,Other,83,87,Assist,0,2872.0,1
14216,1266,M,PhD,81,Other,83,88,Assist,0,3041.0,1
14217,1266,M,PhD,81,Other,83,89,Assoc,0,3596.0,2
14218,1266,M,PhD,81,Other,83,90,Assoc,0,3658.0,2
14219,1266,M,PhD,81,Other,83,91,Assoc,0,3883.0,2
14220,1266,M,PhD,81,Other,83,92,Assoc,0,3996.0,2
14221,1266,M,PhD,81,Other,83,93,Assoc,0,4112.0,2
14222,1266,M,PhD,81,Other,83,94,Full,0,4676.0,3
14223,1266,M,PhD,81,Other,83,95,Full,0,4951.0,3
14224,1267,M,PhD,93,Other,93,93,Assist,0,6404.0,1
14225,1267,M,PhD,93,Other,93,94,Assist,0,6404.0,1
14226,1267,M,PhD,93,Other,93,95,Assist,0,6527.0,1
14227,1268,M,PhD,63,Other,70,76,Full,0,2806.0,3
14228,1268,M,PhD,63,Other,70,77,Full,0,3239.0,3
14229,1268,M,PhD,63,Other,70,78,Full,0,3482.0,3
14230,1268,M,PhD,63,Other,70,79,Full,0,3777.0,3
14231,1268,M,PhD,63,Other,70,80,Full,0,4001.0,3
14232,1268,M,PhD,63,Other,70,81,Full,0,4381.0,3
14233,1268,M,PhD,63,Other,70,82,Full,0,3966.0,3
14234,1268,M,PhD,63,Other,70,83,Full,0,4403.0,3
14235,1268,M,PhD,63,Other,70,84,Full,0,4841.0,3
14236,1268,M,PhD,63,Other,70,85,Full,0,4841.0,3
14237,1268,M,PhD,63,Other,70,86,Full,1,5431.0,3
14238,1268,M,PhD,63,Other,70,87,Full,1,5703.0,3
14239,1268,M,PhD,63,Other,70,88,Full,1,5786.0,3
14240,1268,M,PhD,63,Other,70,89,Full,1,6190.0,3
14241,1268,M,PhD,63,Other,70,90,Full,1,6480.0,3
14242,1268,M,PhD,63,Other,70,91,Full,1,6781.0,3
14243,1268,M,PhD,63,Other,70,92,Full,1,6977.0,3
14244,1268,M,PhD,63,Other,70,93,Full,1,7180.0,3
14245,1268,M,PhD,63,Other,70,94,Full,1,7180.0,3
14246,1268,M,PhD,63,Other,70,95,Full,1,7180.0,3
14247,1269,M,PhD,63,Other,67,76,Full,0,2410.0,3
14248,1269,M,PhD,63,Other,67,77,Full,0,2670.0,3
14249,1269,M,PhD,63,Other,67,78,Full,0,2800.0,3
14250,1269,M,PhD,63,Other,67,79,Full,0,3125.0,3
14251,1269,M,PhD,63,Other,67,80,Full,0,3348.0,3
14252,1269,M,PhD,63,Other,67,81,Full,0,3671.0,3
14253,1269,M,PhD,63,Other,67,82,Full,0,3462.0,3
14254,1269,M,PhD,63,Other,67,83,Full,0,4041.0,3
14255,1269,M,PhD,63,Other,67,84,Full,0,4505.0,3
14256,1269,M,PhD,63,Other,67,85,Full,0,4505.0,3
14257,1269,M,PhD,63,Other,67,86,Full,0,5056.0,3
14258,1269,M,PhD,63,Other,67,87,Full,1,5703.0,3
14259,1269,M,PhD,63,Other,67,88,Full,1,6039.0,3
14260,1269,M,PhD,63,Other,67,89,Full,0,6555.0,3
14261,1269,M,PhD,63,Other,67,90,Full,0,6960.0,3
14262,1269,M,PhD,63,Other,67,91,Full,0,7283.0,3
14263,1269,M,PhD,63,Other,67,92,Full,0,7494.0,3
14264,1269,M,PhD,63,Other,67,93,Full,0,7602.0,3
14265,1269,M,PhD,63,Other,67,94,Full,0,7602.0,3
14266,1269,M,PhD,63,Other,67,95,Full,0,7823.0,3
14267,1270,M,PhD,69,Arts,66,76,Assist,0,1623.0,1
14268,1270,M,PhD,69,Arts,66,77,Assoc,0,1791.0,2
14269,1270,M,PhD,69,Arts,66,78,Assoc,0,1866.667,2
14270,1270,M,PhD,69,Arts,66,79,Assoc,0,2039.0,2
14271,1270,M,PhD,69,Arts,66,80,Assoc,0,2162.0,2
14272,1270,M,PhD,69,Arts,66,81,Assoc,0,2258.0,2
14273,1270,M,PhD,69,Arts,66,82,Assoc,0,2258.0,2
14274,1270,M,PhD,69,Arts,66,83,Assoc,0,2487.0,2
14275,1270,M,PhD,69,Arts,66,84,Assoc,0,2732.0,2
14276,1270,M,PhD,69,Arts,66,85,Assoc,0,2732.0,2
14277,1270,M,PhD,69,Arts,66,86,Assoc,0,3022.0,2
14278,1270,M,PhD,69,Arts,66,87,Assoc,0,3174.0,2
14279,1270,M,PhD,69,Arts,66,88,Assoc,0,3266.0,2
14280,1270,M,PhD,69,Arts,66,89,Assoc,0,3596.0,2
14281,1270,M,PhD,69,Arts,66,90,Assoc,0,3658.0,2
14282,1270,M,PhD,69,Arts,66,91,Assoc,0,4053.0,2
14283,1270,M,PhD,69,Arts,66,92,Assoc,0,4171.0,2
14284,1270,M,PhD,69,Arts,66,93,Assoc,0,4171.0,2
14285,1270,M,PhD,69,Arts,66,94,Assoc,0,4171.0,2
14286,1270,M,PhD,69,Arts,66,95,Assoc,0,4292.0,2
14287,1271,M,PhD,74,Arts,72,76,Assist,0,1472.0,1
14288,1271,M,PhD,74,Arts,72,77,Assist,0,1608.0,1
14289,1271,M,PhD,74,Arts,72,78,Assist,0,1680.0,1
14290,1271,M,PhD,74,Arts,72,79,Assist,0,1842.0,1
14291,1271,M,PhD,74,Arts,72,80,Assoc,0,2078.667,2
14292,1271,M,PhD,74,Arts,72,81,Assoc,0,2323.0,2
14293,1271,M,PhD,74,Arts,72,82,Assoc,0,2460.0,2
14294,1271,M,PhD,74,Arts,72,83,Assoc,0,2595.0,2
14295,1271,M,PhD,74,Arts,72,84,Assoc,0,2892.0,2
14296,1271,M,PhD,74,Arts,72,85,Assoc,0,2892.0,2
14297,1271,M,PhD,74,Arts,72,86,Assoc,0,3200.0,2
14298,1271,M,PhD,74,Arts,72,87,Assoc,0,3361.0,2
14299,1271,M,PhD,74,Arts,72,88,Assoc,0,3458.0,2
14300,1271,M,PhD,74,Arts,72,89,Assoc,0,3700.0,2
14301,1271,M,PhD,74,Arts,72,90,Assoc,0,4101.333,2
14302,1271,M,PhD,74,Arts,72,91,Assoc,0,4416.0,2
14303,1271,M,PhD,74,Arts,72,92,Assoc,0,4610.0,2
14304,1271,M,PhD,74,Arts,72,93,Assoc,0,4743.0,2
14305,1271,M,PhD,74,Arts,72,94,Assoc,0,4743.0,2
14306,1271,M,PhD,74,Arts,72,95,Assoc,0,4881.0,2
14307,1272,F,PhD,73,Other,73,76,Assist,0,1576.0,1
14308,1272,F,PhD,73,Other,73,77,Assist,0,1734.0,1
14309,1272,F,PhD,73,Other,73,78,Assist,0,1825.0,1
14310,1272,F,PhD,73,Other,73,79,Assist,0,2059.0,1
14311,1272,F,PhD,73,Other,73,80,Assoc,0,2258.0,2
14312,1272,F,PhD,73,Other,73,81,Assoc,0,2457.0,2
14313,1272,F,PhD,73,Other,73,82,Assoc,0,2528.0,2
14314,1272,F,PhD,73,Other,73,83,Assoc,0,2668.0,2
14315,1272,F,PhD,73,Other,73,84,Assoc,0,2889.0,2
14316,1272,F,PhD,73,Other,73,85,Assoc,0,2889.0,2
14317,1272,F,PhD,73,Other,73,86,Assoc,0,3433.0,2
14318,1272,F,PhD,73,Other,73,87,Full,0,3711.0,3
14319,1272,F,PhD,73,Other,73,88,Full,0,3818.0,3
14320,1272,F,PhD,73,Other,73,89,Full,0,4085.0,3
14321,1272,F,PhD,73,Other,73,90,Full,0,4276.0,3
14322,1272,F,PhD,73,Other,73,91,Full,0,4474.0,3
14323,1272,F,PhD,73,Other,73,92,Full,0,4737.0,3
14324,1272,F,PhD,73,Other,73,93,Full,0,4875.0,3
14325,1272,F,PhD,73,Other,73,94,Full,0,4875.0,3
14326,1272,F,PhD,73,Other,73,95,Full,0,5162.0,3
14327,1274,M,PhD,91,Other,90,90,Assist,0,3873.0,1
14328,1274,M,PhD,91,Other,90,91,Assist,0,3939.0,1
14329,1274,M,PhD,91,Other,90,92,Assist,0,4112.0,1
14330,1274,M,PhD,91,Other,90,93,Assist,0,4231.0,1
14331,1274,M,PhD,91,Other,90,94,Assist,0,4231.0,1
14332,1274,M,PhD,91,Other,90,95,Assist,0,4353.0,1
14333,1275,F,PhD,86,Other,89,89,Assist,0,3596.0,1
14334,1275,F,PhD,86,Other,89,90,Assist,0,3658.0,1
14335,1275,F,PhD,86,Other,89,91,Assist,0,3883.0,1
14336,1275,F,PhD,86,Other,89,92,Assist,0,4053.0,1
14337,1275,F,PhD,86,Other,89,93,Assist,0,4112.0,1
14338,1275,F,PhD,86,Other,89,94,Assist,0,4112.0,1
14339,1275,F,PhD,86,Other,89,95,Assoc,0,4881.0,2
14340,1276,M,PhD,83,Prof,88,88,Assist,0,4603.0,1
14341,1276,M,PhD,83,Prof,88,89,Assist,0,4786.0,1
14342,1276,M,PhD,83,Prof,88,90,Assist,0,5305.0,1
14343,1276,M,PhD,83,Prof,88,91,Assist,0,5712.0,1
14344,1276,M,PhD,83,Prof,88,92,Assoc,0,6048.0,2
14345,1276,M,PhD,83,Prof,88,93,Assoc,0,6313.0,2
14346,1276,M,PhD,83,Prof,88,94,Assoc,0,6313.0,2
14347,1276,M,PhD,83,Prof,88,95,Assoc,0,6496.0,2
14348,1277,M,PhD,66,Other,69,76,Assoc,0,2428.0,2
14349,1277,M,PhD,66,Other,69,77,Assoc,0,2633.0,2
14350,1277,M,PhD,66,Other,69,78,Full,0,2830.0,3
14351,1277,M,PhD,66,Other,69,79,Full,0,3145.0,3
14352,1277,M,PhD,66,Other,69,80,Full,0,3390.0,3
14353,1277,M,PhD,66,Other,69,81,Full,1,3512.0,3
14354,1277,M,PhD,66,Other,69,82,Full,1,3773.0,3
14355,1277,M,PhD,66,Other,69,83,Full,1,4463.0,3
14356,1277,M,PhD,66,Other,69,84,Full,1,5427.0,3
14357,1277,M,PhD,66,Other,69,85,Full,1,5427.0,3
14358,1277,M,PhD,66,Other,69,86,Full,1,7612.0,3
14359,1277,M,PhD,66,Other,69,87,Full,1,7980.0,3
14360,1277,M,PhD,66,Other,69,88,Full,1,8433.0,3
14361,1277,M,PhD,66,Other,69,89,Full,1,8977.0,3
14362,1277,M,PhD,66,Other,69,90,Full,1,9669.0,3
14363,1277,M,PhD,66,Other,69,91,Full,1,10561.0,3
14364,1277,M,PhD,66,Other,69,92,Full,1,11182.0,3
14365,1277,M,PhD,66,Other,69,93,Full,1,11672.0,3
14366,1277,M,PhD,66,Other,69,94,Full,1,11672.0,3
14367,1277,M,PhD,66,Other,69,95,Full,1,12214.0,3
14368,1278,M,PhD,60,Other,65,76,Full,0,3135.821,3
14369,1278,M,PhD,60,Other,65,77,Full,0,3387.0,3
14370,1278,M,PhD,60,Other,65,78,Full,0,3528.0,3
14371,1278,M,PhD,60,Other,65,79,Full,0,3906.0,3
14372,1278,M,PhD,60,Other,65,80,Full,0,4169.0,3
14373,1278,M,PhD,60,Other,65,81,Full,0,4548.0,3
14374,1278,M,PhD,60,Other,65,82,Full,0,4548.0,3
14375,1278,M,PhD,60,Other,65,83,Full,0,4798.0,3
14376,1278,M,PhD,60,Other,65,84,Full,0,5052.0,3
14377,1278,M,PhD,60,Other,65,85,Full,0,5052.0,3
14378,1278,M,PhD,60,Other,65,86,Full,0,5509.0,3
14379,1278,M,PhD,60,Other,65,87,Full,0,5786.0,3
14380,1278,M,PhD,60,Other,65,88,Full,0,5953.0,3
14381,1278,M,PhD,60,Other,65,89,Full,0,6370.0,3
14382,1278,M,PhD,60,Other,65,90,Full,0,6573.0,3
14383,1278,M,PhD,60,Other,65,91,Full,0,7078.0,3
14384,1278,M,PhD,60,Other,65,92,Full,0,7283.0,3
14385,1278,M,PhD,60,Other,65,93,Full,0,7494.0,3
14386,1278,M,PhD,60,Other,65,94,Full,0,7494.0,3
14387,1278,M,PhD,60,Other,65,95,Full,0,7712.0,3
14388,1279,M,PhD,69,Arts,71,76,Assoc,0,2234.483,2
14389,1279,M,PhD,69,Arts,71,77,Assoc,0,2337.0,2
14390,1279,M,PhD,69,Arts,71,78,Assoc,0,2419.0,2
14391,1279,M,PhD,69,Arts,71,79,Assoc,0,2715.0,2
14392,1279,M,PhD,69,Arts,71,81,Full,0,3228.0,3
14393,1279,M,PhD,69,Arts,71,82,Full,0,3322.0,3
14394,1279,M,PhD,69,Arts,71,83,Full,0,3505.0,3
14395,1279,M,PhD,69,Arts,71,84,Full,0,3688.0,3
14396,1279,M,PhD,69,Arts,71,85,Full,0,3688.0,3
14397,1279,M,PhD,69,Arts,71,86,Full,0,4510.0,3
14398,1279,M,PhD,69,Arts,71,87,Full,0,4736.0,3
14399,1279,M,PhD,69,Arts,71,88,Full,0,4874.0,3
14400,1279,M,PhD,69,Arts,71,89,Full,0,5215.0,3
14401,1279,M,PhD,69,Arts,71,90,Full,0,5537.0,3
14402,1279,M,PhD,69,Arts,71,91,Full,0,5878.0,3
14403,1279,M,PhD,69,Arts,71,92,Full,0,6048.0,3
14404,1279,M,PhD,69,Arts,71,93,Full,0,6223.0,3
14405,1279,M,PhD,69,Arts,71,94,Full,0,6223.0,3
14406,1279,M,PhD,69,Arts,71,95,Full,0,6404.0,3
14407,1280,M,PhD,87,Other,84,84,Assist,0,3985.0,1
14408,1280,M,PhD,87,Other,84,85,Assist,0,3985.0,1
14409,1280,M,PhD,87,Other,84,86,Assist,0,4105.0,1
14410,1280,M,PhD,87,Other,84,87,Assist,0,4310.0,1
14411,1280,M,PhD,87,Other,84,88,Assist,0,4310.0,1
14412,1280,M,PhD,87,Other,84,89,Assist,0,4482.0,1
14413,1280,M,PhD,87,Other,84,90,Assist,0,4869.0,1
14414,1280,M,PhD,87,Other,84,91,Assist,0,5631.0,1
14415,1280,M,PhD,87,Other,84,92,Assist,0,6048.0,1
14416,1280,M,PhD,87,Other,84,93,Assoc,0,6684.0,2
14417,1280,M,PhD,87,Other,84,94,Assoc,0,6684.0,2
14418,1280,M,PhD,87,Other,84,95,Assoc,0,6975.0,2
14419,1281,M,PhD,92,Prof,93,93,Assist,0,5168.0,1
14420,1281,M,PhD,92,Prof,93,94,Assist,0,5168.0,1
14421,1281,M,PhD,92,Prof,93,95,Assist,0,5318.0,1
14423,1283,M,PhD,59,Arts,65,76,Full,0,2196.0,3
14424,1283,M,PhD,59,Arts,65,77,Full,0,2502.0,3
14425,1283,M,PhD,59,Arts,65,78,Full,0,2671.0,3
14426,1283,M,PhD,59,Arts,65,79,Full,0,2940.0,3
14427,1283,M,PhD,59,Arts,65,80,Full,0,3202.0,3
14428,1283,M,PhD,59,Arts,65,81,Full,0,3467.0,3
14429,1283,M,PhD,59,Arts,65,82,Full,0,3619.0,3
14430,1283,M,PhD,59,Arts,65,83,Full,0,3818.0,3
14431,1283,M,PhD,59,Arts,65,84,Full,0,4077.0,3
14432,1283,M,PhD,59,Arts,65,85,Full,0,4077.0,3
14433,1283,M,PhD,59,Arts,65,86,Full,1,4510.0,3
14434,1283,M,PhD,59,Arts,65,87,Full,0,4736.0,3
14435,1283,M,PhD,59,Arts,65,88,Full,0,5015.0,3
14436,1283,M,PhD,59,Arts,65,89,Full,0,5522.0,3
14437,1283,M,PhD,59,Arts,65,90,Full,0,5863.0,3
14438,1283,M,PhD,59,Arts,65,91,Full,0,6223.0,3
14439,1283,M,PhD,59,Arts,65,92,Full,0,6404.0,3
14440,1283,M,PhD,59,Arts,65,93,Full,0,6781.0,3
14441,1283,M,PhD,59,Arts,65,94,Full,0,6781.0,3
14442,1283,M,PhD,59,Arts,65,95,Full,0,6878.0,3
14443,1284,F,PhD,90,Prof,93,93,Assist,0,4171.0,1
14444,1284,F,PhD,90,Prof,93,94,Assist,0,4171.0,1
14445,1284,F,PhD,90,Prof,93,95,Assist,0,4353.0,1
14446,1285,M,PhD,62,Other,76,76,Assist,0,1683.0,1
14447,1285,M,PhD,62,Other,76,77,Assist,0,1828.0,1
14448,1285,M,PhD,62,Other,76,78,Assist,0,1904.0,1
14449,1285,M,PhD,62,Other,76,79,Assist,0,2161.0,1
14450,1285,M,PhD,62,Other,76,80,Assist,0,2333.0,1
14451,1285,M,PhD,62,Other,76,81,Assoc,0,2605.0,2
14452,1285,M,PhD,62,Other,76,82,Assoc,0,2719.0,2
14453,1285,M,PhD,62,Other,76,83,Assoc,0,3156.061,2
14454,1285,M,PhD,62,Other,76,84,Assoc,0,3386.0,2
14455,1285,M,PhD,62,Other,76,85,Assoc,0,3386.0,2
14456,1285,M,PhD,62,Other,76,86,Assoc,0,3745.0,2
14457,1285,M,PhD,62,Other,76,87,Full,0,4047.0,3
14458,1285,M,PhD,62,Other,76,88,Full,0,4165.0,3
14459,1285,M,PhD,62,Other,76,89,Full,0,4497.015,3
14460,1285,M,PhD,62,Other,76,90,Full,0,4731.0,3
14461,1285,M,PhD,62,Other,76,91,Full,0,4951.0,3
14462,1285,M,PhD,62,Other,76,92,Full,0,5242.0,3
14463,1285,M,PhD,62,Other,76,93,Full,0,5394.0,3
14464,1285,M,PhD,62,Other,76,94,Full,0,5394.0,3
14465,1285,M,PhD,62,Other,76,95,Full,0,5712.0,3
14466,1286,F,PhD,92,Other,91,91,Assist,0,3774.0,1
14467,1286,F,PhD,92,Other,91,92,Assist,0,3774.0,1
14468,1286,F,PhD,92,Other,91,93,Assist,0,3883.0,1
14469,1286,F,PhD,92,Other,91,94,Assist,0,3883.0,1
14470,1286,F,PhD,92,Other,91,95,Assist,0,4231.0,1
14471,1287,F,PhD,89,Other,91,91,Assist,0,3939.0,1
14472,1287,F,PhD,89,Other,91,92,Assist,0,3939.0,1
14473,1287,F,PhD,89,Other,91,93,Assist,0,4112.0,1
14474,1287,F,PhD,89,Other,91,94,Assist,0,4112.0,1
14475,1287,F,PhD,89,Other,91,95,Assist,0,4416.0,1
14476,1288,M,PhD,70,Other,73,76,Assist,1,1972.0,1
14477,1288,M,PhD,70,Other,73,77,Assoc,1,2068.0,2
14478,1288,M,PhD,70,Other,73,78,Assoc,1,2180.0,2
14479,1288,M,PhD,70,Other,73,79,Assoc,1,2409.0,2
14480,1288,M,PhD,70,Other,73,80,Assoc,1,2590.0,2
14481,1288,M,PhD,70,Other,73,81,Assoc,1,2834.0,2
14482,1288,M,PhD,70,Other,73,82,Full,1,3002.0,3
14483,1288,M,PhD,70,Other,73,83,Full,1,3401.0,3
14484,1288,M,PhD,70,Other,73,84,Full,1,3683.0,3
14485,1288,M,PhD,70,Other,73,85,Full,1,3683.0,3
14486,1288,M,PhD,70,Other,73,86,Full,1,4505.0,3
14487,1288,M,PhD,70,Other,73,87,Full,1,4731.0,3
14488,1288,M,PhD,70,Other,73,88,Full,1,4939.0,3
14489,1288,M,PhD,70,Other,73,89,Full,1,5359.0,3
14490,1288,M,PhD,70,Other,73,90,Full,1,5610.0,3
14491,1288,M,PhD,70,Other,73,91,Full,1,5955.0,3
14492,1288,M,PhD,70,Other,73,92,Full,1,6127.0,3
14493,1288,M,PhD,70,Other,73,93,Full,1,6305.0,3
14494,1288,M,PhD,70,Other,73,94,Full,1,6305.0,3
14495,1288,M,PhD,70,Other,73,95,Full,1,6581.0,3
14496,1289,M,PhD,71,Other,77,77,Assoc,0,1642.0,2
14497,1289,M,PhD,71,Other,77,78,Assoc,0,2031.0,2
14498,1289,M,PhD,71,Other,77,79,Assoc,0,2454.0,2
14499,1289,M,PhD,71,Other,77,80,Assoc,0,2642.0,2
14500,1289,M,PhD,71,Other,77,81,Full,0,3005.0,3
14501,1289,M,PhD,71,Other,77,82,Full,0,3092.0,3
14502,1289,M,PhD,71,Other,77,83,Full,0,3262.0,3
14503,1289,M,PhD,71,Other,77,84,Full,0,3434.0,3
14504,1289,M,PhD,71,Other,77,85,Full,0,3434.0,3
14505,1289,M,PhD,71,Other,77,86,Full,0,4199.0,3
14506,1289,M,PhD,71,Other,77,87,Full,0,4410.0,3
14507,1289,M,PhD,71,Other,77,88,Full,0,4538.0,3
14508,1289,M,PhD,71,Other,77,89,Full,0,4996.0,3
14509,1289,M,PhD,71,Other,77,90,Full,0,5381.0,3
14510,1289,M,PhD,71,Other,77,91,Full,0,5794.0,3
14511,1289,M,PhD,71,Other,77,92,Full,0,6135.0,3
14512,1289,M,PhD,71,Other,77,93,Full,0,6404.0,3
14513,1289,M,PhD,71,Other,77,94,Full,0,6404.0,3
14514,1289,M,PhD,71,Other,77,95,Full,0,7602.0,3
14515,1290,M,PhD,78,Other,78,78,Assist,0,1750.0,1
14516,1290,M,PhD,78,Other,78,79,Assist,0,1967.0,1
14517,1290,M,PhD,78,Other,78,80,Assist,0,2115.0,1
14518,1290,M,PhD,78,Other,78,81,Assist,0,2602.353,1
14519,1290,M,PhD,78,Other,78,82,Assist,0,2832.941,1
14520,1290,M,PhD,78,Other,78,83,Assist,0,3077.0,1
14521,1290,M,PhD,78,Other,78,84,Assist,0,3500.0,1
14522,1290,M,PhD,78,Other,78,85,Assist,0,3333.0,1
14523,1290,M,PhD,78,Other,78,86,Assist,0,3688.0,1
14524,1290,M,PhD,78,Other,78,87,Assoc,0,3986.0,2
14525,1290,M,PhD,78,Other,78,88,Assoc,0,4160.0,2
14526,1290,M,PhD,78,Other,78,89,Assoc,0,4515.0,2
14527,1290,M,PhD,78,Other,78,90,Assoc,0,4794.0,2
14528,1290,M,PhD,78,Other,78,91,Assoc,0,5162.0,2
14529,1290,M,PhD,78,Other,78,92,Assoc,0,5465.0,2
14530,1290,M,PhD,78,Other,78,93,Assoc,0,5705.0,2
14531,1290,M,PhD,78,Other,78,94,Assoc,0,5705.0,2
14532,1290,M,PhD,78,Other,78,95,Full,0,6127.0,3
14533,1291,F,PhD,92,Arts,90,90,Assist,0,3263.0,1
14534,1291,F,PhD,92,Arts,90,91,Assist,0,3318.0,1
14535,1291,F,PhD,92,Arts,90,92,Assist,0,3414.0,1
14536,1291,F,PhD,92,Arts,90,93,Assist,0,3513.0,1
14537,1291,F,PhD,92,Arts,90,94,Assist,0,3513.0,1
14538,1291,F,PhD,92,Arts,90,95,Assist,0,3667.0,1
14539,1292,M,PhD,59,Other,78,78,Full,0,3387.0,3
14540,1292,M,PhD,59,Other,78,79,Full,0,3704.0,3
14541,1292,M,PhD,59,Other,78,80,Full,0,3957.0,3
14542,1292,M,PhD,59,Other,78,81,Full,0,4358.0,3
14543,1292,M,PhD,59,Other,78,82,Full,0,4358.0,3
14544,1292,M,PhD,59,Other,78,83,Full,0,4598.0,3
14545,1292,M,PhD,59,Other,78,84,Full,0,4704.0,3
14546,1292,M,PhD,59,Other,78,85,Full,0,4704.0,3
14547,1292,M,PhD,59,Other,78,86,Full,0,4844.0,3
14548,1292,M,PhD,59,Other,78,87,Full,0,5087.0,3
14549,1292,M,PhD,59,Other,78,88,Full,0,5160.0,3
14550,1292,M,PhD,59,Other,78,89,Full,0,5443.0,3
14551,1292,M,PhD,59,Other,78,90,Full,0,5617.0,3
14552,1292,M,PhD,59,Other,78,91,Full,0,6048.0,3
14553,1292,M,PhD,59,Other,78,92,Full,0,6223.0,3
14554,1292,M,PhD,59,Other,78,93,Full,0,6404.0,3
14555,1292,M,PhD,59,Other,78,94,Full,0,6404.0,3
14556,1292,M,PhD,59,Other,78,95,Full,0,6590.0,3
14557,1294,M,PhD,67,Other,67,76,Full,0,2610.0,3
14558,1294,M,PhD,67,Other,67,77,Full,0,2870.0,3
14559,1294,M,PhD,67,Other,67,79,Full,0,3343.0,3
14560,1294,M,PhD,67,Other,67,80,Full,0,3634.0,3
14561,1294,M,PhD,67,Other,67,81,Full,0,4230.0,3
14562,1294,M,PhD,67,Other,67,82,Full,0,4479.0,3
14563,1294,M,PhD,67,Other,67,83,Full,1,5690.0,3
14564,1294,M,PhD,67,Other,67,84,Full,1,6253.0,3
14565,1294,M,PhD,67,Other,67,85,Full,1,6253.0,3
14566,1294,M,PhD,67,Other,67,86,Full,1,7117.0,3
14567,1294,M,PhD,67,Other,67,87,Full,1,7476.0,3
14568,1294,M,PhD,67,Other,67,88,Full,1,7692.0,3
14569,1294,M,PhD,67,Other,67,89,Full,1,8229.0,3
14570,1294,M,PhD,67,Other,67,90,Full,1,8737.0,3
14571,1294,M,PhD,67,Other,67,91,Full,1,9143.0,3
14572,1294,M,PhD,67,Other,67,92,Full,1,9408.0,3
14573,1294,M,PhD,67,Other,67,93,Full,0,9681.0,3
14574,1294,M,PhD,67,Other,67,94,Full,0,9681.0,3
14575,1294,M,PhD,67,Other,67,95,Full,0,10105.0,3
14576,1295,M,PhD,62,Other,65,76,Full,0,2446.0,3
14577,1295,M,PhD,62,Other,65,77,Full,0,2714.0,3
14578,1295,M,PhD,62,Other,65,78,Full,0,2844.0,3
14579,1295,M,PhD,62,Other,65,79,Full,0,3219.0,3
14580,1295,M,PhD,62,Other,65,80,Full,0,3447.0,3
14581,1295,M,PhD,62,Other,65,81,Full,0,3454.667,3
14582,1295,M,PhD,62,Other,65,82,Full,0,3887.0,3
14583,1295,M,PhD,62,Other,65,83,Full,0,4160.0,3
14584,1295,M,PhD,62,Other,65,84,Full,0,4571.0,3
14585,1295,M,PhD,62,Other,65,85,Full,0,4571.0,3
14586,1295,M,PhD,62,Other,65,86,Full,0,5129.0,3
14587,1295,M,PhD,62,Other,65,87,Full,0,5387.0,3
14588,1295,M,PhD,62,Other,65,88,Full,0,5464.0,3
14589,1295,M,PhD,62,Other,65,89,Full,1,5931.0,3
14590,1295,M,PhD,62,Other,65,90,Full,1,6208.0,3
14591,1295,M,PhD,62,Other,65,91,Full,1,6590.0,3
14592,1295,M,PhD,62,Other,65,92,Full,1,6781.0,3
14593,1295,M,PhD,62,Other,65,93,Full,1,6977.0,3
14594,1295,M,PhD,62,Other,65,94,Full,1,6977.0,3
14595,1295,M,PhD,62,Other,65,95,Full,1,7283.0,3
14596,1296,F,PhD,75,Arts,79,79,Assist,0,1791.0,1
14597,1296,F,PhD,75,Arts,79,80,Assist,0,1996.0,1
14598,1296,F,PhD,75,Arts,79,81,Assist,0,2225.0,1
14599,1296,F,PhD,75,Arts,79,82,Assist,0,2357.0,1
14600,1296,F,PhD,75,Arts,79,83,Assist,0,2633.0,1
14601,1296,F,PhD,75,Arts,79,84,Assist,0,2770.0,1
14602,1296,F,PhD,75,Arts,79,85,Assist,0,2770.0,1
14603,1296,F,PhD,75,Arts,79,86,Assoc,0,3200.0,2
14604,1296,F,PhD,75,Arts,79,87,Assoc,0,3361.0,2
14605,1296,F,PhD,75,Arts,79,88,Assoc,0,3458.0,2
14606,1296,F,PhD,75,Arts,79,89,Assoc,0,3808.0,2
14607,1296,F,PhD,75,Arts,79,90,Assoc,0,4373.0,2
14608,1296,F,PhD,75,Arts,79,91,Assoc,0,3939.0,2
14609,1296,F,PhD,75,Arts,79,92,Assoc,0,4292.0,2
14610,1296,F,PhD,75,Arts,79,93,Full,0,4676.0,3
14611,1296,F,PhD,75,Arts,79,94,Full,0,4676.0,3
14612,1296,F,PhD,75,Arts,79,95,Full,0,4951.0,3
14613,1297,M,PhD,71,Other,81,81,Assist,0,2706.0,1
14614,1297,M,PhD,71,Other,81,82,Assist,0,2798.0,1
14615,1297,M,PhD,71,Other,81,83,Assist,0,2952.0,1
14616,1297,M,PhD,71,Other,81,84,Assoc,0,3243.0,2
14617,1297,M,PhD,71,Other,81,85,Assoc,0,3243.0,2
14618,1297,M,PhD,71,Other,81,86,Assoc,0,3588.0,2
14619,1297,M,PhD,71,Other,81,87,Assoc,0,3768.0,2
14620,1297,M,PhD,71,Other,81,88,Full,0,4538.0,3
14621,1297,M,PhD,71,Other,81,89,Full,1,4855.0,3
14622,1297,M,PhD,71,Other,81,90,Full,1,5155.0,3
14623,1297,M,PhD,71,Other,81,91,Full,1,5472.0,3
14624,1297,M,PhD,71,Other,81,92,Full,1,5631.0,3
14625,1297,M,PhD,71,Other,81,93,Full,0,5472.0,3
14626,1297,M,PhD,71,Other,81,94,Full,0,5472.0,3
14627,1297,M,PhD,71,Other,81,95,Full,0,5631.0,3
14628,1298,M,PhD,81,Other,86,86,Assist,0,3341.0,1
14629,1298,M,PhD,81,Other,86,87,Assist,0,3508.0,1
14630,1298,M,PhD,81,Other,86,88,Assist,0,3559.0,1
14631,1298,M,PhD,81,Other,86,89,Assist,0,3863.0,1
14632,1298,M,PhD,81,Other,86,90,Assoc,0,4220.0,2
14633,1298,M,PhD,81,Other,86,91,Assoc,0,4480.0,2
14634,1298,M,PhD,81,Other,86,92,Assoc,0,4743.0,2
14635,1298,M,PhD,81,Other,86,93,Full,0,5168.0,3
14636,1298,M,PhD,81,Other,86,94,Full,0,5168.0,3
14637,1298,M,PhD,81,Other,86,95,Full,0,5551.0,3
14638,1299,M,PhD,71,Other,91,91,Assoc,0,4347.5,2
14639,1299,M,PhD,71,Other,91,92,Assoc,0,4475.0,2
14640,1299,M,PhD,71,Other,91,93,Assoc,0,4537.5,2
14641,1299,M,PhD,71,Other,91,94,Assoc,0,4537.5,2
14642,1299,M,PhD,71,Other,91,95,Assoc,0,4670.0,2
14643,1300,F,PhD,76,Arts,81,81,Assist,0,2056.0,1
14644,1300,F,PhD,76,Arts,81,82,Assist,0,2194.0,1
14645,1300,F,PhD,76,Arts,81,83,Assist,0,2558.0,1
14646,1300,F,PhD,76,Arts,81,84,Assist,0,2732.0,1
14647,1300,F,PhD,76,Arts,81,85,Assoc,0,2811.0,2
14648,1300,F,PhD,76,Arts,81,86,Assoc,0,3110.0,2
14649,1300,F,PhD,76,Arts,81,87,Assoc,0,3266.0,2
14650,1300,F,PhD,76,Arts,81,88,Assoc,0,3458.0,2
14651,1300,F,PhD,76,Arts,81,89,Assoc,0,3918.0,2
14652,1300,F,PhD,76,Arts,81,90,Assoc,0,4101.0,2
14653,1300,F,PhD,76,Arts,81,91,Full,0,4544.0,3
14654,1300,F,PhD,76,Arts,81,92,Full,0,4812.0,3
14655,1300,F,PhD,76,Arts,81,93,Full,0,4951.0,3
14656,1300,F,PhD,76,Arts,81,94,Full,0,4951.0,3
14657,1300,F,PhD,76,Arts,81,95,Full,0,5095.0,3
14658,1301,M,PhD,65,Other,66,76,Full,0,2160.0,3
14659,1301,M,PhD,65,Other,66,77,Full,1,2586.0,3
14660,1301,M,PhD,65,Other,66,78,Full,0,2888.0,3
14661,1301,M,PhD,65,Other,66,79,Full,0,3267.0,3
14662,1301,M,PhD,65,Other,66,80,Full,0,3546.667,3
14663,1301,M,PhD,65,Other,66,81,Full,0,4000.0,3
14664,1301,M,PhD,65,Other,66,82,Full,0,4116.0,3
14665,1301,M,PhD,65,Other,66,83,Full,0,4342.0,3
14666,1301,M,PhD,65,Other,66,84,Full,0,4571.0,3
14667,1301,M,PhD,65,Other,66,85,Full,1,4981.0,3
14668,1301,M,PhD,65,Other,66,86,Full,0,5278.0,3
14669,1301,M,PhD,65,Other,66,87,Full,0,5543.0,3
14670,1301,M,PhD,65,Other,66,88,Full,0,5674.627,3
14671,1301,M,PhD,65,Other,66,89,Full,0,6103.0,3
14672,1301,M,PhD,65,Other,66,90,Full,0,6388.0,3
14673,1301,M,PhD,65,Other,66,91,Full,0,6878.0,3
14674,1301,M,PhD,65,Other,66,92,Full,0,7078.0,3
14675,1301,M,PhD,65,Other,66,93,Full,0,7283.0,3
14676,1301,M,PhD,65,Other,66,94,Full,0,7283.0,3
14677,1301,M,PhD,65,Other,66,95,Full,0,7494.0,3
14678,1302,M,PhD,64,Other,64,76,Full,0,2624.0,3
14679,1302,M,PhD,64,Other,64,77,Full,0,2888.0,3
14680,1302,M,PhD,64,Other,64,78,Full,0,3031.0,3
14681,1302,M,PhD,64,Other,64,79,Full,0,3361.0,3
14682,1302,M,PhD,64,Other,64,80,Full,0,3626.0,3
14683,1302,M,PhD,64,Other,64,81,Full,0,4211.111,3
14684,1302,M,PhD,64,Other,64,82,Full,0,4354.0,3
14685,1302,M,PhD,64,Other,64,83,Full,0,4863.0,3
14686,1302,M,PhD,64,Other,64,84,Full,0,5192.0,3
14687,1302,M,PhD,64,Other,64,85,Full,0,5192.0,3
14688,1302,M,PhD,64,Other,64,86,Full,0,5347.0,3
14689,1302,M,PhD,64,Other,64,87,Full,0,5617.0,3
14690,1302,M,PhD,64,Other,64,88,Full,0,5947.0,3
14691,1302,M,PhD,64,Other,64,89,Full,0,6362.0,3
14692,1302,M,PhD,64,Other,64,90,Full,0,6659.0,3
14693,1302,M,PhD,64,Other,64,91,Full,0,7069.0,3
14694,1302,M,PhD,64,Other,64,92,Full,0,7274.0,3
14695,1302,M,PhD,64,Other,64,93,Full,0,7485.0,3
14696,1302,M,PhD,64,Other,64,94,Full,0,7485.0,3
14697,1302,M,PhD,64,Other,64,95,Full,0,7813.0,3
14698,1303,M,PhD,70,Prof,74,76,Assoc,0,2267.0,2
14699,1303,M,PhD,70,Prof,74,77,Assoc,0,2544.0,2
14700,1303,M,PhD,70,Prof,74,78,Assoc,0,2671.0,2
14701,1303,M,PhD,70,Prof,74,79,Full,0,3016.418,3
14702,1303,M,PhD,70,Prof,74,80,Full,0,3250.0,3
14703,1303,M,PhD,70,Prof,74,81,Full,0,3723.0,3
14704,1303,M,PhD,70,Prof,74,82,Full,0,4116.0,3
14705,1303,M,PhD,70,Prof,74,83,Full,0,4532.0,3
14706,1303,M,PhD,70,Prof,74,84,Full,0,4981.0,3
14707,1303,M,PhD,70,Prof,74,85,Full,0,4981.0,3
14708,1303,M,PhD,70,Prof,74,86,Full,0,6002.0,3
14709,1303,M,PhD,70,Prof,74,87,Full,1,6304.0,3
14710,1303,M,PhD,70,Prof,74,88,Full,1,6580.0,3
14711,1303,M,PhD,70,Prof,74,89,Full,1,7244.0,3
14712,1303,M,PhD,70,Prof,74,90,Full,1,8748.0,3
14713,1303,M,PhD,70,Prof,74,91,Full,1,9286.0,3
14714,1303,M,PhD,70,Prof,74,92,Full,1,10561.0,3
14715,1303,M,PhD,70,Prof,74,93,Full,1,10867.0,3
14716,1303,M,PhD,70,Prof,74,94,Full,1,10867.0,3
14717,1303,M,PhD,70,Prof,74,95,Full,1,11182.0,3
14718,1304,M,PhD,70,Other,70,76,Assoc,0,1750.0,2
14719,1304,M,PhD,70,Other,70,77,Assoc,0,1996.0,2
14720,1304,M,PhD,70,Other,70,78,Assoc,0,2105.0,2
14721,1304,M,PhD,70,Other,70,79,Assoc,0,2289.0,2
14722,1304,M,PhD,70,Other,70,80,Assoc,0,2463.0,2
14723,1304,M,PhD,70,Other,70,81,Assoc,0,2677.0,2
14724,1304,M,PhD,70,Other,70,82,Assoc,0,2755.0,2
14725,1304,M,PhD,70,Other,70,83,Assoc,0,2990.0,2
14726,1304,M,PhD,70,Other,70,84,Full,0,3240.0,3
14727,1304,M,PhD,70,Other,70,85,Full,1,3479.0,3
14728,1304,M,PhD,70,Other,70,86,Full,1,4076.0,3
14729,1304,M,PhD,70,Other,70,87,Full,1,4076.0,3
14730,1304,M,PhD,70,Other,70,88,Full,1,4598.0,3
14731,1304,M,PhD,70,Other,70,89,Full,1,5061.0,3
14732,1304,M,PhD,70,Other,70,90,Full,1,5772.0,3
14733,1304,M,PhD,70,Other,70,91,Full,1,6581.0,3
14734,1304,M,PhD,70,Other,70,92,Full,1,6969.0,3
14735,1304,M,PhD,70,Other,70,93,Full,1,7171.0,3
14736,1304,M,PhD,70,Other,70,94,Full,1,7171.0,3
14737,1304,M,PhD,70,Other,70,95,Full,0,7379.0,3
14738,1305,M,PhD,68,Other,68,76,Assoc,0,1794.03,2
14739,1305,M,PhD,68,Other,68,77,Assoc,1,2019.0,2
14740,1305,M,PhD,68,Other,68,78,Assoc,0,2136.0,2
14741,1305,M,PhD,68,Other,68,79,Assoc,0,2327.0,2
14742,1305,M,PhD,68,Other,68,80,Assoc,0,2507.0,2
14743,1305,M,PhD,68,Other,68,81,Assoc,0,2758.0,2
14744,1305,M,PhD,68,Other,68,82,Assoc,0,2879.0,2
14745,1305,M,PhD,68,Other,68,83,Full,0,3125.0,3
14746,1305,M,PhD,68,Other,68,84,Full,0,3386.0,3
14747,1305,M,PhD,68,Other,68,85,Full,0,3386.0,3
14748,1305,M,PhD,68,Other,68,86,Full,0,3799.0,3
14749,1305,M,PhD,68,Other,68,87,Full,0,3990.0,3
14750,1305,M,PhD,68,Other,68,88,Full,0,4165.0,3
14751,1305,M,PhD,68,Other,68,89,Full,0,4456.0,3
14752,1305,M,PhD,68,Other,68,90,Full,0,4939.0,3
14753,1305,M,PhD,68,Other,68,91,Full,0,5318.0,3
14754,1305,M,PhD,68,Other,68,92,Full,0,5472.0,3
14755,1305,M,PhD,68,Other,68,93,Full,0,5631.0,3
14756,1305,M,PhD,68,Other,68,94,Full,0,5631.0,3
14757,1305,M,PhD,68,Other,68,95,Full,0,5878.0,3
14758,1306,M,PhD,76,Other,84,84,Assoc,0,4704.0,2
14759,1306,M,PhD,76,Other,84,85,Assoc,0,4704.0,2
14760,1306,M,PhD,76,Other,84,86,Assoc,0,5278.0,2
14761,1306,M,PhD,76,Other,84,87,Full,0,5703.0,3
14762,1306,M,PhD,76,Other,84,88,Full,0,5869.0,3
14763,1306,M,PhD,76,Other,84,89,Full,0,6462.0,3
14764,1306,M,PhD,76,Other,84,90,Full,0,9132.0,3
14765,1306,M,PhD,76,Other,84,91,Full,0,9693.0,3
14766,1306,M,PhD,76,Other,84,92,Full,0,10854.0,3
14767,1306,M,PhD,76,Other,84,93,Full,1,11169.0,3
14768,1306,M,PhD,76,Other,84,94,Full,1,11169.0,3
14769,1306,M,PhD,76,Other,84,95,Full,1,11492.0,3
14770,1307,M,PhD,74,Prof,87,87,Full,0,4869.0,3
14771,1307,M,PhD,74,Prof,87,88,Full,0,4869.0,3
14772,1307,M,PhD,74,Prof,87,89,Full,0,5208.0,3
14773,1307,M,PhD,74,Prof,87,90,Full,0,5530.0,3
14774,1307,M,PhD,74,Prof,87,91,Full,0,5870.0,3
14775,1307,M,PhD,74,Prof,87,92,Full,0,6040.0,3
14776,1307,M,PhD,74,Prof,87,93,Full,0,6223.0,3
14777,1307,M,PhD,74,Prof,87,94,Full,0,6223.0,3
14778,1307,M,PhD,74,Prof,87,95,Full,0,6404.0,3
14779,1308,M,PhD,70,Other,70,76,Assoc,0,2461.0,2
14780,1308,M,PhD,70,Other,70,77,Full,0,2778.0,3
14781,1308,M,PhD,70,Other,70,78,Full,0,2972.0,3
14782,1308,M,PhD,70,Other,70,79,Full,0,3325.0,3
14783,1308,M,PhD,70,Other,70,80,Full,0,3825.0,3
14784,1308,M,PhD,70,Other,70,81,Full,1,4291.0,3
14785,1308,M,PhD,70,Other,70,82,Full,1,4479.0,3
14786,1308,M,PhD,70,Other,70,83,Full,1,4725.0,3
14787,1308,M,PhD,70,Other,70,84,Full,1,5045.0,3
14788,1308,M,PhD,70,Other,70,85,Full,1,5045.0,3
14789,1308,M,PhD,70,Other,70,86,Full,1,5662.0,3
14790,1308,M,PhD,70,Other,70,87,Full,1,5947.0,3
14791,1308,M,PhD,70,Other,70,88,Full,1,6120.0,3
14792,1308,M,PhD,70,Other,70,89,Full,1,6547.0,3
14793,1308,M,PhD,70,Other,70,90,Full,1,6951.0,3
14794,1308,M,PhD,70,Other,70,91,Full,1,7274.0,3
14795,1308,M,PhD,70,Other,70,92,Full,1,7485.0,3
14796,1308,M,PhD,70,Other,70,93,Full,1,7702.0,3
14797,1308,M,PhD,70,Other,70,94,Full,1,7702.0,3
14798,1308,M,PhD,70,Other,70,95,Full,1,8155.0,3
14800,1310,M,PhD,88,Prof,89,89,Assist,0,4718.0,1
14801,1310,M,PhD,88,Prof,89,90,Assist,0,4800.0,1
14802,1310,M,PhD,88,Prof,89,91,Assist,0,5095.0,1
14803,1310,M,PhD,88,Prof,89,92,Assist,0,5394.0,1
14804,1310,M,PhD,88,Prof,89,93,Assist,0,5631.0,1
14805,1310,M,PhD,88,Prof,89,94,Assoc,0,5794.0,2
14806,1310,M,PhD,88,Prof,89,95,Assoc,0,6048.0,2
14807,1311,F,PhD,80,Arts,86,86,Assist,0,2896.0,1
14808,1311,F,PhD,80,Arts,86,87,Assist,0,3041.0,1
14809,1311,F,PhD,80,Arts,86,88,Assist,0,3174.0,1
14810,1311,F,PhD,80,Arts,86,89,Assist,0,3396.0,1
14811,1311,F,PhD,80,Arts,86,90,Assoc,0,3658.0,2
14812,1311,F,PhD,80,Arts,86,91,Assoc,1,4053.0,2
14813,1311,F,PhD,80,Arts,86,92,Assoc,0,4231.0,2
14814,1311,F,PhD,80,Arts,86,93,Assoc,0,4544.0,2
14815,1311,F,PhD,80,Arts,86,94,Assoc,0,4544.0,2
14816,1311,F,PhD,80,Arts,86,95,Assoc,0,4881.0,2
14817,1312,F,PhD,90,Other,90,90,Assist,0,5003.333,1
14818,1312,F,PhD,90,Other,90,91,Assist,0,5087.5,1
14819,1312,F,PhD,90,Other,90,92,Assist,0,5236.25,1
14820,1312,F,PhD,90,Other,90,93,Assist,0,5311.0,1
14821,1312,F,PhD,90,Other,90,94,Assist,0,5311.0,1
14822,1312,F,PhD,90,Other,90,95,Assist,0,5465.0,1
14824,1314,F,PhD,93,Prof,93,93,Assist,0,4610.0,1
14825,1314,F,PhD,93,Prof,93,94,Assist,0,4610.0,1
14826,1314,F,PhD,93,Prof,93,95,Assist,0,5551.0,1
14827,1315,M,PhD,62,Other,62,76,Full,0,2643.0,3
14828,1315,M,PhD,62,Other,62,77,Full,0,2932.0,3
14829,1315,M,PhD,62,Other,62,78,Full,0,3066.0,3
14830,1315,M,PhD,62,Other,62,80,Full,0,3698.0,3
14831,1315,M,PhD,62,Other,62,81,Full,0,4278.0,3
14832,1315,M,PhD,62,Other,62,82,Full,1,4226.0,3
14833,1315,M,PhD,62,Other,62,83,Full,1,4448.0,3
14834,1315,M,PhD,62,Other,62,84,Full,1,4698.0,3
14835,1315,M,PhD,62,Other,62,85,Full,1,4698.0,3
14836,1315,M,PhD,62,Other,62,86,Full,1,5272.0,3
14837,1315,M,PhD,62,Other,62,87,Full,1,5537.0,3
14838,1315,M,PhD,62,Other,62,88,Full,1,5698.0,3
14839,1315,M,PhD,62,Other,62,89,Full,1,6095.0,3
14840,1315,M,PhD,62,Other,62,90,Full,1,6380.0,3
14841,1315,M,PhD,62,Other,62,91,Full,1,6676.0,3
14842,1315,M,PhD,62,Other,62,92,Full,1,6870.0,3
14843,1315,M,PhD,62,Other,62,93,Full,1,7069.0,3
14844,1315,M,PhD,62,Other,62,94,Full,1,7069.0,3
14845,1315,M,PhD,62,Other,62,95,Full,1,7379.0,3
14846,1316,F,PhD,91,Other,91,91,Assist,0,4231.0,1
14847,1316,F,PhD,91,Other,91,92,Assist,0,4231.0,1
14848,1316,F,PhD,91,Other,91,93,Assist,0,4292.0,1
14849,1316,F,PhD,91,Other,91,94,Assist,0,4292.0,1
14850,1316,F,PhD,91,Other,91,95,Assist,0,4416.0,1
14851,1317,M,PhD,67,Prof,59,76,Assoc,0,1666.0,2
14852,1317,M,PhD,67,Prof,59,77,Assoc,0,1808.0,2
14853,1317,M,PhD,67,Prof,59,80,Assoc,0,2340.0,2
14854,1317,M,PhD,67,Prof,59,81,Full,0,2639.0,3
14855,1317,M,PhD,67,Prof,59,82,Full,0,2755.0,3
14856,1317,M,PhD,67,Prof,59,83,Full,0,2990.0,3
14857,1317,M,PhD,67,Prof,59,84,Full,0,3194.0,3
14858,1317,M,PhD,67,Prof,59,85,Full,0,3194.0,3
14859,1317,M,PhD,67,Prof,59,87,Full,0,4664.0,3
14860,1317,M,PhD,67,Prof,59,88,Full,0,4664.0,3
14861,1317,M,PhD,67,Prof,59,89,Full,0,4990.0,3
14862,1317,M,PhD,67,Prof,59,90,Full,0,5223.0,3
14863,1317,M,PhD,67,Prof,59,91,Full,0,5388.0,3
14864,1317,M,PhD,67,Prof,59,92,Full,0,5465.0,3
14865,1317,M,PhD,67,Prof,59,93,Full,0,5624.0,3
14866,1317,M,PhD,67,Prof,59,94,Full,0,5624.0,3
14867,1317,M,PhD,67,Prof,59,95,Full,0,5787.0,3
14868,1318,M,PhD,75,Other,74,76,Assist,0,1623.0,1
14869,1318,M,PhD,75,Other,74,77,Assist,0,1828.0,1
14870,1318,M,PhD,75,Other,74,78,Assist,0,1942.0,1
14871,1318,M,PhD,75,Other,74,79,Assist,0,2120.0,1
14872,1318,M,PhD,75,Other,74,80,Assist,0,2205.0,1
14873,1318,M,PhD,75,Other,74,81,Assist,0,2391.0,1
14874,1318,M,PhD,75,Other,74,82,Assist,0,2391.0,1
14875,1318,M,PhD,75,Other,74,83,Assoc,0,2595.0,2
14876,1318,M,PhD,75,Other,74,84,Assoc,0,2732.0,2
14877,1318,M,PhD,75,Other,74,85,Assoc,0,2732.0,2
14878,1318,M,PhD,75,Other,74,86,Assoc,0,2814.0,2
14879,1318,M,PhD,75,Other,74,87,Assoc,0,2955.0,2
14880,1318,M,PhD,75,Other,74,88,Assoc,0,3361.0,2
14881,1318,M,PhD,75,Other,74,89,Assoc,0,3700.0,2
14882,1318,M,PhD,75,Other,74,90,Assoc,0,3818.0,2
14883,1318,M,PhD,75,Other,74,91,Assoc,0,3996.0,2
14884,1318,M,PhD,75,Other,74,92,Assoc,0,4171.0,2
14885,1318,M,PhD,75,Other,74,93,Full,0,4676.0,3
14886,1318,M,PhD,75,Other,74,94,Full,0,4676.0,3
14887,1318,M,PhD,75,Other,74,95,Full,0,4881.0,3
14888,1319,M,PhD,66,Other,66,76,Full,0,2714.0,3
14889,1319,M,PhD,66,Other,66,77,Full,0,2984.0,3
14890,1319,M,PhD,66,Other,66,78,Full,0,3133.0,3
14891,1319,M,PhD,66,Other,66,79,Full,0,3474.0,3
14892,1319,M,PhD,66,Other,66,80,Full,0,3744.0,3
14893,1319,M,PhD,66,Other,66,81,Full,0,4230.0,3
14894,1319,M,PhD,66,Other,66,82,Full,0,4479.0,3
14895,1319,M,PhD,66,Other,66,83,Full,0,5149.0,3
14896,1319,M,PhD,66,Other,66,84,Full,0,5267.0,3
14897,1319,M,PhD,66,Other,66,85,Full,0,5342.0,3
14898,1319,M,PhD,66,Other,66,86,Full,0,6081.0,3
14899,1319,M,PhD,66,Other,66,87,Full,0,6388.0,3
14900,1319,M,PhD,66,Other,66,88,Full,0,6573.0,3
14901,1319,M,PhD,66,Other,66,89,Full,0,7032.0,3
14902,1319,M,PhD,66,Other,66,90,Full,0,7360.0,3
14903,1319,M,PhD,66,Other,66,91,Full,0,7702.0,3
14904,1319,M,PhD,66,Other,66,92,Full,0,8155.0,3
14905,1319,M,PhD,66,Other,66,93,Full,1,8759.0,3
14906,1319,M,PhD,66,Other,66,94,Full,1,8759.0,3
14907,1319,M,PhD,66,Other,66,95,Full,1,9143.0,3
14908,1320,M,PhD,84,Other,84,84,Assist,0,3873.0,1
14909,1320,M,PhD,84,Other,84,85,Assist,0,3873.0,1
14910,1320,M,PhD,84,Other,84,86,Assist,0,4844.0,1
14911,1320,M,PhD,84,Other,84,87,Assist,0,5087.0,1
14912,1320,M,PhD,84,Other,84,88,Assist,0,5464.0,1
14913,1320,M,PhD,84,Other,84,89,Assist,0,6280.0,1
14914,1320,M,PhD,84,Other,84,90,Assoc,0,6861.0,2
14915,1320,M,PhD,84,Other,84,91,Assoc,0,7388.0,2
14916,1320,M,PhD,84,Other,84,92,Assoc,0,7823.0,2
14917,1320,M,PhD,84,Other,84,93,Assoc,0,8165.0,2
14918,1320,M,PhD,84,Other,84,94,Full,0,8402.0,3
14919,1320,M,PhD,84,Other,84,95,Full,0,9162.0,3
14920,1321,M,PhD,84,Other,83,83,Assist,0,3406.0,1
14921,1321,M,PhD,84,Other,83,84,Assist,0,3688.0,1
14922,1321,M,PhD,84,Other,83,85,Assist,0,3688.0,1
14923,1321,M,PhD,84,Other,83,86,Assist,0,4023.0,1
14924,1321,M,PhD,84,Other,83,87,Assist,0,4225.0,1
14925,1321,M,PhD,84,Other,83,88,Assist,0,4805.0,1
14926,1321,M,PhD,84,Other,83,89,Assist,0,5763.0,1
14927,1321,M,PhD,84,Other,83,90,Assoc,0,6297.0,2
14928,1321,M,PhD,84,Other,83,91,Assoc,0,6590.0,2
14929,1321,M,PhD,84,Other,83,92,Assoc,0,6977.0,2
14930,1321,M,PhD,84,Other,83,93,Assoc,0,7283.0,2
14931,1321,M,PhD,84,Other,83,94,Assoc,0,7283.0,2
14932,1321,M,PhD,84,Other,83,95,Assoc,0,7885.0,2
14934,1323,M,PhD,82,Other,92,92,Assoc,0,6048.0,2
14935,1323,M,PhD,82,Other,92,93,Assoc,0,6223.0,2
14936,1323,M,PhD,82,Other,92,94,Assoc,0,6223.0,2
14937,1323,M,PhD,82,Other,92,95,Full,0,6781.0,3
14938,1324,M,PhD,78,Arts,80,80,Assist,0,1945.0,1
14939,1324,M,PhD,78,Arts,80,81,Assist,0,2194.0,1
14940,1324,M,PhD,78,Arts,80,82,Assist,0,2323.0,1
14941,1324,M,PhD,78,Arts,80,83,Assist,0,2451.0,1
14942,1324,M,PhD,78,Arts,80,84,Assist,0,2655.0,1
14943,1324,M,PhD,78,Arts,80,85,Assist,0,2655.0,1
14944,1324,M,PhD,78,Arts,80,86,Assoc,0,3246.0,2
14945,1324,M,PhD,78,Arts,80,87,Assoc,0,3409.0,2
14946,1324,M,PhD,78,Arts,80,88,Assoc,0,3559.0,2
14947,1324,M,PhD,78,Arts,80,89,Assoc,0,3863.0,2
14948,1324,M,PhD,78,Arts,80,90,Assoc,0,4101.0,2
14949,1324,M,PhD,78,Arts,80,91,Assoc,0,4544.0,2
14950,1324,M,PhD,78,Arts,80,92,Assoc,0,4743.0,2
14951,1324,M,PhD,78,Arts,80,93,Assoc,0,4951.0,2
14952,1324,M,PhD,78,Arts,80,94,Assoc,0,4951.0,2
14953,1324,M,PhD,78,Arts,80,95,Assoc,0,5318.0,2
14954,1325,M,PhD,64,Other,62,76,Full,0,2376.0,3
14955,1325,M,PhD,64,Other,62,77,Full,0,2628.0,3
14956,1325,M,PhD,64,Other,62,78,Full,0,2714.0,3
14957,1325,M,PhD,64,Other,62,79,Full,0,3032.0,3
14958,1325,M,PhD,64,Other,62,80,Full,0,3250.0,3
14959,1325,M,PhD,64,Other,62,81,Full,0,3723.0,3
14960,1325,M,PhD,64,Other,62,82,Full,0,3831.0,3
14961,1325,M,PhD,64,Other,62,83,Full,0,4101.0,3
14962,1325,M,PhD,64,Other,62,84,Full,0,4378.0,3
14963,1325,M,PhD,64,Other,62,85,Full,0,4378.0,3
14964,1325,M,PhD,64,Other,62,86,Full,0,5431.0,3
14965,1325,M,PhD,64,Other,62,87,Full,0,5703.0,3
14966,1325,M,PhD,64,Other,62,88,Full,0,5786.0,3
14967,1325,M,PhD,64,Other,62,89,Full,0,6103.0,3
14968,1325,M,PhD,64,Other,62,90,Full,0,6388.0,3
14969,1325,M,PhD,64,Other,62,91,Full,0,6684.0,3
14970,1325,M,PhD,64,Other,62,92,Full,0,6878.0,3
14971,1325,M,PhD,64,Other,62,93,Full,0,7078.0,3
14972,1325,M,PhD,64,Other,62,94,Full,0,7078.0,3
14973,1325,M,PhD,64,Other,62,95,Full,0,7283.0,3
14974,1326,M,PhD,67,Other,73,76,Assist,0,1516.0,1
14975,1326,M,PhD,67,Other,73,77,Assist,0,1663.0,1
14976,1326,M,PhD,67,Other,73,78,Assist,0,1763.0,1
14977,1326,M,PhD,67,Other,73,79,Assoc,0,2108.0,2
14978,1326,M,PhD,67,Other,73,80,Assoc,0,2246.0,2
14979,1326,M,PhD,67,Other,73,81,Assoc,0,2492.0,2
14980,1326,M,PhD,67,Other,73,82,Assoc,0,2565.0,2
14981,1326,M,PhD,67,Other,73,83,Assoc,0,2706.0,2
14982,1326,M,PhD,67,Other,73,84,Full,0,3194.0,3
14983,1326,M,PhD,67,Other,73,85,Full,0,3194.0,3
14984,1326,M,PhD,67,Other,73,86,Full,0,3583.0,3
14985,1326,M,PhD,67,Other,73,87,Full,0,3764.0,3
14986,1326,M,PhD,67,Other,73,88,Full,0,3929.0,3
14987,1326,M,PhD,67,Other,73,89,Full,0,4203.0,3
14988,1326,M,PhD,67,Other,73,90,Full,0,4400.0,3
14989,1326,M,PhD,67,Other,73,91,Full,0,4670.0,3
14990,1326,M,PhD,67,Other,73,92,Full,0,4875.0,3
14991,1326,M,PhD,67,Other,73,93,Full,0,5016.0,3
14992,1326,M,PhD,67,Other,73,94,Full,0,5016.0,3
14993,1326,M,PhD,67,Other,73,95,Full,0,5088.0,3
14994,1327,M,PhD,67,Other,63,76,Assoc,0,1875.0,2
14995,1327,M,PhD,67,Other,63,77,Assoc,0,2077.0,2
14996,1327,M,PhD,67,Other,63,78,Assoc,0,2180.0,2
14997,1327,M,PhD,67,Other,63,79,Assoc,0,2411.0,2
14998,1327,M,PhD,67,Other,63,80,Assoc,0,2603.0,2
14999,1327,M,PhD,67,Other,63,81,Full,0,3005.0,3
15000,1327,M,PhD,67,Other,63,82,Full,0,3228.0,3
15001,1327,M,PhD,67,Other,63,83,Full,0,3406.0,3
15002,1327,M,PhD,67,Other,63,84,Full,0,3688.0,3
15003,1327,M,PhD,67,Other,63,85,Full,0,3688.0,3
15004,1327,M,PhD,67,Other,63,86,Full,0,3799.0,3
15005,1327,M,PhD,67,Other,63,87,Full,0,3990.0,3
15006,1327,M,PhD,67,Other,63,88,Full,0,4105.0,3
15007,1327,M,PhD,67,Other,63,89,Full,0,4456.0,3
15008,1327,M,PhD,67,Other,63,90,Full,0,4731.0,3
15009,1327,M,PhD,67,Other,63,91,Full,0,4951.0,3
15010,1327,M,PhD,67,Other,63,92,Full,0,5095.0,3
15011,1327,M,PhD,67,Other,63,93,Full,0,5551.0,3
15012,1327,M,PhD,67,Other,63,94,Full,0,5551.0,3
15013,1327,M,PhD,67,Other,63,95,Full,0,5878.0,3
15014,1328,M,PhD,85,Other,88,88,Assist,0,3662.0,1
15015,1328,M,PhD,85,Other,88,89,Assist,0,3700.0,1
15016,1328,M,PhD,85,Other,88,90,Assist,0,3873.0,1
15017,1328,M,PhD,85,Other,88,91,Assist,0,4053.0,1
15018,1328,M,PhD,85,Other,88,92,Assist,0,4231.0,1
15019,1328,M,PhD,85,Other,88,93,Assist,0,4353.0,1
15020,1328,M,PhD,85,Other,88,94,Assist,0,4353.0,1
15021,1328,M,PhD,85,Other,88,95,Assoc,0,4812.0,2
15022,1329,M,PhD,90,Prof,91,91,Assist,0,5318.0,1
15023,1329,M,PhD,90,Prof,91,92,Assist,0,5472.0,1
15024,1329,M,PhD,90,Prof,91,93,Assist,0,5631.0,1
15025,1329,M,PhD,90,Prof,91,94,Assist,0,5631.0,1
15026,1329,M,PhD,90,Prof,91,95,Assist,0,6048.0,1
15027,1330,M,PhD,87,Other,91,91,Assist,0,3559.0,1
15028,1330,M,PhD,87,Other,91,92,Assist,0,3715.0,1
15029,1330,M,PhD,87,Other,91,93,Assist,0,3878.0,1
15030,1330,M,PhD,87,Other,91,94,Assoc,0,3991.0,2
15031,1330,M,PhD,87,Other,91,95,Assoc,0,4165.0,2
15032,1331,M,PhD,83,Prof,83,83,Assist,0,3322.0,1
15033,1331,M,PhD,83,Prof,83,84,Assist,0,3534.0,1
15034,1331,M,PhD,83,Prof,83,85,Assist,0,3534.0,1
15035,1331,M,PhD,83,Prof,83,86,Assist,0,3854.0,1
15036,1331,M,PhD,83,Prof,83,87,Assist,0,4047.0,1
15037,1331,M,PhD,83,Prof,83,88,Assist,0,4165.0,1
15038,1331,M,PhD,83,Prof,83,89,Assoc,0,4651.0,2
15039,1331,M,PhD,83,Prof,83,90,Assoc,0,5229.0,2
15040,1331,M,PhD,83,Prof,83,91,Assoc,0,5551.0,2
15041,1331,M,PhD,83,Prof,83,92,Assoc,0,5794.0,2
15042,1331,M,PhD,83,Prof,83,93,Assoc,0,5962.0,2
15043,1331,M,PhD,83,Prof,83,94,Assoc,0,5962.0,2
15044,1331,M,PhD,83,Prof,83,95,Full,0,6684.0,3
15045,1332,M,PhD,78,Arts,87,87,Assoc,0,3990.0,2
15046,1332,M,PhD,78,Arts,87,88,Assoc,0,3990.0,2
15047,1332,M,PhD,78,Arts,87,89,Assoc,0,4247.761,2
15048,1332,M,PhD,78,Arts,87,90,Assoc,0,4468.0,2
15049,1332,M,PhD,78,Arts,87,91,Assoc,0,4812.0,2
15050,1332,M,PhD,78,Arts,87,92,Assoc,0,4951.0,2
15051,1332,M,PhD,78,Arts,87,93,Assoc,0,5242.0,2
15052,1332,M,PhD,78,Arts,87,94,Assoc,0,5242.0,2
15053,1332,M,PhD,78,Arts,87,95,Assoc,0,5551.0,2
15054,1333,M,PhD,72,Arts,88,88,Full,0,5235.0,3
15055,1333,M,PhD,72,Arts,88,89,Full,0,5653.731,3
15056,1333,M,PhD,72,Arts,88,90,Full,0,5863.0,3
15057,1333,M,PhD,72,Arts,88,91,Full,0,6048.0,3
15058,1333,M,PhD,72,Arts,88,92,Full,0,6313.0,3
15059,1333,M,PhD,72,Arts,88,93,Full,0,6496.0,3
15060,1333,M,PhD,72,Arts,88,94,Full,0,6496.0,3
15061,1333,M,PhD,72,Arts,88,95,Full,0,6781.0,3
15062,1334,F,PhD,86,Arts,89,89,Assist,0,3495.0,1
15063,1334,F,PhD,86,Arts,89,90,Assist,0,3555.0,1
15064,1334,F,PhD,86,Arts,89,91,Assist,0,3774.0,1
15065,1334,F,PhD,86,Arts,89,92,Assoc,0,4112.0,2
15066,1334,F,PhD,86,Arts,89,93,Assoc,0,4881.0,2
15067,1334,F,PhD,86,Arts,89,94,Assoc,0,4881.0,2
15068,1334,F,PhD,86,Arts,89,95,Assoc,0,5095.0,2
15069,1335,M,PhD,90,Prof,89,89,Assist,0,4996.0,1
15070,1335,M,PhD,90,Prof,89,90,Assist,0,5082.0,1
15071,1335,M,PhD,90,Prof,89,91,Assist,0,5472.0,1
15072,1335,M,PhD,90,Prof,89,92,Assist,0,5712.0,1
15073,1335,M,PhD,90,Prof,89,93,Assist,0,5878.0,1
15074,1335,M,PhD,90,Prof,89,94,Assist,0,5878.0,1
15075,1335,M,PhD,90,Prof,89,95,Assoc,0,6313.0,2
15076,1336,M,PhD,84,Other,88,88,Assoc,0,3818.0,2
15077,1336,M,PhD,84,Other,88,89,Assoc,0,4085.0,2
15078,1336,M,PhD,84,Other,88,90,Assoc,0,4337.0,2
15079,1336,M,PhD,84,Other,88,91,Assoc,0,4538.0,2
15080,1336,M,PhD,84,Other,88,92,Assoc,0,4670.0,2
15081,1336,M,PhD,84,Other,88,93,Assoc,0,4945.0,2
15082,1336,M,PhD,84,Other,88,94,Full,0,5088.0,3
15083,1336,M,PhD,84,Other,88,95,Full,0,6624.0,3
15084,1337,M,PhD,65,Other,53,76,Full,0,4077.0,3
15085,1337,M,PhD,65,Other,53,77,Full,0,4372.0,3
15086,1337,M,PhD,65,Other,53,78,Full,0,4528.0,3
15087,1337,M,PhD,65,Other,53,79,Full,0,4866.0,3
15088,1337,M,PhD,65,Other,53,80,Full,0,5178.0,3
15089,1337,M,PhD,65,Other,53,81,Full,0,5637.0,3
15090,1337,M,PhD,65,Other,53,82,Full,0,5883.0,3
15091,1337,M,PhD,65,Other,53,83,Full,0,6207.0,3
15092,1337,M,PhD,65,Other,53,84,Full,0,6350.0,3
15093,1337,M,PhD,65,Other,53,85,Full,0,6350.0,3
15094,1337,M,PhD,65,Other,53,86,Full,0,7024.0,3
15095,1337,M,PhD,65,Other,53,87,Full,0,7377.0,3
15096,1337,M,PhD,65,Other,53,88,Full,0,7377.0,3
15097,1337,M,PhD,65,Other,53,89,Full,0,8122.0,3
15098,1337,M,PhD,65,Other,53,90,Full,0,8502.0,3
15099,1337,M,PhD,65,Other,53,91,Full,0,9025.0,3
15100,1337,M,PhD,65,Other,53,92,Full,0,9286.0,3
15101,1337,M,PhD,65,Other,53,93,Full,0,9556.0,3
15102,1337,M,PhD,65,Other,53,94,Full,0,9556.0,3
15103,1337,M,PhD,65,Other,53,95,Full,0,9974.0,3
15104,1338,M,PhD,60,Other,71,76,Assoc,0,1839.0,2
15105,1338,M,PhD,60,Other,71,77,Assoc,0,2019.0,2
15106,1338,M,PhD,60,Other,71,78,Assoc,0,2136.0,2
15107,1338,M,PhD,60,Other,71,79,Assoc,0,2327.0,2
15108,1338,M,PhD,60,Other,71,80,Assoc,0,2552.0,2
15109,1338,M,PhD,60,Other,71,81,Assoc,0,2879.0,2
15110,1338,M,PhD,60,Other,71,82,Assoc,0,2879.0,2
15111,1338,M,PhD,60,Other,71,83,Assoc,0,3125.0,2
15112,1338,M,PhD,60,Other,71,84,Assoc,0,3290.0,2
15113,1338,M,PhD,60,Other,71,85,Assoc,0,3290.0,2
15114,1338,M,PhD,60,Other,71,86,Assoc,0,3389.0,2
15115,1338,M,PhD,60,Other,71,87,Assoc,0,3559.0,2
15116,1338,M,PhD,60,Other,71,88,Assoc,0,3662.0,2
15117,1338,M,PhD,60,Other,71,89,Assoc,0,3918.0,2
15118,1338,M,PhD,60,Other,71,90,Assoc,0,4042.667,2
15119,1338,M,PhD,60,Other,71,91,Assoc,0,4112.0,2
15120,1338,M,PhD,60,Other,71,92,Assoc,0,4112.0,2
15121,1338,M,PhD,60,Other,71,93,Assoc,0,4112.0,2
15122,1338,M,PhD,60,Other,71,94,Assoc,0,4112.0,2
15123,1338,M,PhD,60,Other,71,95,Assoc,0,4112.0,2
15124,1340,M,PhD,75,Prof,78,78,Assist,0,2206.0,1
15125,1340,M,PhD,75,Prof,78,79,Assist,0,2446.0,1
15126,1340,M,PhD,75,Prof,78,80,Assist,0,2632.0,1
15127,1340,M,PhD,75,Prof,78,81,Assist,0,2917.0,1
15128,1340,M,PhD,75,Prof,78,82,Assoc,0,3087.5,2
15129,1340,M,PhD,75,Prof,78,83,Assoc,0,3401.0,2
15130,1340,M,PhD,75,Prof,78,84,Assoc,0,3683.0,2
15131,1340,M,PhD,75,Prof,78,85,Assoc,0,3683.0,2
15132,1340,M,PhD,75,Prof,78,86,Assoc,0,4316.0,2
15133,1340,M,PhD,75,Prof,78,87,Assoc,0,4944.0,2
15134,1340,M,PhD,75,Prof,78,88,Assoc,0,5087.0,2
15135,1340,M,PhD,75,Prof,78,89,Assoc,0,5443.0,2
15136,1340,M,PhD,75,Prof,78,90,Full,0,6388.0,3
15137,1340,M,PhD,75,Prof,78,91,Full,0,6878.0,3
15138,1340,M,PhD,75,Prof,78,92,Full,0,7078.0,3
15139,1340,M,PhD,75,Prof,78,93,Full,0,7283.0,3
15140,1340,M,PhD,75,Prof,78,94,Full,0,7283.0,3
15141,1340,M,PhD,75,Prof,78,95,Full,0,7712.0,3
15142,1342,M,PhD,83,Other,88,88,Assist,0,3933.0,1
15143,1342,M,PhD,83,Other,88,89,Assist,0,3975.0,1
15144,1342,M,PhD,83,Other,88,90,Assist,0,4281.0,1
15145,1342,M,PhD,83,Other,88,91,Assoc,0,4743.0,2
15146,1342,M,PhD,83,Other,88,92,Assoc,0,4951.0,2
15147,1342,M,PhD,83,Other,88,93,Assoc,0,5168.0,2
15148,1342,M,PhD,83,Other,88,94,Assoc,0,5168.0,2
15149,1342,M,PhD,83,Other,88,95,Full,0,5794.0,3
15150,1343,M,PhD,72,Other,72,76,Assist,0,1743.0,1
15151,1343,M,PhD,72,Other,72,77,Assoc,0,1997.0,2
15152,1343,M,PhD,72,Other,72,78,Assoc,0,2120.0,2
15153,1343,M,PhD,72,Other,72,79,Assoc,0,2369.0,2
15154,1343,M,PhD,72,Other,72,80,Assoc,0,2582.0,2
15155,1343,M,PhD,72,Other,72,81,Assoc,0,2879.0,2
15156,1343,M,PhD,72,Other,72,82,Full,0,3092.0,3
15157,1343,M,PhD,72,Other,72,83,Full,0,3357.0,3
15158,1343,M,PhD,72,Other,72,84,Full,0,3434.0,3
15159,1343,M,PhD,72,Other,72,85,Full,0,3333.0,3
15160,1343,M,PhD,72,Other,72,86,Full,0,3904.0,3
15161,1343,M,PhD,72,Other,72,87,Full,0,4101.0,3
15162,1343,M,PhD,72,Other,72,88,Full,0,4281.0,3
15163,1343,M,PhD,72,Other,72,89,Full,1,5682.0,3
15164,1343,M,PhD,72,Other,72,90,Full,1,6208.0,3
15165,1343,M,PhD,72,Other,72,91,Full,1,6878.0,3
15166,1343,M,PhD,72,Other,72,92,Full,1,7206.0,3
15167,1343,M,PhD,72,Other,72,93,Full,1,7436.0,3
15168,1343,M,PhD,72,Other,72,94,Full,1,7867.0,3
15169,1343,M,PhD,72,Other,72,95,Full,1,8323.0,3
15170,1344,M,PhD,70,Other,73,76,Assist,0,1464.0,1
15171,1344,M,PhD,70,Other,73,77,Assist,0,1748.571,1
15172,1344,M,PhD,70,Other,73,80,Assoc,0,2346.667,2
15173,1344,M,PhD,70,Other,73,81,Assoc,0,2603.333,2
15174,1344,M,PhD,70,Other,73,82,Assoc,0,2793.333,2
15175,1344,M,PhD,70,Other,73,84,Full,0,3632.0,3
15176,1344,M,PhD,70,Other,73,85,Full,0,3632.0,3
15177,1344,M,PhD,70,Other,73,86,Full,0,5354.0,3
15178,1344,M,PhD,70,Other,73,87,Full,0,5623.0,3
15179,1344,M,PhD,70,Other,73,88,Full,0,5786.0,3
15180,1344,M,PhD,70,Other,73,89,Full,0,6190.0,3
15181,1344,M,PhD,70,Other,73,90,Full,0,6480.0,3
15182,1344,M,PhD,70,Other,73,91,Full,0,6781.0,3
15183,1344,M,PhD,70,Other,73,92,Full,0,6977.0,3
15184,1344,M,PhD,70,Other,73,93,Full,0,7180.0,3
15185,1344,M,PhD,70,Other,73,94,Full,0,7180.0,3
15186,1344,M,PhD,70,Other,73,95,Full,0,7388.0,3
15187,1345,M,PhD,77,Other,78,78,Assist,0,2278.0,1
15188,1345,M,PhD,77,Other,78,79,Assist,0,2583.0,1
15189,1345,M,PhD,77,Other,78,80,Assist,0,2824.0,1
15190,1345,M,PhD,77,Other,78,81,Assist,0,3137.0,1
15191,1345,M,PhD,77,Other,78,82,Assoc,0,3831.0,2
15192,1345,M,PhD,77,Other,78,83,Assoc,0,4042.0,2
15193,1345,M,PhD,77,Other,78,84,Assoc,0,4442.0,2
15194,1345,M,PhD,77,Other,78,85,Assoc,0,4442.0,2
15195,1345,M,PhD,77,Other,78,86,Assoc,0,4914.0,2
15196,1345,M,PhD,77,Other,78,87,Assoc,0,5160.0,2
15197,1345,M,PhD,77,Other,78,88,Assoc,0,5235.0,2
15198,1345,M,PhD,77,Other,78,89,Assoc,0,5443.0,2
15199,1345,M,PhD,77,Other,78,90,Assoc,0,5780.0,2
15200,1345,M,PhD,77,Other,78,91,Assoc,0,6048.0,2
15201,1345,M,PhD,77,Other,78,92,Assoc,0,6135.0,2
15202,1345,M,PhD,77,Other,78,93,Assoc,0,6135.0,2
15203,1345,M,PhD,77,Other,78,94,Assoc,0,6135.0,2
15204,1345,M,PhD,77,Other,78,95,Assoc,0,6223.0,2
15205,1346,F,PhD,71,Other,90,90,Full,0,4849.0,3
15206,1346,F,PhD,71,Other,90,91,Full,0,5088.0,3
15207,1346,F,PhD,71,Other,90,92,Full,0,5311.0,3
15208,1346,F,PhD,71,Other,90,93,Full,0,5465.0,3
15209,1346,F,PhD,71,Other,90,94,Full,0,5465.0,3
15210,1346,F,PhD,71,Other,90,95,Full,1,6320.0,3
15211,1347,M,PhD,92,Arts,90,90,Assist,0,4160.0,1
15212,1347,M,PhD,92,Arts,90,91,Assist,0,4231.0,1
15213,1347,M,PhD,92,Arts,90,92,Assist,0,4353.0,1
15214,1347,M,PhD,92,Arts,90,93,Assist,0,4610.0,1
15215,1347,M,PhD,92,Arts,90,94,Assist,0,4610.0,1
15216,1347,M,PhD,92,Arts,90,95,Assist,0,4812.0,1
15218,1349,M,PhD,61,Other,68,76,Full,0,2768.0,3
15219,1349,M,PhD,61,Other,68,77,Full,0,3066.0,3
15220,1349,M,PhD,61,Other,68,78,Full,0,3202.0,3
15221,1349,M,PhD,61,Other,68,79,Full,0,3605.455,3
15222,1349,M,PhD,61,Other,68,80,Full,0,3905.0,3
15223,1349,M,PhD,61,Other,68,81,Full,0,4485.0,3
15224,1349,M,PhD,61,Other,68,82,Full,0,4615.0,3
15225,1349,M,PhD,61,Other,68,83,Full,0,4869.0,3
15226,1349,M,PhD,61,Other,68,84,Full,0,5274.0,3
15227,1349,M,PhD,61,Other,68,85,Full,0,5274.0,3
15228,1349,M,PhD,61,Other,68,86,Full,0,6265.0,3
15229,1349,M,PhD,61,Other,68,87,Full,0,6580.0,3
15230,1349,M,PhD,61,Other,68,88,Full,0,6771.0,3
15231,1349,M,PhD,61,Other,68,89,Full,0,7244.0,3
15232,1349,M,PhD,61,Other,68,90,Full,0,7583.0,3
15233,1349,M,PhD,61,Other,68,91,Full,0,7935.0,3
15234,1349,M,PhD,61,Other,68,92,Full,0,8165.0,3
15235,1349,M,PhD,61,Other,68,93,Full,0,8402.0,3
15236,1349,M,PhD,61,Other,68,94,Full,0,8402.0,3
15237,1349,M,PhD,61,Other,68,95,Full,0,8646.0,3
15238,1351,F,PhD,84,Arts,85,85,Assist,0,2667.0,1
15239,1351,F,PhD,84,Arts,85,86,Assist,0,2774.0,1
15240,1351,F,PhD,84,Arts,85,87,Assist,0,2913.0,1
15241,1351,F,PhD,84,Arts,85,88,Assist,0,2998.0,1
15242,1351,F,PhD,84,Arts,85,89,Assist,0,3254.0,1
15243,1351,F,PhD,84,Arts,85,90,Assist,0,3505.0,1
15244,1351,F,PhD,84,Arts,85,91,Assoc,0,3828.0,2
15245,1351,F,PhD,84,Arts,85,92,Assoc,0,4171.0,2
15246,1351,F,PhD,84,Arts,85,93,Assoc,0,4292.0,2
15247,1351,F,PhD,84,Arts,85,94,Assoc,0,4292.0,2
15248,1351,F,PhD,84,Arts,85,95,Assoc,0,4416.0,2
15249,1352,M,PhD,77,Other,84,84,Assoc,0,3688.0,2
15250,1352,M,PhD,77,Other,84,85,Assoc,0,3688.0,2
15251,1352,M,PhD,77,Other,84,86,Assoc,0,4081.0,2
15252,1352,M,PhD,77,Other,84,87,Assoc,0,4285.0,2
15253,1352,M,PhD,77,Other,84,88,Assoc,0,4805.0,2
15254,1352,M,PhD,77,Other,84,89,Assoc,0,5141.0,2
15255,1352,M,PhD,77,Other,84,90,Assoc,0,5381.0,2
15256,1352,M,PhD,77,Other,84,91,Assoc,0,5711.714,2
15257,1352,M,PhD,77,Other,84,92,Full,0,6781.0,3
15258,1352,M,PhD,77,Other,84,93,Full,0,6878.0,3
15259,1352,M,PhD,77,Other,84,94,Full,1,7283.0,3
15260,1352,M,PhD,77,Other,84,95,Full,1,7602.0,3
15262,1354,F,PhD,87,Other,90,90,Assist,0,4160.0,1
15263,1354,F,PhD,87,Other,90,91,Assist,0,4231.0,1
15264,1354,F,PhD,87,Other,90,92,Assist,0,4353.0,1
15265,1354,F,PhD,87,Other,90,93,Assist,0,4480.0,1
15266,1354,F,PhD,87,Other,90,94,Assist,0,4480.0,1
15267,1354,F,PhD,87,Other,90,95,Assist,0,4812.0,1
15268,1355,M,PhD,72,Other,78,78,Assist,0,1904.0,1
15269,1355,M,PhD,72,Other,78,79,Assist,0,2079.0,1
15270,1355,M,PhD,72,Other,78,80,Assoc,0,2333.0,2
15271,1355,M,PhD,72,Other,78,81,Assoc,0,2532.0,2
15272,1355,M,PhD,72,Other,78,82,Assoc,0,2605.0,2
15273,1355,M,PhD,72,Other,78,83,Assoc,0,2748.0,2
15274,1355,M,PhD,72,Other,78,84,Assoc,0,3063.0,2
15275,1355,M,PhD,72,Other,78,85,Assoc,0,3063.0,2
15276,1355,M,PhD,72,Other,78,86,Assoc,0,3487.0,2
15277,1355,M,PhD,72,Other,78,87,Assoc,0,3662.0,2
15278,1355,M,PhD,72,Other,78,88,Assoc,0,3768.0,2
15279,1355,M,PhD,72,Other,78,89,Assoc,0,4149.0,2
15280,1355,M,PhD,72,Other,78,90,Full,0,4533.0,3
15281,1355,M,PhD,72,Other,78,91,Full,0,4881.0,3
15282,1355,M,PhD,72,Other,78,92,Full,1,5631.0,3
15283,1355,M,PhD,72,Other,78,93,Full,1,5794.0,3
15284,1355,M,PhD,72,Other,78,94,Full,1,5794.0,3
15285,1355,M,PhD,72,Other,78,95,Full,1,6135.0,3
15286,1356,M,PhD,78,Prof,91,91,Assoc,0,4806.0,2
15287,1356,M,PhD,78,Prof,91,92,Assoc,0,4993.0,2
15288,1356,M,PhD,78,Prof,91,93,Assoc,0,5184.0,2
15289,1356,M,PhD,78,Prof,91,94,Assoc,0,5870.0,2
15290,1356,M,PhD,78,Prof,91,95,Assoc,0,6140.0,2
15291,1357,M,PhD,87,Other,92,92,Assist,0,3175.0,1
15292,1357,M,PhD,87,Other,92,93,Assist,0,3314.0,1
15293,1357,M,PhD,87,Other,92,94,Assist,0,3314.0,1
15294,1357,M,PhD,87,Other,92,95,Assist,0,3459.0,1
15295,1359,F,PhD,85,Other,88,88,Assist,0,3505.0,1
15296,1359,F,PhD,85,Other,88,89,Assist,0,3803.0,1
15297,1359,F,PhD,85,Other,88,90,Assist,0,4096.0,1
15298,1359,F,PhD,85,Other,88,91,Assoc,0,4538.0,2
15299,1359,F,PhD,85,Other,88,92,Assoc,0,4806.0,2
15300,1359,F,PhD,85,Other,88,93,Assoc,0,4945.0,2
15301,1359,F,PhD,85,Other,88,94,Assoc,0,4945.0,2
15302,1359,F,PhD,85,Other,88,95,Full,0,6676.0,3
15303,1360,M,PhD,81,Other,87,87,Assist,0,3768.0,1
15304,1360,M,PhD,81,Other,87,88,Assist,0,3768.0,1
15305,1360,M,PhD,81,Other,87,89,Assist,0,4032.0,1
15306,1360,M,PhD,81,Other,87,90,Assoc,0,4343.0,2
15307,1360,M,PhD,81,Other,87,91,Assoc,0,4610.0,2
15308,1360,M,PhD,81,Other,87,92,Assoc,0,4743.0,2
15309,1360,M,PhD,81,Other,87,93,Assoc,0,4881.0,2
15310,1360,M,PhD,81,Other,87,94,Assoc,0,4881.0,2
15311,1360,M,PhD,81,Other,87,95,Assoc,0,5242.0,2
15312,1361,M,PhD,65,Prof,65,76,Full,1,2089.0,3
15313,1361,M,PhD,65,Prof,65,77,Full,1,2502.0,3
15314,1361,M,PhD,65,Prof,65,78,Full,1,2888.0,3
15315,1361,M,PhD,65,Prof,65,80,Full,0,3447.0,3
15316,1361,M,PhD,65,Prof,65,81,Full,1,3831.0,3
15317,1361,M,PhD,65,Prof,65,82,Full,0,4116.0,3
15318,1361,M,PhD,65,Prof,65,83,Full,0,4342.0,3
15319,1361,M,PhD,65,Prof,65,84,Full,0,4505.0,3
15320,1361,M,PhD,65,Prof,65,85,Full,0,4505.0,3
15321,1361,M,PhD,65,Prof,65,86,Full,0,4914.0,3
15322,1361,M,PhD,65,Prof,65,87,Full,0,5160.0,3
15323,1361,M,PhD,65,Prof,65,88,Full,0,5235.0,3
15324,1361,M,PhD,65,Prof,65,89,Full,0,5931.0,3
15325,1361,M,PhD,65,Prof,65,90,Full,0,6208.0,3
15326,1361,M,PhD,65,Prof,65,91,Full,0,6684.0,3
15327,1361,M,PhD,65,Prof,65,92,Full,0,7602.0,3
15328,1361,M,PhD,65,Prof,65,93,Full,0,7823.0,3
15329,1361,M,PhD,65,Prof,65,94,Full,0,7823.0,3
15330,1361,M,PhD,65,Prof,65,95,Full,0,8165.0,3
15331,1362,M,PhD,84,Other,90,90,Assist,0,4468.0,1
15332,1362,M,PhD,84,Other,90,91,Assist,0,4544.0,1
15333,1362,M,PhD,84,Other,90,92,Assist,0,4676.0,1
15334,1362,M,PhD,84,Other,90,93,Assist,0,4812.0,1
15335,1362,M,PhD,84,Other,90,94,Assist,0,4812.0,1
15336,1362,M,PhD,84,Other,90,95,Assist,0,5022.0,1
15337,1363,M,PhD,69,Other,68,76,Full,0,2500.0,3
15338,1363,M,PhD,69,Other,68,77,Full,0,2872.0,3
15339,1363,M,PhD,69,Other,68,78,Full,0,3059.0,3
15340,1363,M,PhD,69,Other,68,79,Full,0,3615.0,3
15341,1363,M,PhD,69,Other,68,80,Full,0,3916.0,3
15342,1363,M,PhD,69,Other,68,81,Full,0,4548.0,3
15343,1363,M,PhD,69,Other,68,82,Full,0,4886.0,3
15344,1363,M,PhD,69,Other,68,83,Full,0,5537.0,3
15345,1363,M,PhD,69,Other,68,84,Full,0,6170.0,3
15346,1363,M,PhD,69,Other,68,85,Full,0,6170.0,3
15347,1363,M,PhD,69,Other,68,86,Full,0,8188.0,3
15348,1363,M,PhD,69,Other,68,87,Full,0,8361.0,3
15349,1363,M,PhD,69,Other,68,88,Full,0,8703.0,3
15350,1363,M,PhD,69,Other,68,89,Full,0,9656.0,3
15351,1363,M,PhD,69,Other,68,90,Full,1,9669.0,3
15352,1363,M,PhD,69,Other,68,91,Full,1,10411.0,3
15353,1363,M,PhD,69,Other,68,92,Full,1,11343.0,3
15354,1363,M,PhD,69,Other,68,93,Full,1,11672.0,3
15355,1363,M,PhD,69,Other,68,94,Full,1,11672.0,3
15356,1363,M,PhD,69,Other,68,95,Full,1,12270.0,3
15357,1364,M,PhD,69,Arts,68,76,Assoc,0,1674.627,2
15358,1364,M,PhD,69,Arts,68,77,Assoc,0,1866.0,2
15359,1364,M,PhD,69,Arts,68,78,Assoc,0,1980.0,2
15360,1364,M,PhD,69,Arts,68,79,Assoc,0,2202.0,2
15361,1364,M,PhD,69,Arts,68,80,Assoc,0,2376.0,2
15362,1364,M,PhD,69,Arts,68,81,Assoc,0,2642.0,2
15363,1364,M,PhD,69,Arts,68,82,Assoc,0,2642.0,2
15364,1364,M,PhD,69,Arts,68,83,Assoc,0,2787.0,2
15365,1364,M,PhD,69,Arts,68,84,Assoc,0,3020.0,2
15366,1364,M,PhD,69,Arts,68,85,Assoc,0,3020.0,2
15367,1364,M,PhD,69,Arts,68,86,Assoc,0,3293.0,2
15368,1364,M,PhD,69,Arts,68,87,Assoc,0,3458.0,2
15369,1364,M,PhD,69,Arts,68,88,Assoc,0,3508.0,2
15370,1364,M,PhD,69,Arts,68,89,Assoc,0,3648.0,2
15371,1364,M,PhD,69,Arts,68,90,Assoc,0,3711.0,2
15372,1364,M,PhD,69,Arts,68,91,Assoc,0,3883.0,2
15373,1364,M,PhD,69,Arts,68,92,Assoc,0,3996.0,2
15374,1364,M,PhD,69,Arts,68,93,Assoc,0,3996.0,2
15375,1364,M,PhD,69,Arts,68,94,Assoc,0,3996.0,2
15376,1364,M,PhD,69,Arts,68,95,Assoc,0,4231.0,2
15377,1365,M,PhD,78,Arts,79,79,Assist,0,1842.0,1
15378,1365,M,PhD,78,Arts,79,80,Assist,0,2037.0,1
15379,1365,M,PhD,78,Arts,79,81,Assist,0,2258.0,1
15380,1365,M,PhD,78,Arts,79,82,Assist,0,2192.0,1
15381,1365,M,PhD,78,Arts,79,83,Assist,0,2595.0,1
15382,1365,M,PhD,78,Arts,79,84,Assist,0,2770.0,1
15383,1365,M,PhD,78,Arts,79,85,Assoc,0,2851.0,2
15384,1365,M,PhD,78,Arts,79,86,Assoc,0,3110.0,2
15385,1365,M,PhD,78,Arts,79,87,Assoc,0,3266.0,2
15386,1365,M,PhD,78,Arts,79,88,Assoc,0,3313.0,2
15387,1365,M,PhD,78,Arts,79,89,Assoc,0,3808.0,2
15388,1365,M,PhD,78,Arts,79,90,Assoc,0,3986.0,2
15389,1365,M,PhD,78,Arts,79,91,Assoc,0,4231.0,2
15390,1365,M,PhD,78,Arts,79,92,Assoc,0,4353.0,2
15391,1365,M,PhD,78,Arts,79,93,Assoc,0,4416.0,2
15392,1365,M,PhD,78,Arts,79,94,Assoc,0,4416.0,2
15393,1365,M,PhD,78,Arts,79,95,Assoc,1,4743.0,2
15394,1366,F,PhD,76,Arts,89,89,Assist,0,3348.0,1
15395,1366,F,PhD,76,Arts,89,90,Assist,0,3406.0,1
15396,1366,F,PhD,76,Arts,89,91,Assist,0,3667.0,1
15397,1366,F,PhD,76,Arts,89,92,Assist,0,3774.0,1
15398,1366,F,PhD,76,Arts,89,93,Assist,0,3828.0,1
15399,1366,F,PhD,76,Arts,89,94,Assist,0,3828.0,1
15400,1366,F,PhD,76,Arts,89,95,Assist,0,3939.0,1
15401,1367,M,PhD,83,Other,93,93,Assoc,0,5318.667,2
15402,1367,M,PhD,83,Other,93,94,Assoc,0,5318.667,2
15403,1367,M,PhD,83,Other,93,95,Assoc,0,5472.0,2
15404,1368,M,PhD,77,Prof,86,86,Assoc,0,4708.0,2
15405,1368,M,PhD,77,Prof,86,87,Assoc,0,4944.0,2
15406,1368,M,PhD,77,Prof,86,88,Full,0,5087.0,3
15407,1368,M,PhD,77,Prof,86,89,Full,0,5443.0,3
15408,1368,M,PhD,77,Prof,86,90,Full,0,5698.0,3
15409,1368,M,PhD,77,Prof,86,91,Full,0,6048.0,3
15410,1368,M,PhD,77,Prof,86,92,Full,0,6781.0,3
15411,1368,M,PhD,77,Prof,86,93,Full,0,6977.0,3
15412,1368,M,PhD,77,Prof,86,94,Full,0,6977.0,3
15413,1368,M,PhD,77,Prof,86,95,Full,0,7283.0,3
15414,1369,F,PhD,88,Other,88,88,Assist,0,3313.0,1
15415,1369,F,PhD,88,Other,88,89,Assist,0,3445.0,1
15416,1369,F,PhD,88,Other,88,90,Assist,0,3873.0,1
15417,1369,F,PhD,88,Other,88,91,Assist,0,4171.0,1
15418,1369,F,PhD,88,Other,88,92,Assoc,0,4743.0,2
15419,1369,F,PhD,88,Other,88,93,Assoc,0,5022.0,2
15420,1369,F,PhD,88,Other,88,94,Assoc,0,5022.0,2
15421,1369,F,PhD,88,Other,88,95,Assoc,0,5394.0,2
15422,1371,M,PhD,66,Other,69,76,Full,0,2605.882,3
15423,1371,M,PhD,66,Other,69,77,Full,0,3005.882,3
15424,1371,M,PhD,66,Other,69,78,Full,0,3239.0,3
15425,1371,M,PhD,66,Other,69,79,Full,0,3686.0,3
15426,1371,M,PhD,66,Other,69,80,Full,0,4090.909,3
15427,1371,M,PhD,66,Other,69,81,Full,0,4681.0,3
15428,1371,M,PhD,66,Other,69,82,Full,1,4609.0,3
15429,1371,M,PhD,66,Other,69,83,Full,1,5374.0,3
15430,1371,M,PhD,66,Other,69,84,Full,1,6533.0,3
15431,1371,M,PhD,66,Other,69,85,Full,1,6533.0,3
15432,1371,M,PhD,66,Other,69,86,Full,0,8104.0,3
15433,1371,M,PhD,66,Other,69,87,Full,0,8757.0,3
15434,1371,M,PhD,66,Other,69,88,Full,0,9406.0,3
15435,1371,M,PhD,66,Other,69,89,Full,0,10657.0,3
15436,1371,M,PhD,66,Other,69,90,Full,0,11155.0,3
15437,1371,M,PhD,66,Other,69,91,Full,0,11672.0,3
15438,1371,M,PhD,66,Other,69,92,Full,0,11840.0,3
15439,1371,M,PhD,66,Other,69,93,Full,0,12011.0,3
15440,1371,M,PhD,66,Other,69,94,Full,0,12011.0,3
15441,1371,M,PhD,66,Other,69,95,Full,0,12241.0,3
15442,1372,M,PhD,70,Arts,85,85,Full,0,4856.0,3
15443,1372,M,PhD,70,Arts,85,86,Full,0,5056.0,3
15444,1372,M,PhD,70,Arts,85,87,Full,0,5310.0,3
15445,1372,M,PhD,70,Arts,85,88,Full,1,5786.0,3
15446,1372,M,PhD,70,Arts,85,89,Full,1,6280.0,3
15447,1372,M,PhD,70,Arts,85,90,Full,0,6668.0,3
15448,1372,M,PhD,70,Arts,85,91,Full,0,6977.0,3
15449,1372,M,PhD,70,Arts,85,92,Full,0,7078.0,3
15450,1372,M,PhD,70,Arts,85,93,Full,0,7180.0,3
15451,1372,M,PhD,70,Arts,85,94,Full,0,7180.0,3
15452,1372,M,PhD,70,Arts,85,95,Full,0,7823.0,3
15453,1374,M,PhD,75,Other,77,77,Assist,0,1773.0,1
15454,1374,M,PhD,75,Other,77,78,Assist,0,1866.0,1
15455,1374,M,PhD,75,Other,77,79,Assist,0,2120.0,1
15456,1374,M,PhD,75,Other,77,80,Assoc,0,2376.0,2
15457,1374,M,PhD,75,Other,77,81,Assoc,0,2605.0,2
15458,1374,M,PhD,75,Other,77,82,Assoc,0,2719.0,2
15459,1374,M,PhD,75,Other,77,83,Assoc,0,3125.0,2
15460,1374,M,PhD,75,Other,77,84,Full,0,3586.0,3
15461,1374,M,PhD,75,Other,77,85,Full,0,3586.0,3
15462,1374,M,PhD,75,Other,77,86,Full,0,4023.0,3
15463,1374,M,PhD,75,Other,77,87,Full,0,4225.0,3
15464,1374,M,PhD,75,Other,77,88,Full,1,4347.0,3
15465,1374,M,PhD,75,Other,77,89,Full,1,4925.0,3
15466,1374,M,PhD,75,Other,77,90,Full,1,5229.0,3
15467,1374,M,PhD,75,Other,77,91,Full,1,6590.0,3
15468,1374,M,PhD,75,Other,77,92,Full,0,6781.0,3
15469,1374,M,PhD,75,Other,77,93,Full,1,6977.0,3
15470,1374,M,PhD,75,Other,77,94,Full,0,6977.0,3
15471,1374,M,PhD,75,Other,77,95,Full,1,7283.0,3
15472,1375,M,PhD,65,Prof,66,76,Full,0,2160.0,3
15473,1375,M,PhD,65,Prof,66,77,Full,0,2419.0,3
15474,1375,M,PhD,65,Prof,66,78,Full,0,2544.0,3
15475,1375,M,PhD,65,Prof,66,79,Full,0,2850.0,3
15476,1375,M,PhD,65,Prof,66,80,Full,0,3058.0,3
15477,1375,M,PhD,65,Prof,66,81,Full,0,3517.0,3
15478,1375,M,PhD,65,Prof,66,82,Full,1,3802.0,3
15479,1375,M,PhD,65,Prof,66,83,Full,1,4592.0,3
15480,1375,M,PhD,65,Prof,66,84,Full,1,5192.0,3
15481,1375,M,PhD,65,Prof,66,85,Full,1,5192.0,3
15482,1375,M,PhD,65,Prof,66,86,Full,1,6348.0,3
15483,1375,M,PhD,65,Prof,66,87,Full,1,6668.0,3
15484,1375,M,PhD,65,Prof,66,88,Full,1,7060.0,3
15485,1375,M,PhD,65,Prof,66,89,Full,1,7771.0,3
15486,1375,M,PhD,65,Prof,66,90,Full,1,8371.0,3
15487,1375,M,PhD,65,Prof,66,91,Full,1,8759.0,3
15488,1375,M,PhD,65,Prof,66,92,Full,1,9143.0,3
15489,1375,M,PhD,65,Prof,66,93,Full,1,9408.0,3
15490,1375,M,PhD,65,Prof,66,94,Full,1,9408.0,3
15491,1375,M,PhD,65,Prof,66,95,Full,1,9681.0,3
15492,1376,F,PhD,81,Other,86,86,Assoc,0,4156.471,2
15493,1376,F,PhD,81,Other,86,87,Assoc,0,3711.0,2
15494,1376,F,PhD,81,Other,86,88,Assoc,1,4281.0,2
15495,1376,F,PhD,81,Other,86,89,Assoc,1,4580.0,2
15496,1376,F,PhD,81,Other,86,90,Assoc,1,4933.0,2
15497,1376,F,PhD,81,Other,86,91,Assoc,1,5388.0,2
15498,1376,F,PhD,81,Other,86,92,Assoc,1,5627.0,2
15499,1376,F,PhD,81,Other,86,93,Full,1,6216.0,3
15500,1376,F,PhD,81,Other,86,94,Full,1,6216.0,3
15501,1376,F,PhD,81,Other,86,95,Full,0,7180.0,3
15502,1377,M,PhD,73,Other,75,76,Assist,0,1592.0,1
15503,1377,M,PhD,73,Other,75,77,Assist,0,1754.0,1
15504,1377,M,PhD,73,Other,75,78,Assoc,0,1980.0,2
15505,1377,M,PhD,73,Other,75,79,Assoc,0,2500.0,2
15506,1377,M,PhD,73,Other,75,80,Assoc,0,2642.0,2
15507,1377,M,PhD,73,Other,75,81,Assoc,0,2879.0,2
15508,1377,M,PhD,73,Other,75,82,Full,0,3137.0,3
15509,1377,M,PhD,73,Other,75,83,Full,0,3310.0,3
15510,1377,M,PhD,73,Other,75,84,Full,0,3534.0,3
15511,1377,M,PhD,73,Other,75,85,Full,0,3534.0,3
15512,1377,M,PhD,73,Other,75,86,Full,0,4199.0,3
15513,1377,M,PhD,73,Other,75,87,Full,0,4410.0,3
15514,1377,M,PhD,73,Other,75,88,Full,0,4538.0,3
15515,1377,M,PhD,73,Other,75,89,Full,0,4786.0,3
15516,1377,M,PhD,73,Other,75,90,Full,0,4939.0,3
15517,1377,M,PhD,73,Other,75,91,Full,1,5388.0,3
15518,1377,M,PhD,73,Other,75,92,Full,1,5747.0,3
15519,1377,M,PhD,73,Other,75,93,Full,1,5991.0,3
15520,1377,M,PhD,73,Other,75,94,Full,1,6991.0,3
15521,1377,M,PhD,73,Other,75,95,Full,1,11783.0,3
15522,1378,M,PhD,76,Other,76,76,Assist,0,1563.0,1
15523,1378,M,PhD,76,Other,76,77,Assist,0,1717.0,1
15524,1378,M,PhD,76,Other,76,78,Assist,0,1791.0,1
15525,1378,M,PhD,76,Other,76,79,Assist,0,1959.0,1
15526,1378,M,PhD,76,Other,76,80,Assist,0,2121.0,1
15527,1378,M,PhD,76,Other,76,82,Assist,0,2448.485,1
15528,1378,M,PhD,76,Other,76,83,Assoc,0,2708.0,2
15529,1378,M,PhD,76,Other,76,84,Assoc,0,3290.0,2
15530,1378,M,PhD,76,Other,76,85,Assoc,0,3290.0,2
15531,1378,M,PhD,76,Other,76,86,Full,0,3909.0,3
15532,1378,M,PhD,76,Other,76,87,Full,0,4105.0,3
15533,1378,M,PhD,76,Other,76,88,Full,0,4410.0,3
15534,1378,M,PhD,76,Other,76,89,Full,0,4996.0,3
15535,1378,M,PhD,76,Other,76,90,Full,0,5305.0,3
15536,1378,M,PhD,76,Other,76,91,Full,0,5878.0,3
15537,1378,M,PhD,76,Other,76,92,Full,0,6313.0,3
15538,1378,M,PhD,76,Other,76,93,Full,0,6496.0,3
15539,1378,M,PhD,76,Other,76,94,Full,0,6496.0,3
15540,1378,M,PhD,76,Other,76,95,Full,0,6977.0,3
15541,1379,M,PhD,71,Other,74,76,Assist,0,1405.0,1
15542,1379,M,PhD,71,Other,74,77,Assist,0,1507.0,1
15543,1379,M,PhD,71,Other,74,78,Assist,0,1574.0,1
15544,1379,M,PhD,71,Other,74,79,Assist,0,1760.0,1
15545,1379,M,PhD,71,Other,74,80,Assist,0,1869.0,1
15546,1379,M,PhD,71,Other,74,81,Assist,0,2099.0,1
15547,1379,M,PhD,71,Other,74,82,Assist,0,2161.0,1
15548,1379,M,PhD,71,Other,74,83,Assoc,0,2414.0,2
15549,1379,M,PhD,71,Other,74,84,Assoc,0,2613.0,2
15550,1379,M,PhD,71,Other,74,85,Assoc,0,2613.0,2
15551,1379,M,PhD,71,Other,74,86,Assoc,0,2692.0,2
15552,1379,M,PhD,71,Other,74,87,Assoc,0,2828.0,2
15553,1379,M,PhD,71,Other,74,88,Assoc,0,3038.0,2
15554,1379,M,PhD,71,Other,74,89,Assoc,0,3344.0,2
15555,1379,M,PhD,71,Other,74,90,Assoc,0,3450.0,2
15556,1379,M,PhD,71,Other,74,91,Assoc,0,3559.0,2
15557,1379,M,PhD,71,Other,74,92,Assoc,0,3823.0,2
15558,1379,M,PhD,71,Other,74,93,Assoc,0,3991.0,2
15559,1379,M,PhD,71,Other,74,94,Assoc,0,3991.0,2
15560,1379,M,PhD,71,Other,74,95,Assoc,0,4225.0,2
15561,1380,M,PhD,74,Other,74,76,Assoc,0,1803.0,2
15562,1380,M,PhD,74,Other,74,77,Assoc,0,2019.0,2
15563,1380,M,PhD,74,Other,74,78,Assoc,0,2176.0,2
15564,1380,M,PhD,74,Other,74,79,Assoc,0,2454.0,2
15565,1380,M,PhD,74,Other,74,80,Assoc,0,2686.0,2
15566,1380,M,PhD,74,Other,74,81,Assoc,0,3092.0,2
15567,1380,M,PhD,74,Other,74,82,Full,0,3417.0,3
15568,1380,M,PhD,74,Other,74,83,Full,0,3710.0,3
15569,1380,M,PhD,74,Other,74,84,Full,0,4505.0,3
15570,1380,M,PhD,74,Other,74,85,Full,0,4505.0,3
15571,1380,M,PhD,74,Other,74,86,Full,0,4914.0,3
15572,1380,M,PhD,74,Other,74,87,Full,0,5160.0,3
15573,1380,M,PhD,74,Other,74,88,Full,0,5310.0,3
15574,1380,M,PhD,74,Other,74,89,Full,0,5846.0,3
15575,1380,M,PhD,74,Other,74,90,Full,0,6120.0,3
15576,1380,M,PhD,74,Other,74,91,Full,0,6404.0,3
15577,1380,M,PhD,74,Other,74,92,Full,0,6590.0,3
15578,1380,M,PhD,74,Other,74,93,Full,1,7388.0,3
15579,1380,M,PhD,74,Other,74,94,Full,1,7388.0,3
15580,1380,M,PhD,74,Other,74,95,Full,1,7935.0,3
15581,1381,M,PhD,76,Prof,87,87,Full,0,3606.0,3
15582,1381,M,PhD,76,Prof,87,88,Full,0,3606.0,3
15583,1381,M,PhD,76,Prof,87,89,Full,0,4029.412,3
15584,1381,M,PhD,76,Prof,87,90,Full,0,4529.412,3
15585,1381,M,PhD,76,Prof,87,91,Full,0,4806.0,3
15586,1381,M,PhD,76,Prof,87,92,Full,0,5162.0,3
15587,1381,M,PhD,76,Prof,87,93,Full,0,5465.0,3
15588,1381,M,PhD,76,Prof,87,94,Full,0,5465.0,3
15589,1381,M,PhD,76,Prof,87,95,Full,0,5705.0,3
15590,1382,M,PhD,89,Other,91,91,Assist,0,4416.0,1
15591,1382,M,PhD,89,Other,91,92,Assist,0,4416.0,1
15592,1382,M,PhD,89,Other,91,93,Assist,0,4480.0,1
15593,1382,M,PhD,89,Other,91,94,Assist,0,4480.0,1
15594,1382,M,PhD,89,Other,91,95,Assoc,0,4881.0,2
15595,1384,M,PhD,70,Prof,70,76,Assoc,0,1875.0,2
15596,1384,M,PhD,70,Prof,70,77,Assoc,0,2216.0,2
15597,1384,M,PhD,70,Prof,70,78,Assoc,0,2378.0,2
15598,1384,M,PhD,70,Prof,70,79,Full,0,2805.0,3
15599,1384,M,PhD,70,Prof,70,80,Full,0,3058.0,3
15600,1384,M,PhD,70,Prof,70,81,Full,0,3517.0,3
15601,1384,M,PhD,70,Prof,70,82,Full,0,3777.0,3
15602,1384,M,PhD,70,Prof,70,83,Full,0,4101.0,3
15603,1384,M,PhD,70,Prof,70,84,Full,0,4442.0,3
15604,1384,M,PhD,70,Prof,70,85,Full,0,4442.0,3
15605,1384,M,PhD,70,Prof,70,86,Full,0,5588.0,3
15606,1384,M,PhD,70,Prof,70,87,Full,0,5869.0,3
15607,1384,M,PhD,70,Prof,70,88,Full,0,6126.0,3
15608,1384,M,PhD,70,Prof,70,89,Full,0,6555.0,3
15609,1384,M,PhD,70,Prof,70,90,Full,0,7162.0,3
15610,1384,M,PhD,70,Prof,70,91,Full,0,7494.0,3
15611,1384,M,PhD,70,Prof,70,92,Full,0,7823.0,3
15612,1384,M,PhD,70,Prof,70,93,Full,0,8049.0,3
15613,1384,M,PhD,70,Prof,70,94,Full,0,8049.0,3
15614,1384,M,PhD,70,Prof,70,95,Full,0,8283.0,3
15615,1385,M,PhD,78,Other,87,87,Assoc,0,4285.0,2
15616,1385,M,PhD,78,Other,87,88,Assoc,0,4285.0,2
15617,1385,M,PhD,78,Other,87,89,Assoc,0,4585.0,2
15618,1385,M,PhD,78,Other,87,90,Assoc,0,4800.0,2
15619,1385,M,PhD,78,Other,87,91,Assoc,0,5022.0,2
15620,1385,M,PhD,78,Other,87,92,Assoc,0,5168.0,2
15621,1385,M,PhD,78,Other,87,93,Assoc,0,5472.0,2
15622,1385,M,PhD,78,Other,87,94,Assoc,0,5472.0,2
15623,1385,M,PhD,78,Other,87,95,Full,0,5962.0,3
15624,1386,M,PhD,69,Other,85,85,Full,0,4631.0,3
15625,1386,M,PhD,69,Other,85,86,Full,0,4769.0,3
15626,1386,M,PhD,69,Other,85,87,Full,0,5010.0,3
15627,1386,M,PhD,69,Other,85,88,Full,0,5305.0,3
15628,1386,M,PhD,69,Other,85,89,Full,0,6649.0,3
15629,1386,M,PhD,69,Other,85,90,Full,0,7162.0,3
15630,1386,M,PhD,69,Other,85,91,Full,0,7712.0,3
15631,1386,M,PhD,69,Other,85,92,Full,0,8049.0,3
15632,1386,M,PhD,69,Other,85,93,Full,0,8165.0,3
15633,1386,M,PhD,69,Other,85,94,Full,0,8165.0,3
15634,1386,M,PhD,69,Other,85,95,Full,0,8402.0,3
15635,1387,M,PhD,82,Prof,84,84,Assist,0,3484.0,1
15636,1387,M,PhD,82,Prof,84,85,Assist,0,3484.0,1
15637,1387,M,PhD,82,Prof,84,86,Assist,0,4510.0,1
15638,1387,M,PhD,82,Prof,84,87,Assist,0,4736.0,1
15639,1387,M,PhD,82,Prof,84,88,Assist,0,5015.0,1
15640,1387,M,PhD,82,Prof,84,89,Assist,0,5522.0,1
15641,1387,M,PhD,82,Prof,84,90,Assoc,0,6120.0,2
15642,1387,M,PhD,82,Prof,84,91,Assoc,0,6590.0,2
15643,1387,M,PhD,82,Prof,84,92,Assoc,0,6977.0,2
15644,1387,M,PhD,82,Prof,84,93,Assoc,0,7283.0,2
15645,1387,M,PhD,82,Prof,84,94,Assoc,0,7283.0,2
15646,1387,M,PhD,82,Prof,84,95,Assoc,0,7388.0,2
15647,1388,M,PhD,72,Other,74,76,Assist,0,1623.0,1
15648,1388,M,PhD,72,Other,74,77,Assist,0,1791.0,1
15649,1388,M,PhD,72,Other,74,78,Assist,0,1904.0,1
15650,1388,M,PhD,72,Other,74,79,Assoc,0,2120.0,2
15651,1388,M,PhD,72,Other,74,80,Assoc,0,2290.0,2
15652,1388,M,PhD,72,Other,74,81,Assoc,0,2566.667,2
15653,1388,M,PhD,72,Other,74,82,Assoc,0,2719.0,2
15654,1388,M,PhD,72,Other,74,83,Assoc,0,2952.0,2
15655,1388,M,PhD,72,Other,74,84,Assoc,0,3152.0,2
15656,1388,M,PhD,72,Other,74,85,Full,0,3243.0,3
15657,1388,M,PhD,72,Other,74,86,Full,0,3745.0,3
15658,1388,M,PhD,72,Other,74,87,Full,0,3933.0,3
15659,1388,M,PhD,72,Other,74,88,Full,0,4105.0,3
15660,1388,M,PhD,72,Other,74,89,Full,1,5215.0,3
15661,1388,M,PhD,72,Other,74,90,Full,1,5458.0,3
15662,1388,M,PhD,72,Other,74,91,Full,1,5794.0,3
15663,1388,M,PhD,72,Other,74,92,Full,1,5962.0,3
15664,1388,M,PhD,72,Other,74,93,Full,1,6135.0,3
15665,1388,M,PhD,72,Other,74,94,Full,0,6878.0,3
15666,1388,M,PhD,72,Other,74,95,Full,0,7078.0,3
15667,1389,F,PhD,71,Arts,71,76,Assist,0,1623.0,1
15668,1389,F,PhD,71,Arts,71,77,Assoc,0,1866.0,2
15669,1389,F,PhD,71,Arts,71,78,Assoc,0,1980.0,2
15670,1389,F,PhD,71,Arts,71,79,Assoc,0,2161.0,2
15671,1389,F,PhD,71,Arts,71,80,Assoc,0,2290.0,2
15672,1389,F,PhD,71,Arts,71,81,Assoc,0,2496.0,2
15673,1389,F,PhD,71,Arts,71,82,Assoc,0,2496.0,2
15674,1389,F,PhD,71,Arts,71,83,Assoc,0,2787.0,2
15675,1389,F,PhD,71,Arts,71,84,Full,0,3290.0,3
15676,1389,F,PhD,71,Arts,71,85,Full,0,3273.134,3
15677,1389,F,PhD,71,Arts,71,86,Full,0,3745.0,3
15678,1389,F,PhD,71,Arts,71,87,Full,0,3933.0,3
15679,1389,F,PhD,71,Arts,71,88,Full,0,4669.0,3
15680,1389,F,PhD,71,Arts,71,89,Full,0,4855.0,3
15681,1389,F,PhD,71,Arts,71,90,Full,0,5229.0,3
15682,1389,F,PhD,71,Arts,71,91,Full,0,5551.0,3
15683,1389,F,PhD,71,Arts,71,92,Full,0,5712.0,3
15684,1389,F,PhD,71,Arts,71,93,Full,0,5878.0,3
15685,1389,F,PhD,71,Arts,71,94,Full,0,5878.0,3
15686,1389,F,PhD,71,Arts,71,95,Full,0,6135.0,3
15687,1391,M,PhD,78,Prof,78,78,Assist,0,1700.0,1
15688,1391,M,PhD,78,Prof,78,79,Assist,0,1964.0,1
15689,1391,M,PhD,78,Prof,78,80,Assist,0,2147.0,1
15690,1391,M,PhD,78,Prof,78,81,Assist,0,2357.0,1
15691,1391,M,PhD,78,Prof,78,82,Assist,0,2496.0,1
15692,1391,M,PhD,78,Prof,78,83,Assist,0,2633.0,1
15693,1391,M,PhD,78,Prof,78,84,Assoc,0,2977.0,2
15694,1391,M,PhD,78,Prof,78,85,Assoc,0,2977.0,2
15695,1391,M,PhD,78,Prof,78,86,Assoc,0,3537.0,2
15696,1391,M,PhD,78,Prof,78,87,Assoc,0,3715.0,2
15697,1391,M,PhD,78,Prof,78,88,Assoc,0,3715.0,2
15698,1391,M,PhD,78,Prof,78,89,Assoc,0,4032.0,2
15699,1391,M,PhD,78,Prof,78,90,Full,0,4405.0,3
15700,1391,M,PhD,78,Prof,78,91,Full,0,4743.0,3
15701,1391,M,PhD,78,Prof,78,92,Full,0,5095.0,3
15702,1391,M,PhD,78,Prof,78,93,Full,0,5472.0,3
15703,1391,M,PhD,78,Prof,78,94,Full,0,5472.0,3
15704,1391,M,PhD,78,Prof,78,95,Full,0,6048.0,3
15705,1392,M,PhD,90,Other,90,90,Assist,0,4731.0,1
15706,1392,M,PhD,90,Other,90,91,Assist,0,4812.0,1
15707,1392,M,PhD,90,Other,90,92,Assist,0,4951.0,1
15708,1392,M,PhD,90,Other,90,93,Assist,0,5168.0,1
15709,1392,M,PhD,90,Other,90,94,Assist,0,5168.0,1
15710,1392,M,PhD,90,Other,90,95,Assist,0,5631.0,1
15711,1393,F,PhD,90,Arts,91,91,Assist,0,3225.0,1
15712,1393,F,PhD,90,Arts,91,92,Assist,0,3318.0,1
15713,1393,F,PhD,90,Arts,91,93,Assist,0,3366.0,1
15714,1393,F,PhD,90,Arts,91,94,Assist,0,3366.0,1
15715,1393,F,PhD,90,Arts,91,95,Assist,0,3414.0,1
15716,1394,F,PhD,91,Other,91,91,Assist,0,4165.0,1
15717,1394,F,PhD,91,Other,91,92,Assist,0,5208.0,1
15718,1394,F,PhD,91,Other,91,93,Assist,0,5833.0,1
15719,1394,F,PhD,91,Other,91,94,Assist,0,5833.0,1
15720,1394,F,PhD,91,Other,91,95,Assist,0,5963.0,1
15721,1395,M,PhD,59,Other,59,76,Full,0,2625.397,3
15722,1395,M,PhD,59,Other,59,77,Full,0,2844.0,3
15723,1395,M,PhD,59,Other,59,78,Full,0,2976.0,3
15724,1395,M,PhD,59,Other,59,79,Full,0,3219.0,3
15725,1395,M,PhD,59,Other,59,80,Full,0,3398.0,3
15726,1395,M,PhD,59,Other,59,81,Full,0,3723.0,3
15727,1395,M,PhD,59,Other,59,82,Full,0,3723.0,3
15728,1395,M,PhD,59,Other,59,83,Full,0,3928.0,3
15729,1395,M,PhD,59,Other,59,84,Full,0,4317.0,3
15730,1395,M,PhD,59,Other,59,85,Full,0,4317.0,3
15731,1395,M,PhD,59,Other,59,86,Full,0,4446.0,3
15732,1395,M,PhD,59,Other,59,87,Full,0,4669.0,3
15733,1395,M,PhD,59,Other,59,88,Full,0,4805.0,3
15734,1395,M,PhD,59,Other,59,89,Full,0,5215.0,3
15735,1395,M,PhD,59,Other,59,90,Full,0,5381.0,3
15736,1395,M,PhD,59,Other,59,91,Full,0,5631.0,3
15737,1395,M,PhD,59,Other,59,92,Full,0,5794.0,3
15738,1395,M,PhD,59,Other,59,93,Full,0,5962.0,3
15739,1395,M,PhD,59,Other,59,94,Full,0,5962.0,3
15740,1395,M,PhD,59,Other,59,95,Full,0,6223.0,3
15741,1396,M,PhD,82,Other,84,84,Assist,0,2434.0,1
15742,1396,M,PhD,82,Other,84,85,Assist,0,2434.0,1
15743,1396,M,PhD,82,Other,84,86,Assist,0,2507.0,1
15744,1396,M,PhD,82,Other,84,87,Assist,0,2633.0,1
15745,1396,M,PhD,82,Other,84,88,Assist,0,2788.0,1
15746,1396,M,PhD,82,Other,84,89,Assist,0,3069.0,1
15747,1396,M,PhD,82,Other,84,90,Assist,0,3212.0,1
15748,1396,M,PhD,82,Other,84,91,Assoc,0,3559.0,2
15749,1396,M,PhD,82,Other,84,92,Assoc,0,3823.0,2
15750,1396,M,PhD,82,Other,84,93,Assoc,0,3991.0,2
15751,1396,M,PhD,82,Other,84,94,Assoc,0,3991.0,2
15752,1396,M,PhD,82,Other,84,95,Assoc,0,4225.0,2
15753,1397,M,PhD,61,Other,88,88,Full,0,10248.0,3
15754,1397,M,PhD,61,Other,88,89,Full,0,10810.0,3
15755,1397,M,PhD,61,Other,88,90,Full,0,11315.0,3
15756,1397,M,PhD,61,Other,88,91,Full,0,11672.0,3
15757,1397,M,PhD,61,Other,88,92,Full,0,11840.0,3
15758,1397,M,PhD,61,Other,88,93,Full,0,12184.0,3
15759,1397,M,PhD,61,Other,88,94,Full,0,12184.0,3
15760,1397,M,PhD,61,Other,88,95,Full,0,12184.0,3
15761,1398,M,PhD,84,Other,90,90,Assoc,0,4933.0,2
15762,1398,M,PhD,84,Other,90,91,Assoc,0,5016.0,2
15763,1398,M,PhD,84,Other,90,92,Assoc,0,5236.0,2
15764,1398,M,PhD,84,Other,90,93,Assoc,0,5465.0,2
15765,1398,M,PhD,84,Other,90,94,Assoc,0,5465.0,2
15766,1398,M,PhD,84,Other,90,95,Assoc,0,5705.0,2
15767,1399,F,PhD,62,Other,62,76,Assoc,0,1882.0,2
15768,1399,F,PhD,62,Other,62,77,Assoc,0,2058.0,2
15769,1399,F,PhD,62,Other,62,78,Assoc,0,2290.0,2
15770,1399,F,PhD,62,Other,62,79,Full,0,1938.0,3
15771,1399,F,PhD,62,Other,62,80,Full,0,2900.0,3
15772,1399,F,PhD,62,Other,62,81,Full,0,3298.0,3
15773,1399,F,PhD,62,Other,62,82,Full,0,3581.0,3
15774,1399,F,PhD,62,Other,62,83,Full,0,3764.0,3
15775,1399,F,PhD,62,Other,62,84,Full,0,3962.0,3
15776,1399,F,PhD,62,Other,62,85,Full,0,3962.0,3
15777,1399,F,PhD,62,Other,62,86,Full,0,4081.0,3
15778,1399,F,PhD,62,Other,62,87,Full,0,4285.0,3
15779,1399,F,PhD,62,Other,62,88,Full,0,4473.0,3
15780,1399,F,PhD,62,Other,62,89,Full,0,4786.0,3
15781,1399,F,PhD,62,Other,62,90,Full,0,5082.0,3
15782,1399,F,PhD,62,Other,62,91,Full,0,6048.0,3
15783,1399,F,PhD,62,Other,62,92,Full,0,6223.0,3
15784,1399,F,PhD,62,Other,62,93,Full,0,6404.0,3
15785,1399,F,PhD,62,Other,62,94,Full,0,6404.0,3
15786,1399,F,PhD,62,Other,62,95,Full,0,6684.0,3
15787,1400,M,PhD,73,Prof,84,84,Assoc,0,3586.0,2
15788,1400,M,PhD,73,Prof,84,85,Assoc,0,3586.0,2
15789,1400,M,PhD,73,Prof,84,86,Assoc,0,4023.0,2
15790,1400,M,PhD,73,Prof,84,87,Assoc,0,4225.0,2
15791,1400,M,PhD,73,Prof,84,88,Assoc,0,4347.0,2
15792,1400,M,PhD,73,Prof,84,89,Assoc,0,5141.0,2
15793,1400,M,PhD,73,Prof,84,90,Assoc,0,5458.0,2
15794,1400,M,PhD,73,Prof,84,91,Assoc,0,5712.0,2
15795,1400,M,PhD,73,Prof,84,92,Assoc,0,5878.0,2
15796,1400,M,PhD,73,Prof,84,93,Assoc,0,6048.0,2
15797,1400,M,PhD,73,Prof,84,94,Assoc,0,6048.0,2
15798,1400,M,PhD,73,Prof,84,95,Full,0,6496.0,3
15799,1401,M,PhD,68,Other,67,76,Assoc,0,2428.0,2
15800,1401,M,PhD,68,Other,67,77,Assoc,0,2670.0,2
15801,1401,M,PhD,68,Other,67,78,Assoc,0,2870.0,2
15802,1401,M,PhD,68,Other,67,79,Assoc,0,3189.0,2
15803,1401,M,PhD,68,Other,67,80,Full,0,3422.0,3
15804,1401,M,PhD,68,Other,67,81,Full,0,3887.0,3
15805,1401,M,PhD,68,Other,67,82,Full,1,4174.0,3
15806,1401,M,PhD,68,Other,67,83,Full,1,5155.0,3
15807,1401,M,PhD,68,Other,67,84,Full,1,5746.0,3
15808,1401,M,PhD,68,Other,67,85,Full,1,5746.0,3
15809,1401,M,PhD,68,Other,67,86,Full,1,6540.0,3
15810,1401,M,PhD,68,Other,67,87,Full,0,6540.0,3
15811,1401,M,PhD,68,Other,67,88,Full,0,7067.0,3
15812,1401,M,PhD,68,Other,67,89,Full,0,7562.0,3
15813,1401,M,PhD,68,Other,67,90,Full,0,8665.0,3
15814,1401,M,PhD,68,Other,67,91,Full,0,9520.0,3
15815,1401,M,PhD,68,Other,67,92,Full,0,10055.0,3
15816,1401,M,PhD,68,Other,67,93,Full,0,9556.0,3
15817,1401,M,PhD,68,Other,67,94,Full,0,9556.0,3
15818,1401,M,PhD,68,Other,67,95,Full,0,10363.0,3
15819,1402,M,PhD,89,Prof,89,89,Assist,0,4629.0,1
15820,1402,M,PhD,89,Prof,89,90,Assist,0,4708.0,1
15821,1402,M,PhD,89,Prof,89,91,Assist,0,4881.0,1
15822,1402,M,PhD,89,Prof,89,92,Assist,0,5095.0,1
15823,1402,M,PhD,89,Prof,89,93,Assist,0,5242.0,1
15824,1402,M,PhD,89,Prof,89,94,Assist,0,5242.0,1
15825,1402,M,PhD,89,Prof,89,95,Assist,0,5712.0,1
15846,1404,M,PhD,73,Other,72,76,Assist,0,1652.0,1
15847,1404,M,PhD,73,Other,72,77,Assist,0,1717.0,1
15848,1404,M,PhD,73,Other,72,78,Assist,0,1866.0,1
15849,1404,M,PhD,73,Other,72,79,Assoc,0,2202.0,2
15850,1404,M,PhD,73,Other,72,80,Assoc,0,2420.0,2
15851,1404,M,PhD,73,Other,72,81,Assoc,0,2680.0,2
15852,1404,M,PhD,73,Other,72,82,Assoc,0,2837.333,2
15853,1404,M,PhD,73,Other,72,83,Full,0,3081.0,3
15854,1404,M,PhD,73,Other,72,84,Full,0,3337.0,3
15855,1404,M,PhD,73,Other,72,85,Full,0,3337.0,3
15856,1404,M,PhD,73,Other,72,86,Full,0,3692.0,3
15857,1404,M,PhD,73,Other,72,87,Full,0,3877.0,3
15858,1404,M,PhD,73,Other,72,88,Full,0,3990.0,3
15859,1404,M,PhD,73,Other,72,89,Full,0,4393.0,3
15860,1404,M,PhD,73,Other,72,90,Full,0,4598.0,3
15861,1404,M,PhD,73,Other,72,91,Full,0,4881.0,3
15862,1404,M,PhD,73,Other,72,92,Full,0,5022.0,3
15863,1404,M,PhD,73,Other,72,93,Full,0,5168.0,3
15864,1404,M,PhD,73,Other,72,94,Full,0,5168.0,3
15865,1404,M,PhD,73,Other,72,95,Full,0,5631.0,3
15866,1405,F,PhD,87,Other,87,87,Assist,0,3171.0,1
15867,1405,F,PhD,87,Other,87,88,Assist,0,3171.0,1
15868,1405,F,PhD,87,Other,87,89,Assist,0,3392.0,1
15869,1405,F,PhD,87,Other,87,90,Assist,0,3602.0,1
15870,1405,F,PhD,87,Other,87,91,Assist,0,3823.0,1
15871,1405,F,PhD,87,Other,87,92,Assist,0,3934.0,1
15872,1405,F,PhD,87,Other,87,93,Assist,0,3991.0,1
15873,1405,F,PhD,87,Other,87,94,Assoc,0,4106.0,2
15874,1405,F,PhD,87,Other,87,95,Assoc,0,4286.0,2
15875,1406,M,PhD,75,Other,80,80,Assoc,1,3317.0,2
15876,1406,M,PhD,75,Other,80,81,Assoc,1,3517.0,2
15877,1406,M,PhD,75,Other,80,82,Assoc,1,3671.0,2
15878,1406,M,PhD,75,Other,80,83,Assoc,1,3873.0,2
15879,1406,M,PhD,75,Other,80,84,Assoc,1,4018.0,2
15880,1406,M,PhD,75,Other,80,85,Assoc,1,4018.0,2
15881,1406,M,PhD,75,Other,80,86,Full,1,4708.0,3
15882,1406,M,PhD,75,Other,80,87,Full,1,4944.0,3
15883,1406,M,PhD,75,Other,80,88,Full,1,5087.0,3
15884,1406,M,PhD,75,Other,80,89,Full,1,5443.0,3
15885,1406,M,PhD,75,Other,80,90,Full,1,5698.0,3
15886,1406,M,PhD,75,Other,80,91,Full,1,5962.0,3
15887,1406,M,PhD,75,Other,80,92,Full,1,6135.0,3
15888,1406,M,PhD,75,Other,80,93,Full,1,6313.0,3
15889,1406,M,PhD,75,Other,80,94,Full,1,6313.0,3
15890,1406,M,PhD,75,Other,80,95,Full,1,6590.0,3
15891,1407,F,PhD,91,Other,91,91,Assist,0,3774.0,1
15892,1407,F,PhD,91,Other,91,92,Assist,0,3774.0,1
15893,1407,F,PhD,91,Other,91,93,Assist,0,3996.0,1
15894,1407,F,PhD,91,Other,91,94,Assist,0,3996.0,1
15895,1407,F,PhD,91,Other,91,95,Assist,0,4231.0,1
15896,1408,M,PhD,68,Prof,69,76,Assoc,0,2232.0,2
15897,1408,M,PhD,68,Prof,69,77,Assoc,0,2544.0,2
15898,1408,M,PhD,68,Prof,69,78,Assoc,0,2714.0,2
15899,1408,M,PhD,68,Prof,69,79,Full,0,3064.179,3
15900,1408,M,PhD,68,Prof,69,80,Full,0,3398.0,3
15901,1408,M,PhD,68,Prof,69,81,Full,0,4174.0,3
15902,1408,M,PhD,68,Prof,69,82,Full,0,4296.0,3
15903,1408,M,PhD,68,Prof,69,83,Full,0,5010.0,3
15904,1408,M,PhD,68,Prof,69,84,Full,0,5349.0,3
15905,1408,M,PhD,68,Prof,69,85,Full,0,5349.0,3
15906,1408,M,PhD,68,Prof,69,86,Full,0,6730.0,3
15907,1408,M,PhD,68,Prof,69,87,Full,0,7067.0,3
15908,1408,M,PhD,68,Prof,69,88,Full,1,8153.0,3
15909,1408,M,PhD,68,Prof,69,89,Full,1,8478.0,3
15910,1408,M,PhD,68,Prof,69,90,Full,1,9263.0,3
15911,1408,M,PhD,68,Prof,69,91,Full,1,9693.0,3
15912,1408,M,PhD,68,Prof,69,92,Full,1,9974.0,3
15913,1408,M,PhD,68,Prof,69,93,Full,0,10263.0,3
15914,1408,M,PhD,68,Prof,69,94,Full,0,10263.0,3
15915,1408,M,PhD,68,Prof,69,95,Full,0,10867.0,3
15916,1409,M,PhD,54,Other,56,76,Full,0,2339.0,3
15917,1409,M,PhD,54,Other,56,77,Full,0,2628.0,3
15918,1409,M,PhD,54,Other,56,78,Full,0,2757.0,3
15919,1409,M,PhD,54,Other,56,79,Full,0,3032.0,3
15920,1409,M,PhD,54,Other,56,80,Full,0,3202.0,3
15921,1409,M,PhD,54,Other,56,81,Full,0,3517.0,3
15922,1409,M,PhD,54,Other,56,82,Full,0,3619.0,3
15923,1409,M,PhD,54,Other,56,83,Full,0,3818.0,3
15924,1409,M,PhD,54,Other,56,84,Full,0,4077.0,3
15925,1409,M,PhD,54,Other,56,85,Full,0,4077.0,3
15926,1409,M,PhD,54,Other,56,86,Full,0,4510.0,3
15927,1409,M,PhD,54,Other,56,87,Full,0,4736.0,3
15928,1409,M,PhD,54,Other,56,88,Full,0,4805.0,3
15929,1409,M,PhD,54,Other,56,89,Full,0,5141.0,3
15930,1409,M,PhD,54,Other,56,90,Full,0,5305.0,3
15931,1409,M,PhD,54,Other,56,91,Full,0,5551.0,3
15932,1409,M,PhD,54,Other,56,92,Full,0,5712.0,3
15933,1409,M,PhD,54,Other,56,93,Full,0,5794.0,3
15934,1409,M,PhD,54,Other,56,94,Full,0,5794.0,3
15935,1409,M,PhD,54,Other,56,95,Full,0,5962.0,3
15936,1410,M,PhD,69,Other,83,83,Assoc,0,3213.0,2
15937,1410,M,PhD,69,Other,83,84,Assoc,0,3381.0,2
15938,1410,M,PhD,69,Other,83,85,Assoc,0,3381.0,2
15939,1410,M,PhD,69,Other,83,86,Assoc,0,3688.0,2
15940,1410,M,PhD,69,Other,83,87,Assoc,0,3873.0,2
15941,1410,M,PhD,69,Other,83,88,Assoc,0,3986.0,2
15942,1410,M,PhD,69,Other,83,89,Assoc,0,4264.0,2
15943,1410,M,PhD,69,Other,83,90,Full,0,4658.0,3
15944,1410,M,PhD,69,Other,83,91,Full,0,5088.0,3
15945,1410,M,PhD,69,Other,83,92,Full,0,5311.0,3
15946,1410,M,PhD,69,Other,83,93,Full,0,5544.0,3
15947,1410,M,PhD,69,Other,83,94,Full,0,5544.0,3
15948,1410,M,PhD,69,Other,83,95,Full,0,6127.0,3
15949,1412,F,PhD,94,Other,94,94,Assist,0,4353.0,1
15950,1412,F,PhD,94,Other,94,95,Assist,0,4544.0,1
15951,1413,M,PhD,65,Other,80,80,Full,0,4718.0,3
15952,1413,M,PhD,65,Other,80,81,Full,0,5167.0,3
15953,1413,M,PhD,65,Other,80,82,Full,0,5167.0,3
15954,1413,M,PhD,65,Other,80,83,Full,0,5609.0,3
15955,1413,M,PhD,65,Other,80,84,Full,0,6076.0,3
15956,1413,M,PhD,65,Other,80,85,Full,0,6076.0,3
15957,1413,M,PhD,65,Other,80,86,Full,0,6916.0,3
15958,1413,M,PhD,65,Other,80,87,Full,0,7265.0,3
15959,1413,M,PhD,65,Other,80,88,Full,0,8271.0,3
15960,1413,M,PhD,65,Other,80,89,Full,0,8600.0,3
15961,1413,M,PhD,65,Other,80,90,Full,0,9002.0,3
15962,1413,M,PhD,65,Other,80,91,Full,0,9286.0,3
15963,1413,M,PhD,65,Other,80,92,Full,0,9420.0,3
15964,1413,M,PhD,65,Other,80,93,Full,0,9693.0,3
15965,1413,M,PhD,65,Other,80,94,Full,0,9693.0,3
15966,1413,M,PhD,65,Other,80,95,Full,0,9974.0,3
15967,1414,M,PhD,59,Other,69,76,Full,1,2894.0,3
15968,1414,M,PhD,59,Other,69,77,Full,1,3248.0,3
15969,1414,M,PhD,59,Other,69,78,Full,1,3434.0,3
15970,1414,M,PhD,59,Other,69,79,Full,0,3805.0,3
15971,1414,M,PhD,59,Other,69,80,Full,0,4062.0,3
15972,1414,M,PhD,59,Other,69,81,Full,0,4358.0,3
15973,1414,M,PhD,59,Other,69,82,Full,0,4358.0,3
15974,1414,M,PhD,59,Other,69,83,Full,0,4598.0,3
15975,1414,M,PhD,59,Other,69,84,Full,0,4841.0,3
15976,1414,M,PhD,59,Other,69,85,Full,0,4841.0,3
15977,1414,M,PhD,59,Other,69,86,Full,0,5431.0,3
15978,1414,M,PhD,59,Other,69,87,Full,0,5703.0,3
15979,1414,M,PhD,59,Other,69,88,Full,0,5869.0,3
15980,1414,M,PhD,59,Other,69,89,Full,0,6280.0,3
15981,1414,M,PhD,59,Other,69,90,Full,0,6573.0,3
15982,1414,M,PhD,59,Other,69,91,Full,0,6878.0,3
15983,1414,M,PhD,59,Other,69,92,Full,0,7078.0,3
15984,1414,M,PhD,59,Other,69,93,Full,0,7283.0,3
15985,1414,M,PhD,59,Other,69,94,Full,0,7283.0,3
15986,1414,M,PhD,59,Other,69,95,Full,0,7602.0,3
15987,1415,F,PhD,71,Arts,71,76,Assist,0,1592.0,1
15988,1415,F,PhD,71,Arts,71,77,Assist,0,1680.0,1
15989,1415,F,PhD,71,Arts,71,78,Assoc,0,1790.667,2
15990,1415,F,PhD,71,Arts,71,79,Assoc,0,2039.0,2
15991,1415,F,PhD,71,Arts,71,80,Assoc,0,2205.0,2
15992,1415,F,PhD,71,Arts,71,81,Assoc,0,2667.0,2
15993,1415,F,PhD,71,Arts,71,82,Assoc,1,2798.0,2
15994,1415,F,PhD,71,Arts,71,83,Assoc,1,2994.0,2
15995,1415,F,PhD,71,Arts,71,84,Assoc,1,6772.0,2
15996,1415,F,PhD,71,Arts,71,85,Assoc,1,3386.0,2
15997,1415,F,PhD,71,Arts,71,86,Assoc,1,3745.0,2
15998,1415,F,PhD,71,Arts,71,87,Assoc,1,4144.776,2
15999,1415,F,PhD,71,Arts,71,88,Assoc,1,4285.0,2
16000,1415,F,PhD,71,Arts,71,89,Assoc,1,4651.0,2
16001,1415,F,PhD,71,Arts,71,90,Assoc,1,5010.0,2
16002,1415,F,PhD,71,Arts,71,91,Full,1,5472.0,3
16003,1415,F,PhD,71,Arts,71,92,Full,1,5631.0,3
16004,1415,F,PhD,71,Arts,71,93,Full,0,6313.0,3
16005,1415,F,PhD,71,Arts,71,94,Full,0,6313.0,3
16006,1415,F,PhD,71,Arts,71,95,Full,0,6496.0,3
16007,1416,M,PhD,72,Other,79,79,Assist,0,2176.0,1
16008,1416,M,PhD,72,Other,79,80,Assist,0,2376.0,1
16009,1416,M,PhD,72,Other,79,81,Assoc,0,2642.0,2
16010,1416,M,PhD,72,Other,79,82,Assoc,0,2758.0,2
16011,1416,M,PhD,72,Other,79,83,Assoc,0,2910.0,2
16012,1416,M,PhD,72,Other,79,84,Assoc,1,3337.0,2
16013,1416,M,PhD,72,Other,79,85,Assoc,1,3337.0,2
16014,1416,M,PhD,72,Other,79,86,Full,1,3966.0,3
16015,1416,M,PhD,72,Other,79,87,Full,0,4165.0,3
16016,1416,M,PhD,72,Other,79,88,Full,0,4285.0,3
16017,1416,M,PhD,72,Other,79,89,Full,0,4786.0,3
16018,1416,M,PhD,72,Other,79,90,Full,0,5155.0,3
16019,1416,M,PhD,72,Other,79,91,Full,0,5712.0,3
16020,1416,M,PhD,72,Other,79,92,Full,0,5962.0,3
16021,1416,M,PhD,72,Other,79,93,Full,1,6404.0,3
16022,1416,M,PhD,72,Other,79,94,Full,1,6878.0,3
16023,1416,M,PhD,72,Other,79,95,Full,1,6781.0,3
16024,1417,M,PhD,67,Other,68,76,Assist,0,1683.0,1
16025,1417,M,PhD,67,Other,68,77,Assist,0,1828.0,1
16026,1417,M,PhD,67,Other,68,78,Assist,0,1904.0,1
16027,1417,M,PhD,67,Other,68,79,Assist,0,2079.0,1
16028,1417,M,PhD,67,Other,68,80,Assist,0,2162.0,1
16029,1417,M,PhD,67,Other,68,81,Assist,0,2258.0,1
16030,1417,M,PhD,67,Other,68,82,Assist,0,2258.0,1
16031,1417,M,PhD,67,Other,68,83,Assist,0,2416.0,1
16032,1417,M,PhD,67,Other,68,84,Assist,0,2472.0,1
16033,1417,M,PhD,67,Other,68,85,Assist,0,2472.0,1
16034,1417,M,PhD,67,Other,68,86,Assist,0,2546.0,1
16035,1417,M,PhD,67,Other,68,87,Assist,0,2674.0,1
16036,1417,M,PhD,67,Other,68,88,Assist,0,2751.0,1
16037,1417,M,PhD,67,Other,68,89,Assist,0,3013.433,1
16038,1417,M,PhD,67,Other,68,90,Assist,0,3081.0,1
16039,1417,M,PhD,67,Other,68,91,Assist,0,3225.0,1
16040,1417,M,PhD,67,Other,68,92,Assist,0,3318.0,1
16041,1417,M,PhD,67,Other,68,93,Assist,0,3318.0,1
16042,1417,M,PhD,67,Other,68,94,Assist,0,3318.0,1
16043,1417,M,PhD,67,Other,68,95,Assist,0,3318.0,1
16044,1418,M,PhD,87,Other,87,87,Assist,0,3266.0,1
16045,1418,M,PhD,87,Other,87,88,Assist,0,3361.0,1
16046,1418,M,PhD,87,Other,87,89,Assist,0,3595.0,1
16047,1418,M,PhD,87,Other,87,90,Assist,0,3873.0,1
16048,1418,M,PhD,87,Other,87,91,Assist,0,4292.0,1
16049,1418,M,PhD,87,Other,87,92,Assoc,0,4812.0,2
16050,1418,M,PhD,87,Other,87,93,Assoc,0,4951.0,2
16051,1418,M,PhD,87,Other,87,94,Assoc,0,4951.0,2
16052,1418,M,PhD,87,Other,87,95,Assoc,0,5242.0,2
16053,1419,M,PhD,61,Other,62,76,Full,0,2768.0,3
16054,1419,M,PhD,61,Other,62,77,Full,0,3111.0,3
16055,1419,M,PhD,61,Other,62,78,Full,0,3294.0,3
16056,1419,M,PhD,61,Other,62,79,Full,0,3655.0,3
16057,1419,M,PhD,61,Other,62,80,Full,0,3957.0,3
16058,1419,M,PhD,61,Other,62,82,Full,0,4548.0,3
16059,1419,M,PhD,61,Other,62,83,Full,0,4798.0,3
16060,1419,M,PhD,61,Other,62,84,Full,0,5349.0,3
16061,1419,M,PhD,61,Other,62,85,Full,0,5349.0,3
16062,1419,M,PhD,61,Other,62,86,Full,0,6089.0,3
16063,1419,M,PhD,61,Other,62,87,Full,0,6394.0,3
16064,1419,M,PhD,61,Other,62,88,Full,0,6675.0,3
16065,1419,M,PhD,61,Other,62,89,Full,1,7671.0,3
16066,1419,M,PhD,61,Other,62,90,Full,1,8262.0,3
16067,1419,M,PhD,61,Other,62,91,Full,1,9154.0,3
16068,1419,M,PhD,61,Other,62,92,Full,1,9420.0,3
16069,1419,M,PhD,61,Other,62,93,Full,1,9693.0,3
16070,1419,M,PhD,61,Other,62,94,Full,1,9693.0,3
16071,1419,M,PhD,61,Other,62,95,Full,1,10118.0,3
16072,1420,M,PhD,64,Arts,90,90,Full,0,9002.0,3
16073,1420,M,PhD,64,Arts,90,91,Full,1,9154.0,3
16074,1420,M,PhD,64,Arts,90,92,Full,0,9420.0,3
16075,1420,M,PhD,64,Arts,90,93,Full,0,9693.0,3
16076,1420,M,PhD,64,Arts,90,94,Full,0,9693.0,3
16077,1420,M,PhD,64,Arts,90,95,Full,0,9974.0,3
16078,1421,M,PhD,69,Other,84,84,Full,0,6084.0,3
16079,1421,M,PhD,69,Other,84,85,Full,0,6084.0,3
16080,1421,M,PhD,69,Other,84,86,Full,0,6730.0,3
16081,1421,M,PhD,69,Other,84,87,Full,0,7067.0,3
16082,1421,M,PhD,69,Other,84,88,Full,0,7067.0,3
16083,1421,M,PhD,69,Other,84,89,Full,0,7349.0,3
16084,1421,M,PhD,69,Other,84,90,Full,0,7583.0,3
16085,1421,M,PhD,69,Other,84,91,Full,0,7935.0,3
16086,1421,M,PhD,69,Other,84,92,Full,0,8049.0,3
16087,1421,M,PhD,69,Other,84,93,Full,0,8165.0,3
16088,1421,M,PhD,69,Other,84,94,Full,0,8165.0,3
16089,1421,M,PhD,69,Other,84,95,Full,0,8283.0,3
16090,1422,M,PhD,86,Other,92,92,Assoc,0,4048.571,2
16091,1422,M,PhD,86,Other,92,93,Assoc,0,4165.714,2
16092,1422,M,PhD,86,Other,92,94,Assoc,0,4165.714,2
16093,1422,M,PhD,86,Other,92,95,Assoc,0,4165.0,2
16094,1424,M,PhD,74,Other,73,76,Assist,0,1609.0,1
16095,1424,M,PhD,74,Other,73,77,Assist,0,1786.0,1
16096,1424,M,PhD,74,Other,73,78,Assoc,0,1950.0,2
16097,1424,M,PhD,74,Other,73,79,Assoc,0,2243.0,2
16098,1424,M,PhD,74,Other,73,80,Assoc,0,2423.0,2
16099,1424,M,PhD,74,Other,73,81,Assoc,0,2758.0,2
16100,1424,M,PhD,74,Other,73,82,Assoc,0,2879.0,2
16101,1424,M,PhD,74,Other,73,83,Assoc,0,3037.0,2
16102,1424,M,PhD,74,Other,73,84,Assoc,0,3290.0,2
16103,1424,M,PhD,74,Other,73,85,Assoc,0,3290.0,2
16104,1424,M,PhD,74,Other,73,86,Assoc,0,3588.0,2
16105,1424,M,PhD,74,Other,73,87,Assoc,0,3768.0,2
16106,1424,M,PhD,74,Other,73,88,Assoc,0,3877.0,2
16107,1424,M,PhD,74,Other,73,89,Assoc,0,4269.0,2
16108,1424,M,PhD,74,Other,73,90,Assoc,0,4468.0,2
16109,1424,M,PhD,74,Other,73,91,Assoc,0,4676.0,2
16110,1424,M,PhD,74,Other,73,92,Full,0,5168.0,3
16111,1424,M,PhD,74,Other,73,93,Full,0,5242.0,3
16112,1424,M,PhD,74,Other,73,94,Full,0,5242.0,3
16113,1424,M,PhD,74,Other,73,95,Full,0,5546.0,3
16114,1425,F,PhD,85,Other,94,94,Assoc,0,5962.0,2
16115,1425,F,PhD,85,Other,94,95,Assoc,0,5962.0,2
16116,1426,F,PhD,87,Other,90,90,Assist,0,3986.0,1
16117,1426,F,PhD,87,Other,90,91,Assist,0,4053.0,1
16118,1426,F,PhD,87,Other,90,92,Assist,0,4231.0,1
16119,1426,F,PhD,87,Other,90,93,Assist,0,4292.0,1
16120,1426,F,PhD,87,Other,90,94,Assist,0,4292.0,1
16121,1426,F,PhD,87,Other,90,95,Assist,0,4610.0,1
16122,1427,M,PhD,73,Other,90,90,Full,1,6951.0,3
16123,1427,M,PhD,73,Other,90,91,Full,1,7274.0,3
16124,1427,M,PhD,73,Other,90,92,Full,1,7485.0,3
16125,1427,M,PhD,73,Other,90,93,Full,1,7702.0,3
16126,1427,M,PhD,73,Other,90,94,Full,1,7702.0,3
16127,1427,M,PhD,73,Other,90,95,Full,1,7925.0,3
16128,1428,M,PhD,70,Other,73,76,Assoc,0,1803.0,2
16129,1428,M,PhD,70,Other,73,77,Assoc,0,2058.0,2
16130,1428,M,PhD,70,Other,73,78,Assoc,0,2176.0,2
16131,1428,M,PhD,70,Other,73,79,Assoc,0,2497.0,2
16132,1428,M,PhD,70,Other,73,80,Assoc,0,2732.0,2
16133,1428,M,PhD,70,Other,73,81,Full,0,3137.0,3
16134,1428,M,PhD,70,Other,73,82,Full,0,3275.0,3
16135,1428,M,PhD,70,Other,73,83,Full,0,3455.0,3
16136,1428,M,PhD,70,Other,73,84,Full,0,3906.0,3
16137,1428,M,PhD,70,Other,73,85,Full,0,3906.0,3
16138,1428,M,PhD,70,Other,73,86,Full,0,4321.0,3
16139,1428,M,PhD,70,Other,73,87,Full,0,4538.0,3
16140,1428,M,PhD,70,Other,73,88,Full,0,4736.0,3
16141,1428,M,PhD,70,Other,73,89,Full,0,5068.0,3
16142,1428,M,PhD,70,Other,73,90,Full,0,5305.0,3
16143,1428,M,PhD,70,Other,73,91,Full,0,5551.0,3
16144,1428,M,PhD,70,Other,73,92,Full,0,5631.0,3
16145,1428,M,PhD,70,Other,73,93,Full,0,5712.0,3
16146,1428,M,PhD,70,Other,73,94,Full,0,5712.0,3
16147,1428,M,PhD,70,Other,73,95,Full,0,5878.0,3
16148,1431,M,PhD,65,Prof,74,76,Full,0,2895.0,3
16149,1431,M,PhD,65,Prof,74,77,Full,0,3185.0,3
16150,1431,M,PhD,65,Prof,74,78,Full,0,3343.0,3
16151,1431,M,PhD,65,Prof,74,79,Full,0,3704.0,3
16152,1431,M,PhD,65,Prof,74,80,Full,0,4034.0,3
16153,1431,M,PhD,65,Prof,74,81,Full,0,4421.0,3
16154,1431,M,PhD,65,Prof,74,82,Full,1,4931.0,3
16155,1431,M,PhD,65,Prof,74,83,Full,1,5187.0,3
16156,1431,M,PhD,65,Prof,74,84,Full,1,5664.0,3
16157,1431,M,PhD,65,Prof,74,85,Full,1,5664.0,3
16158,1431,M,PhD,65,Prof,74,86,Full,0,6540.0,3
16159,1431,M,PhD,65,Prof,74,87,Full,1,9542.0,3
16160,1431,M,PhD,65,Prof,74,88,Full,1,9542.0,3
16161,1431,M,PhD,65,Prof,74,89,Full,1,10209.0,3
16162,1431,M,PhD,65,Prof,74,90,Full,1,10686.0,3
16163,1431,M,PhD,65,Prof,74,91,Full,1,11182.0,3
16164,1431,M,PhD,65,Prof,74,92,Full,1,11507.0,3
16165,1431,M,PhD,65,Prof,74,93,Full,0,11840.0,3
16166,1431,M,PhD,65,Prof,74,94,Full,0,11840.0,3
16167,1431,M,PhD,65,Prof,74,95,Full,0,12184.0,3
16168,1432,M,PhD,67,Other,69,76,Assoc,0,2389.552,2
16169,1432,M,PhD,67,Other,69,77,Full,0,2701.0,3
16170,1432,M,PhD,67,Other,69,78,Full,0,2945.0,3
16171,1432,M,PhD,67,Other,69,79,Full,0,3638.0,3
16172,1432,M,PhD,67,Other,69,80,Full,0,4050.0,3
16173,1432,M,PhD,67,Other,69,81,Full,0,4749.0,3
16174,1432,M,PhD,67,Other,69,82,Full,0,5174.0,3
16175,1432,M,PhD,67,Other,69,83,Full,0,5921.212,3
16176,1432,M,PhD,67,Other,69,84,Full,0,6501.493,3
16177,1432,M,PhD,67,Other,69,85,Full,0,6533.0,3
16178,1432,M,PhD,67,Other,69,86,Full,0,8104.0,3
16179,1432,M,PhD,67,Other,69,87,Full,0,8511.0,3
16180,1432,M,PhD,67,Other,69,88,Full,0,9141.0,3
16181,1432,M,PhD,67,Other,69,89,Full,0,10356.716,3
16182,1432,M,PhD,67,Other,69,90,Full,0,11155.0,3
16183,1432,M,PhD,67,Other,69,91,Full,0,12011.0,3
16184,1432,M,PhD,67,Other,69,92,Full,0,12718.0,3
16185,1432,M,PhD,67,Other,69,93,Full,0,13275.0,3
16186,1432,M,PhD,67,Other,69,94,Full,0,13275.0,3
16187,1432,M,PhD,67,Other,69,95,Full,0,13998.0,3
16188,1433,F,PhD,82,Prof,90,90,Full,0,8262.0,3
16189,1433,F,PhD,82,Prof,90,91,Full,0,8402.0,3
16190,1433,F,PhD,82,Prof,90,92,Full,0,8646.0,3
16191,1433,F,PhD,82,Prof,90,93,Full,0,9025.0,3
16192,1433,F,PhD,82,Prof,90,94,Full,0,9025.0,3
16193,1433,F,PhD,82,Prof,90,95,Full,0,9833.0,3
16194,1434,M,PhD,82,Other,87,87,Assist,0,3559.0,1
16195,1434,M,PhD,82,Other,87,88,Assist,0,3559.0,1
16196,1434,M,PhD,82,Other,87,89,Assoc,0,4456.0,2
16197,1434,M,PhD,82,Other,87,90,Assoc,0,4533.0,2
16198,1434,M,PhD,82,Other,87,91,Assoc,0,5022.0,2
16199,1434,M,PhD,82,Other,87,92,Assoc,0,5242.0,2
16200,1434,M,PhD,82,Other,87,93,Assoc,0,5394.0,2
16201,1434,M,PhD,82,Other,87,94,Assoc,0,5394.0,2
16202,1434,M,PhD,82,Other,87,95,Assoc,0,5631.0,2
16203,1435,M,PhD,77,Prof,77,77,Assist,0,1667.0,1
16204,1435,M,PhD,77,Prof,77,78,Assist,0,1904.0,1
16205,1435,M,PhD,77,Prof,77,79,Assist,0,2161.0,1
16206,1435,M,PhD,77,Prof,77,80,Assist,0,2464.0,1
16207,1435,M,PhD,77,Prof,77,81,Assist,0,2758.0,1
16208,1435,M,PhD,77,Prof,77,82,Assoc,0,3137.0,2
16209,1435,M,PhD,77,Prof,77,83,Assoc,0,3658.0,2
16210,1435,M,PhD,77,Prof,77,84,Assoc,0,4234.328,2
16211,1435,M,PhD,77,Prof,77,85,Assoc,0,4256.0,2
16212,1435,M,PhD,77,Prof,77,86,Full,0,5588.0,3
16213,1435,M,PhD,77,Prof,77,87,Full,0,5869.0,3
16214,1435,M,PhD,77,Prof,77,88,Full,1,6580.0,3
16215,1435,M,PhD,77,Prof,77,89,Full,1,7562.0,3
16216,1435,M,PhD,77,Prof,77,90,Full,1,8381.0,3
16217,1435,M,PhD,77,Prof,77,91,Full,1,8770.0,3
16218,1435,M,PhD,77,Prof,77,92,Full,1,9154.0,3
16219,1435,M,PhD,77,Prof,77,93,Full,1,10411.0,3
16220,1435,M,PhD,77,Prof,77,94,Full,1,10411.0,3
16221,1435,M,PhD,77,Prof,77,95,Full,1,11024.0,3
16222,1436,F,PhD,84,Other,85,85,Assist,0,2617.0,1
16223,1436,F,PhD,84,Other,85,86,Assist,0,2696.0,1
16224,1436,F,PhD,84,Other,85,87,Assist,0,2831.0,1
16225,1436,F,PhD,84,Other,85,88,Assist,0,2913.0,1
16226,1436,F,PhD,84,Other,85,89,Assist,0,3117.0,1
16227,1436,F,PhD,84,Other,85,90,Assist,0,3263.0,1
16228,1436,F,PhD,84,Other,85,91,Assoc,0,3827.809,2
16229,1436,F,PhD,84,Other,85,92,Assoc,0,4053.0,2
16230,1436,F,PhD,84,Other,85,93,Assoc,0,4171.0,2
16231,1436,F,PhD,84,Other,85,94,Assoc,0,4171.0,2
16232,1436,F,PhD,84,Other,85,95,Assoc,0,4743.0,2
16233,1437,M,PhD,83,Other,85,85,Assist,0,2617.0,1
16234,1437,M,PhD,83,Other,85,86,Assist,0,2696.0,1
16235,1437,M,PhD,83,Other,85,87,Assist,0,2831.0,1
16236,1437,M,PhD,83,Other,85,88,Assist,1,2998.0,1
16237,1437,M,PhD,83,Other,85,89,Assist,1,3254.0,1
16238,1437,M,PhD,83,Other,85,90,Assist,1,3406.0,1
16239,1437,M,PhD,83,Other,85,91,Assoc,0,3828.0,2
16240,1437,M,PhD,83,Other,85,92,Assoc,0,4171.0,2
16241,1437,M,PhD,83,Other,85,93,Assoc,0,4292.0,2
16242,1437,M,PhD,83,Other,85,94,Assoc,0,4292.0,2
16243,1437,M,PhD,83,Other,85,95,Assoc,0,4743.0,2
16244,1438,F,PhD,82,Other,88,88,Assist,0,2596.0,1
16245,1438,F,PhD,82,Other,88,89,Assist,0,2857.0,1
16246,1438,F,PhD,82,Other,88,90,Assist,0,3034.0,1
16247,1438,F,PhD,82,Other,88,91,Assist,0,3410.0,1
16248,1438,F,PhD,82,Other,88,92,Assoc,0,4165.0,2
16249,1438,F,PhD,82,Other,88,93,Assoc,0,4286.316,2
16250,1438,F,PhD,82,Other,88,94,Assoc,0,4286.0,2
16251,1438,F,PhD,82,Other,88,95,Assoc,0,4538.0,2
16252,1440,M,PhD,92,Other,91,91,Assist,0,3939.0,1
16253,1440,M,PhD,92,Other,91,92,Assist,0,3939.0,1
16254,1440,M,PhD,92,Other,91,93,Assist,0,4053.0,1
16255,1440,M,PhD,92,Other,91,94,Assist,0,4053.0,1
16256,1440,M,PhD,92,Other,91,95,Assist,0,4171.0,1
16257,1442,F,PhD,79,Other,93,93,Assist,0,4881.0,1
16258,1442,F,PhD,79,Other,93,94,Assist,0,4881.0,1
16259,1442,F,PhD,79,Other,93,95,Assist,0,5022.0,1
16261,1444,M,PhD,70,Other,75,76,Assist,0,1592.0,1
16262,1444,M,PhD,70,Other,75,77,Assoc,0,1882.0,2
16263,1444,M,PhD,70,Other,75,78,Assoc,0,2019.0,2
16264,1444,M,PhD,70,Other,75,79,Full,0,2411.0,3
16265,1444,M,PhD,70,Other,75,80,Full,0,2700.0,3
16266,1444,M,PhD,70,Other,75,81,Full,0,3322.0,3
16267,1444,M,PhD,70,Other,75,82,Full,0,3517.0,3
16268,1444,M,PhD,70,Other,75,83,Full,1,4081.0,3
16269,1444,M,PhD,70,Other,75,84,Full,1,4389.0,3
16270,1444,M,PhD,70,Other,75,85,Full,1,4389.0,3
16271,1444,M,PhD,70,Other,75,86,Full,1,4383.0,3
16272,1444,M,PhD,70,Other,75,87,Full,1,4974.0,3
16273,1444,M,PhD,70,Other,75,88,Full,1,5245.0,3
16274,1444,M,PhD,70,Other,75,89,Full,1,6370.0,3
16275,1444,M,PhD,70,Other,75,90,Full,1,6862.0,3
16276,1444,M,PhD,70,Other,75,91,Full,1,7494.0,3
16277,1444,M,PhD,70,Other,75,92,Full,0,6550.0,3
16278,1444,M,PhD,70,Other,75,93,Full,0,6878.0,3
16279,1444,M,PhD,70,Other,75,94,Full,0,6878.0,3
16280,1444,M,PhD,70,Other,75,95,Full,0,7482.0,3
16281,1445,M,PhD,85,Other,91,91,Assist,0,3996.0,1
16282,1445,M,PhD,85,Other,91,92,Assist,0,4171.0,1
16283,1445,M,PhD,85,Other,91,93,Assist,0,4292.0,1
16284,1445,M,PhD,85,Other,91,94,Assist,0,4292.0,1
16285,1445,M,PhD,85,Other,91,95,Assist,0,4544.0,1
16286,1447,M,PhD,88,Other,93,93,Assist,0,3042.0,1
16287,1447,M,PhD,88,Other,93,94,Assist,0,3042.0,1
16288,1447,M,PhD,88,Other,93,95,Assist,0,3175.0,1
16289,1449,M,PhD,89,Other,91,91,Assist,0,3822.63,1
16290,1449,M,PhD,89,Other,91,92,Assist,0,3823.0,1
16291,1449,M,PhD,89,Other,91,93,Assist,0,3878.0,1
16292,1449,M,PhD,89,Other,91,94,Assist,0,3878.0,1
16293,1449,M,PhD,89,Other,91,95,Assist,0,3877.924,1
16294,1451,M,PhD,78,Other,91,91,Full,0,6135.0,3
16295,1451,M,PhD,78,Other,91,92,Full,0,6135.0,3
16296,1451,M,PhD,78,Other,91,93,Full,0,6313.0,3
16297,1451,M,PhD,78,Other,91,94,Full,0,6313.0,3
16298,1451,M,PhD,78,Other,91,95,Full,0,6496.0,3
16299,1452,F,PhD,87,Prof,90,90,Assist,0,4731.0,1
16300,1452,F,PhD,87,Prof,90,91,Assist,0,4812.0,1
16301,1452,F,PhD,87,Prof,90,92,Assist,0,5022.0,1
16302,1452,F,PhD,87,Prof,90,93,Assist,0,5168.0,1
16303,1452,F,PhD,87,Prof,90,94,Assist,0,5168.0,1
16304,1452,F,PhD,87,Prof,90,95,Assist,0,5472.0,1
16306,1458,M,PhD,59,Other,72,76,Full,0,2339.0,3
16307,1458,M,PhD,59,Other,72,77,Full,0,2586.0,3
16308,1458,M,PhD,59,Other,72,78,Full,0,2800.0,3
16309,1458,M,PhD,59,Other,72,79,Full,0,3314.0,3
16310,1458,M,PhD,59,Other,72,80,Full,0,3679.104,3
16311,1458,M,PhD,59,Other,72,81,Full,0,4000.0,3
16312,1458,M,PhD,59,Other,72,82,Full,0,3773.0,3
16313,1458,M,PhD,59,Other,72,83,Full,0,4342.0,3
16314,1458,M,PhD,59,Other,72,84,Full,0,4442.0,3
16315,1458,M,PhD,59,Other,72,85,Full,0,4442.0,3
16316,1458,M,PhD,59,Other,72,86,Full,0,4844.0,3
16317,1458,M,PhD,59,Other,72,87,Full,0,5087.0,3
16318,1458,M,PhD,59,Other,72,88,Full,0,5235.0,3
16319,1458,M,PhD,59,Other,72,89,Full,0,5601.0,3
16320,1458,M,PhD,59,Other,72,90,Full,0,5863.0,3
16321,1458,M,PhD,59,Other,72,91,Full,0,6313.0,3
16322,1458,M,PhD,59,Other,72,92,Full,0,6313.0,3
16323,1458,M,PhD,59,Other,72,93,Full,0,6404.0,3
16324,1458,M,PhD,59,Other,72,94,Full,0,6404.0,3
16325,1458,M,PhD,59,Other,72,95,Full,0,6404.0,3
16326,1459,M,PhD,76,Other,73,76,Assist,0,1563.0,1
16327,1459,M,PhD,76,Other,73,77,Assist,0,1717.0,1
16328,1459,M,PhD,76,Other,73,78,Assoc,0,1904.0,2
16329,1459,M,PhD,76,Other,73,79,Assoc,0,2079.0,2
16330,1459,M,PhD,76,Other,73,80,Assoc,0,2279.104,2
16331,1459,M,PhD,76,Other,73,81,Assoc,0,2460.0,2
16332,1459,M,PhD,76,Other,73,82,Assoc,0,2460.0,2
16333,1459,M,PhD,76,Other,73,83,Assoc,0,2595.0,2
16334,1459,M,PhD,76,Other,73,84,Assoc,0,2935.0,2
16335,1459,M,PhD,76,Other,73,85,Assoc,0,2935.0,2
16336,1459,M,PhD,76,Other,73,86,Full,0,3155.0,3
16337,1459,M,PhD,76,Other,73,87,Full,0,3313.0,3
16338,1459,M,PhD,76,Other,73,88,Full,0,3877.0,3
16339,1459,M,PhD,76,Other,73,89,Full,0,4456.0,3
16340,1459,M,PhD,76,Other,73,90,Full,0,4598.0,3
16341,1459,M,PhD,76,Other,73,91,Full,0,4676.0,3
16342,1459,M,PhD,76,Other,73,92,Full,0,4743.0,3
16343,1459,M,PhD,76,Other,73,93,Full,0,4812.0,3
16344,1459,M,PhD,76,Other,73,94,Full,0,4812.0,3
16345,1459,M,PhD,76,Other,73,95,Full,0,4951.0,3
16346,1462,M,PhD,73,Other,71,76,Assist,0,2017.0,1
16347,1462,M,PhD,73,Other,71,77,Assoc,0,2239.394,2
16348,1462,M,PhD,73,Other,71,78,Assoc,0,2197.0,2
16349,1462,M,PhD,73,Other,71,79,Assoc,0,2494.0,2
16350,1462,M,PhD,73,Other,71,80,Assoc,0,2986.567,2
16351,1462,M,PhD,73,Other,71,81,Assoc,0,3322.0,2
16352,1462,M,PhD,73,Other,71,82,Assoc,0,3322.0,2
16353,1462,M,PhD,73,Other,71,83,Assoc,0,3928.0,2
16354,1462,M,PhD,73,Other,71,84,Assoc,0,4378.0,2
16355,1462,M,PhD,73,Other,71,85,Assoc,0,4378.0,2
16356,1462,M,PhD,73,Other,71,86,Assoc,0,4914.0,2
16357,1462,M,PhD,73,Other,71,87,Assoc,0,5160.0,2
16358,1462,M,PhD,73,Other,71,88,Assoc,0,5387.0,2
16359,1462,M,PhD,73,Other,71,89,Assoc,0,5931.0,2
16360,1462,M,PhD,73,Other,71,90,Assoc,0,6297.0,2
16361,1462,M,PhD,73,Other,71,91,Assoc,0,7078.0,2
16362,1462,M,PhD,73,Other,71,92,Assoc,0,7388.0,2
16363,1462,M,PhD,73,Other,71,93,Assoc,0,7823.0,2
16364,1462,M,PhD,73,Other,71,94,Assoc,0,7823.0,2
16365,1462,M,PhD,73,Other,71,95,Assoc,0,8140.0,2
16366,1463,M,PhD,79,Other,80,80,Assist,0,2471.0,1
16367,1463,M,PhD,79,Other,80,81,Assist,0,2798.0,1
16368,1463,M,PhD,79,Other,80,82,Assist,0,3369.0,1
16369,1463,M,PhD,79,Other,80,83,Assist,0,3710.0,1
16370,1463,M,PhD,79,Other,80,84,Assist,0,4135.0,1
16371,1463,M,PhD,79,Other,80,85,Assoc,0,4256.0,2
16372,1463,M,PhD,79,Other,80,86,Assoc,0,5056.0,2
16373,1463,M,PhD,79,Other,80,87,Assoc,0,5310.0,2
16374,1463,M,PhD,79,Other,80,88,Assoc,0,5703.0,2
16375,1463,M,PhD,79,Other,80,89,Assoc,0,6370.0,2
16376,1463,M,PhD,79,Other,80,90,Assoc,0,6764.0,2
16377,1463,M,PhD,79,Other,80,91,Assoc,0,7494.0,2
16378,1463,M,PhD,79,Other,80,92,Assoc,0,8049.0,2
16379,1463,M,PhD,79,Other,80,93,Assoc,0,8523.0,2
16380,1463,M,PhD,79,Other,80,94,Assoc,0,8523.0,2
16381,1463,M,PhD,79,Other,80,95,Assoc,0,8800.06,2
16382,1464,M,PhD,58,Other,61,76,Full,0,2650.0,3
16383,1464,M,PhD,58,Other,61,77,Full,0,2951.0,3
16384,1464,M,PhD,58,Other,61,78,Full,0,3143.0,3
16385,1464,M,PhD,58,Other,61,79,Full,0,3576.0,3
16386,1464,M,PhD,58,Other,61,80,Full,0,3837.0,3
16387,1464,M,PhD,58,Other,61,81,Full,0,4296.0,3
16388,1464,M,PhD,58,Other,61,82,Full,0,4296.0,3
16389,1464,M,PhD,58,Other,61,83,Full,0,4598.0,3
16390,1464,M,PhD,58,Other,61,84,Full,0,4981.0,3
16391,1464,M,PhD,58,Other,61,85,Full,0,4981.0,3
16392,1464,M,PhD,58,Other,61,86,Full,0,5129.0,3
16393,1464,M,PhD,58,Other,61,87,Full,0,5387.0,3
16394,1464,M,PhD,58,Other,61,88,Full,0,5387.0,3
16395,1464,M,PhD,58,Other,61,89,Full,0,5601.0,3
16396,1464,M,PhD,58,Other,61,90,Full,0,5698.0,3
16397,1464,M,PhD,58,Other,61,91,Full,0,5878.0,3
16398,1464,M,PhD,58,Other,61,92,Full,0,5962.0,3
16399,1464,M,PhD,58,Other,61,93,Full,0,6135.0,3
16400,1464,M,PhD,58,Other,61,94,Full,0,6135.0,3
16401,1464,M,PhD,58,Other,61,95,Full,0,6135.0,3
16402,1465,F,PhD,82,Other,87,87,Assist,0,5222.0,1
16403,1465,F,PhD,82,Other,87,88,Assist,0,5222.0,1
16404,1465,F,PhD,82,Other,87,89,Assoc,0,6280.0,2
16405,1465,F,PhD,82,Other,87,90,Assoc,0,6764.0,2
16406,1465,F,PhD,82,Other,87,91,Assoc,0,7078.0,2
16407,1465,F,PhD,82,Other,87,92,Assoc,0,7494.0,2
16408,1465,F,PhD,82,Other,87,93,Assoc,0,7712.0,2
16409,1465,F,PhD,82,Other,87,94,Assoc,0,7712.0,2
16410,1465,F,PhD,82,Other,87,95,Full,0,8195.0,3
16411,1466,M,PhD,74,Other,74,76,Assist,0,1683.0,1
16412,1466,M,PhD,74,Other,74,77,Assist,0,1866.0,1
16413,1466,M,PhD,74,Other,74,78,Assist,0,1980.0,1
16414,1466,M,PhD,74,Other,74,79,Assist,0,2202.0,1
16415,1466,M,PhD,74,Other,74,80,Assoc,0,2420.0,2
16416,1466,M,PhD,74,Other,74,81,Assoc,0,2719.0,2
16417,1466,M,PhD,74,Other,74,82,Assoc,0,3671.0,2
16418,1466,M,PhD,74,Other,74,83,Assoc,0,3985.0,2
16419,1466,M,PhD,74,Other,74,84,Assoc,0,4195.0,2
16420,1466,M,PhD,74,Other,74,85,Assoc,0,4195.0,2
16421,1466,M,PhD,74,Other,74,86,Assoc,0,4321.0,2
16422,1466,M,PhD,74,Other,74,87,Full,0,4669.0,3
16423,1466,M,PhD,74,Other,74,88,Full,0,4669.0,3
16424,1466,M,PhD,74,Other,74,89,Full,0,4996.0,3
16425,1466,M,PhD,74,Other,74,90,Full,0,5155.0,3
16426,1466,M,PhD,74,Other,74,91,Full,0,5318.0,3
16427,1466,M,PhD,74,Other,74,92,Full,0,5394.0,3
16428,1466,M,PhD,74,Other,74,93,Full,0,5472.0,3
16429,1466,M,PhD,74,Other,74,94,Full,0,5472.0,3
16430,1466,M,PhD,74,Other,74,95,Full,0,5712.0,3
16431,1467,M,PhD,68,Other,68,76,Assoc,0,1884.0,2
16432,1467,M,PhD,68,Other,68,77,Assoc,0,2038.0,2
16433,1467,M,PhD,68,Other,68,78,Assoc,0,2120.0,2
16434,1467,M,PhD,68,Other,68,79,Assoc,0,2327.0,2
16435,1467,M,PhD,68,Other,68,80,Assoc,0,2467.0,2
16436,1467,M,PhD,68,Other,68,81,Assoc,0,2680.0,2
16437,1467,M,PhD,68,Other,68,82,Assoc,0,2680.0,2
16438,1467,M,PhD,68,Other,68,83,Assoc,0,2910.0,2
16439,1467,M,PhD,68,Other,68,84,Assoc,0,2977.0,2
16440,1467,M,PhD,68,Other,68,85,Assoc,0,2977.0,2
16441,1467,M,PhD,68,Other,68,86,Assoc,0,3066.0,2
16442,1467,M,PhD,68,Other,68,87,Assoc,0,3220.0,2
16443,1467,M,PhD,68,Other,68,88,Assoc,0,3361.0,2
16444,1467,M,PhD,68,Other,68,89,Assoc,0,3754.0,2
16445,1467,M,PhD,68,Other,68,90,Assoc,0,3873.0,2
16446,1467,M,PhD,68,Other,68,91,Assoc,0,3996.0,2
16447,1467,M,PhD,68,Other,68,92,Assoc,0,4112.0,2
16448,1467,M,PhD,68,Other,68,93,Assoc,0,4171.0,2
16449,1467,M,PhD,68,Other,68,94,Assoc,0,4171.0,2
16450,1467,M,PhD,68,Other,68,95,Assoc,0,4473.0,2
16451,1468,F,PhD,79,Other,88,88,Assoc,1,4347.0,2
16452,1468,F,PhD,79,Other,88,89,Assoc,1,4651.0,2
16453,1468,F,PhD,79,Other,88,90,Assoc,1,5381.0,2
16454,1468,F,PhD,79,Other,88,91,Assoc,1,5962.0,2
16455,1468,F,PhD,79,Other,88,92,Assoc,1,6135.0,2
16456,1468,F,PhD,79,Other,88,93,Full,0,7823.0,3
16457,1468,F,PhD,79,Other,88,94,Full,0,7823.0,3
16458,1468,F,PhD,79,Other,88,95,Full,0,8165.0,3
16459,1469,M,PhD,66,Other,69,76,Assoc,0,1967.0,2
16460,1469,M,PhD,66,Other,69,77,Assoc,0,2125.0,2
16461,1469,M,PhD,66,Other,69,78,Assoc,0,2204.478,2
16462,1469,M,PhD,66,Other,69,79,Assoc,0,2411.0,2
16463,1469,M,PhD,66,Other,69,80,Assoc,0,2555.0,2
16464,1469,M,PhD,66,Other,69,81,Assoc,0,2758.0,2
16465,1469,M,PhD,66,Other,69,82,Assoc,0,2838.0,2
16466,1469,M,PhD,66,Other,69,83,Assoc,0,3081.0,2
16467,1469,M,PhD,66,Other,69,84,Full,0,3386.0,3
16468,1469,M,PhD,66,Other,69,85,Full,0,3386.0,3
16469,1469,M,PhD,66,Other,69,86,Full,0,3692.0,3
16470,1469,M,PhD,66,Other,69,87,Full,0,3877.0,3
16471,1469,M,PhD,66,Other,69,88,Full,0,3990.0,3
16472,1469,M,PhD,66,Other,69,89,Full,0,4456.0,3
16473,1469,M,PhD,66,Other,69,90,Full,0,4598.0,3
16474,1469,M,PhD,66,Other,69,91,Full,0,4743.0,3
16475,1469,M,PhD,66,Other,69,92,Full,0,4881.0,3
16476,1469,M,PhD,66,Other,69,93,Full,0,4951.0,3
16477,1469,M,PhD,66,Other,69,94,Full,0,4951.0,3
16478,1469,M,PhD,66,Other,69,95,Full,0,5168.0,3
16479,1470,M,PhD,69,Other,69,76,Assoc,0,1875.0,2
16480,1470,M,PhD,69,Other,69,77,Assoc,0,2116.0,2
16481,1470,M,PhD,69,Other,69,78,Assoc,0,2220.0,2
16482,1470,M,PhD,69,Other,69,79,Assoc,0,2441.791,2
16483,1470,M,PhD,69,Other,69,80,Assoc,0,2638.0,2
16484,1470,M,PhD,69,Other,69,81,Assoc,0,2879.0,2
16485,1470,M,PhD,69,Other,69,82,Assoc,0,2879.0,2
16486,1470,M,PhD,69,Other,69,83,Assoc,0,3037.0,2
16487,1470,M,PhD,69,Other,69,84,Assoc,0,3107.0,2
16488,1470,M,PhD,69,Other,69,85,Assoc,0,3107.0,2
16489,1470,M,PhD,69,Other,69,86,Assoc,0,3200.0,2
16490,1470,M,PhD,69,Other,69,87,Assoc,0,3361.0,2
16491,1470,M,PhD,69,Other,69,88,Assoc,0,3361.0,2
16492,1470,M,PhD,69,Other,69,89,Assoc,0,3596.0,2
16493,1470,M,PhD,69,Other,69,90,Assoc,0,3711.0,2
16494,1470,M,PhD,69,Other,69,91,Assoc,0,3883.0,2
16495,1470,M,PhD,69,Other,69,92,Assoc,0,3996.0,2
16496,1470,M,PhD,69,Other,69,93,Assoc,0,4112.0,2
16497,1470,M,PhD,69,Other,69,94,Assoc,0,4112.0,2
16498,1470,M,PhD,69,Other,69,95,Assoc,0,4416.0,2
16499,1471,M,PhD,73,Other,87,87,Full,0,3873.0,3
16500,1471,M,PhD,73,Other,87,88,Full,0,4101.0,3
16501,1471,M,PhD,73,Other,87,89,Full,0,4264.0,3
16502,1471,M,PhD,73,Other,87,90,Full,0,4463.0,3
16503,1471,M,PhD,73,Other,87,91,Full,0,4737.0,3
16504,1471,M,PhD,73,Other,87,92,Full,0,4921.0,3
16505,1471,M,PhD,73,Other,87,93,Full,0,5088.0,3
16506,1471,M,PhD,73,Other,87,94,Full,0,5088.0,3
16507,1471,M,PhD,73,Other,87,95,Full,0,5292.0,3
16508,1472,M,PhD,90,Other,90,90,Assist,0,3078.0,1
16509,1472,M,PhD,90,Other,90,91,Assist,0,3130.0,1
16510,1472,M,PhD,90,Other,90,92,Assist,0,3509.0,1
16511,1472,M,PhD,90,Other,90,93,Assist,0,3934.0,1
16512,1472,M,PhD,90,Other,90,94,Assist,0,3934.0,1
16513,1472,M,PhD,90,Other,90,95,Assist,0,4048.0,1
16514,1473,M,PhD,89,Arts,89,89,Assist,0,3029.0,1
16515,1473,M,PhD,89,Arts,89,90,Assist,0,3081.0,1
16516,1473,M,PhD,89,Arts,89,91,Assist,0,3366.0,1
16517,1473,M,PhD,89,Arts,89,92,Assist,0,3513.0,1
16518,1473,M,PhD,89,Arts,89,93,Assist,0,3667.0,1
16519,1473,M,PhD,89,Arts,89,94,Assoc,0,3939.0,2
16520,1473,M,PhD,89,Arts,89,95,Assoc,0,4544.0,2
16521,1474,F,PhD,77,Arts,79,79,Assist,0,1667.0,1
16522,1474,F,PhD,77,Arts,79,80,Assist,0,1795.0,1
16523,1474,F,PhD,77,Arts,79,82,Assist,0,2072.0,1
16524,1474,F,PhD,77,Arts,79,83,Assist,0,2282.0,1
16525,1474,F,PhD,77,Arts,79,84,Assist,0,2544.0,1
16526,1474,F,PhD,77,Arts,79,85,Assoc,0,2617.0,2
16527,1474,F,PhD,77,Arts,79,86,Assoc,0,2696.0,2
16528,1474,F,PhD,77,Arts,79,87,Assoc,0,2831.0,2
16529,1474,F,PhD,77,Arts,79,88,Assoc,0,3266.0,2
16530,1474,F,PhD,77,Arts,79,89,Assoc,0,3596.0,2
16531,1474,F,PhD,77,Arts,79,90,Assoc,0,3764.0,2
16532,1474,F,PhD,77,Arts,79,91,Full,0,4544.0,3
16533,1474,F,PhD,77,Arts,79,92,Full,0,4881.0,3
16534,1474,F,PhD,77,Arts,79,93,Full,0,5022.0,3
16535,1474,F,PhD,77,Arts,79,94,Full,0,5022.0,3
16536,1474,F,PhD,77,Arts,79,95,Full,0,5242.0,3
16537,1475,F,PhD,76,Arts,87,87,Assist,0,3361.0,1
16538,1475,F,PhD,76,Arts,87,88,Assist,0,3361.0,1
16539,1475,F,PhD,76,Arts,87,89,Assoc,0,3700.0,2
16540,1475,F,PhD,76,Arts,87,90,Assoc,0,3986.0,2
16541,1475,F,PhD,76,Arts,87,91,Full,0,4544.0,3
16542,1475,F,PhD,76,Arts,87,92,Full,0,4881.0,3
16543,1475,F,PhD,76,Arts,87,93,Full,1,5095.0,3
16544,1475,F,PhD,76,Arts,87,94,Full,1,5794.0,3
16545,1475,F,PhD,76,Arts,87,95,Full,1,6223.0,3
16546,1477,M,PhD,87,Other,94,94,Assoc,0,4604.0,2
16547,1477,M,PhD,87,Other,94,95,Assoc,0,4737.0,2
16548,1478,F,PhD,84,Other,90,90,Assist,0,3217.0,1
16549,1478,F,PhD,84,Other,90,91,Assist,0,3217.0,1
16550,1478,F,PhD,84,Other,90,92,Assist,0,3938.0,1
16551,1478,F,PhD,84,Other,90,93,Assoc,0,4106.0,2
16552,1478,F,PhD,84,Other,90,94,Assoc,0,4106.0,2
16553,1478,F,PhD,84,Other,90,95,Assoc,0,4348.0,2
16554,1479,F,PhD,87,Other,87,87,Assist,0,3458.0,1
16555,1479,F,PhD,87,Other,87,88,Assist,0,3508.0,1
16556,1479,F,PhD,87,Other,87,89,Assist,0,3808.0,1
16557,1479,F,PhD,87,Other,87,90,Assist,0,4043.0,1
16558,1479,F,PhD,87,Other,87,91,Assist,0,4353.0,1
16559,1479,F,PhD,87,Other,87,92,Assist,0,4610.0,1
16560,1479,F,PhD,87,Other,87,93,Assoc,0,5318.0,2
16561,1479,F,PhD,87,Other,87,94,Assoc,0,5022.0,2
16562,1479,F,PhD,87,Other,87,95,Assoc,0,5318.0,2
16563,1480,M,PhD,72,Other,70,76,Assoc,0,2303.0,2
16564,1480,M,PhD,72,Other,70,77,Assoc,0,2591.045,2
16565,1480,M,PhD,72,Other,70,78,Assoc,0,2768.0,2
16566,1480,M,PhD,72,Other,70,79,Assoc,0,3109.0,2
16567,1480,M,PhD,72,Other,70,80,Assoc,0,3334.0,2
16568,1480,M,PhD,72,Other,70,81,Assoc,0,3723.0,2
16569,1480,M,PhD,72,Other,70,82,Assoc,0,3943.0,2
16570,1480,M,PhD,72,Other,70,83,Assoc,0,4160.0,2
16571,1480,M,PhD,72,Other,70,84,Assoc,0,4505.0,2
16572,1480,M,PhD,72,Other,70,85,Assoc,0,4505.0,2
16573,1480,M,PhD,72,Other,70,86,Assoc,0,4641.0,2
16574,1480,M,PhD,72,Other,70,87,Assoc,0,4874.0,2
16575,1480,M,PhD,72,Other,70,88,Assoc,0,4944.0,2
16576,1480,M,PhD,72,Other,70,89,Assoc,0,5215.0,2
16577,1480,M,PhD,72,Other,70,90,Assoc,0,5458.0,2
16578,1480,M,PhD,72,Other,70,91,Assoc,0,5794.0,2
16579,1480,M,PhD,72,Other,70,92,Assoc,0,5962.0,2
16580,1480,M,PhD,72,Other,70,93,Assoc,0,6135.0,2
16581,1480,M,PhD,72,Other,70,94,Assoc,0,6135.0,2
16582,1480,M,PhD,72,Other,70,95,Assoc,0,6404.0,2
16583,1481,M,PhD,92,Other,93,93,Assoc,0,5712.0,2
16584,1481,M,PhD,92,Other,93,94,Assoc,0,5712.0,2
16585,1481,M,PhD,92,Other,93,95,Assoc,0,5962.0,2
16586,1482,M,PhD,66,Other,66,76,Assoc,0,1719.0,2
16587,1482,M,PhD,66,Other,66,77,Assoc,0,1831.0,2
16588,1482,M,PhD,66,Other,66,78,Assoc,0,1919.0,2
16589,1482,M,PhD,66,Other,66,79,Assoc,0,2136.0,2
16590,1482,M,PhD,66,Other,66,80,Assoc,0,2291.0,2
16591,1482,M,PhD,66,Other,66,81,Assoc,0,2457.0,2
16592,1482,M,PhD,66,Other,66,82,Assoc,0,2457.0,2
16593,1482,M,PhD,66,Other,66,83,Assoc,0,2706.0,2
16594,1482,M,PhD,66,Other,66,84,Assoc,0,2889.0,2
16595,1482,M,PhD,66,Other,66,85,Assoc,0,2889.0,2
16596,1482,M,PhD,66,Other,66,86,Assoc,0,2976.0,2
16597,1482,M,PhD,66,Other,66,87,Assoc,0,3126.0,2
16598,1482,M,PhD,66,Other,66,88,Assoc,0,3263.0,2
16599,1482,M,PhD,66,Other,66,89,Assoc,0,3592.0,2
16600,1482,M,PhD,66,Other,66,90,Assoc,0,3706.0,2
16601,1482,M,PhD,66,Other,66,91,Assoc,0,3769.0,2
16602,1482,M,PhD,66,Other,66,92,Assoc,0,3878.0,2
16603,1482,M,PhD,66,Other,66,93,Assoc,0,3878.0,2
16604,1482,M,PhD,66,Other,66,94,Assoc,0,3878.0,2
16605,1482,M,PhD,66,Other,66,95,Assoc,0,3934.0,2
16606,1483,F,PhD,72,Other,73,76,Assist,0,1946.392,1
16607,1483,F,PhD,72,Other,73,77,Assist,0,2140.0,1
16608,1483,F,PhD,72,Other,73,78,Assist,0,2286.0,1
16609,1483,F,PhD,72,Other,73,79,Assoc,0,2640.0,2
16610,1483,F,PhD,72,Other,73,80,Assoc,0,2880.0,2
16611,1483,F,PhD,72,Other,73,81,Assoc,0,3228.0,2
16612,1483,F,PhD,72,Other,73,82,Assoc,0,3369.0,2
16613,1483,F,PhD,72,Other,73,83,Assoc,0,3553.731,2
16614,1483,F,PhD,72,Other,73,84,Assoc,0,3962.0,2
16615,1483,F,PhD,72,Other,73,85,Assoc,0,3962.0,2
16616,1483,F,PhD,72,Other,73,86,Assoc,0,4081.0,2
16617,1483,F,PhD,72,Other,73,87,Assoc,0,4285.0,2
16618,1483,F,PhD,72,Other,73,88,Assoc,0,4473.0,2
16619,1483,F,PhD,72,Other,73,89,Assoc,0,4925.0,2
16620,1483,F,PhD,72,Other,73,90,Assoc,0,5229.0,2
16621,1483,F,PhD,72,Other,73,91,Assoc,0,5551.0,2
16622,1483,F,PhD,72,Other,73,92,Full,0,6048.0,3
16623,1483,F,PhD,72,Other,73,93,Full,0,6223.0,3
16624,1483,F,PhD,72,Other,73,94,Full,0,6223.0,3
16625,1483,F,PhD,72,Other,73,95,Full,0,6590.0,3
16626,1484,M,PhD,83,Other,89,89,Assist,0,3344.0,1
16627,1484,M,PhD,83,Other,89,90,Assist,0,3450.0,1
16628,1484,M,PhD,83,Other,89,91,Assist,0,3663.0,1
16629,1484,M,PhD,83,Other,89,92,Assist,0,3769.0,1
16630,1484,M,PhD,83,Other,89,93,Assist,0,3878.0,1
16631,1484,M,PhD,83,Other,89,94,Assist,0,4225.0,1
16632,1484,M,PhD,83,Other,89,95,Assoc,0,4474.0,2
16634,1486,M,PhD,63,Prof,69,76,Full,0,2160.0,3
16635,1486,M,PhD,63,Prof,69,77,Full,0,2419.0,3
16636,1486,M,PhD,63,Prof,69,78,Full,0,2489.552,3
16637,1486,M,PhD,63,Prof,69,79,Full,0,2805.0,3
16638,1486,M,PhD,63,Prof,69,80,Full,0,3011.0,3
16639,1486,M,PhD,63,Prof,69,81,Full,0,3322.0,3
16640,1486,M,PhD,63,Prof,69,82,Full,0,3322.0,3
16641,1486,M,PhD,63,Prof,69,83,Full,0,3605.0,3
16642,1486,M,PhD,63,Prof,69,84,Full,0,3742.0,3
16643,1486,M,PhD,63,Prof,69,85,Full,0,3742.0,3
16644,1486,M,PhD,63,Prof,69,86,Full,0,3854.0,3
16645,1486,M,PhD,63,Prof,69,87,Full,0,4047.0,3
16646,1486,M,PhD,63,Prof,69,88,Full,0,4105.0,3
16647,1486,M,PhD,63,Prof,69,89,Full,0,5068.0,3
16648,1486,M,PhD,63,Prof,69,90,Full,0,5229.0,3
16649,1486,M,PhD,63,Prof,69,91,Full,0,5394.0,3
16650,1486,M,PhD,63,Prof,69,92,Full,0,5551.0,3
16651,1486,M,PhD,63,Prof,69,93,Full,0,5551.0,3
16652,1486,M,PhD,63,Prof,69,94,Full,0,5551.0,3
16653,1486,M,PhD,63,Prof,69,95,Full,0,5631.0,3
16654,1487,M,PhD,72,Other,74,76,Assist,0,1760.0,1
16655,1487,M,PhD,72,Other,74,77,Assist,0,1940.0,1
16656,1487,M,PhD,72,Other,74,78,Assist,0,2034.0,1
16657,1487,M,PhD,72,Other,74,79,Assist,0,2256.0,1
16658,1487,M,PhD,72,Other,74,80,Assist,0,2427.0,1
16659,1487,M,PhD,72,Other,74,87,Assoc,0,4160.0,2
16660,1487,M,PhD,72,Other,74,88,Assoc,0,4405.0,2
16661,1487,M,PhD,72,Other,74,89,Assoc,0,4919.0,2
16662,1487,M,PhD,72,Other,74,90,Assoc,0,5374.0,2
16663,1487,M,PhD,72,Other,74,91,Assoc,0,5624.0,2
16664,1487,M,PhD,72,Other,74,92,Assoc,0,5787.0,2
16665,1487,M,PhD,72,Other,74,93,Assoc,0,5955.0,2
16666,1487,M,PhD,72,Other,74,94,Assoc,0,5955.0,2
16667,1487,M,PhD,72,Other,74,95,Assoc,0,6127.0,2
16668,1488,M,PhD,64,Prof,64,76,Assoc,0,2160.0,2
16669,1488,M,PhD,64,Prof,64,77,Assoc,0,2378.0,2
16670,1488,M,PhD,64,Prof,64,78,Assoc,0,2460.0,2
16671,1488,M,PhD,64,Prof,64,79,Assoc,0,2671.0,2
16672,1488,M,PhD,64,Prof,64,80,Assoc,0,2824.0,2
16673,1488,M,PhD,64,Prof,64,81,Assoc,0,3092.0,2
16674,1488,M,PhD,64,Prof,64,82,Assoc,0,3092.0,2
16675,1488,M,PhD,64,Prof,64,83,Assoc,0,3873.0,2
16676,1488,M,PhD,64,Prof,64,84,Assoc,0,4077.0,2
16677,1488,M,PhD,64,Prof,64,85,Assoc,0,4077.0,2
16678,1488,M,PhD,64,Prof,64,86,Assoc,0,4199.0,2
16679,1488,M,PhD,64,Prof,64,87,Assoc,0,4410.0,2
16680,1488,M,PhD,64,Prof,64,88,Full,0,4603.0,3
16681,1488,M,PhD,64,Prof,64,89,Full,0,5215.0,3
16682,1488,M,PhD,64,Prof,64,90,Full,0,5947.0,3
16683,1488,M,PhD,64,Prof,64,91,Full,0,6135.0,3
16684,1488,M,PhD,64,Prof,64,92,Full,0,6313.0,3
16685,1488,M,PhD,64,Prof,64,93,Full,0,6496.0,3
16686,1488,M,PhD,64,Prof,64,94,Full,0,6496.0,3
16687,1488,M,PhD,64,Prof,64,95,Full,0,6590.0,3
16688,1489,F,PhD,91,Other,92,92,Assist,0,3559.0,1
16689,1489,F,PhD,91,Other,92,93,Assist,0,3715.0,1
16690,1489,F,PhD,91,Other,92,94,Assist,0,3715.0,1
16691,1489,F,PhD,91,Other,92,95,Assist,0,4106.0,1
16692,1490,M,PhD,60,Other,64,76,Full,0,2810.0,3
16693,1490,M,PhD,60,Other,64,77,Full,0,3156.0,3
16694,1490,M,PhD,60,Other,64,78,Full,0,3294.0,3
16695,1490,M,PhD,60,Other,64,79,Full,0,3556.0,3
16696,1490,M,PhD,60,Other,64,80,Full,0,3750.0,3
16697,1490,M,PhD,60,Other,64,81,Full,0,4000.0,3
16698,1490,M,PhD,60,Other,64,83,Full,0,4220.0,3
16699,1490,M,PhD,60,Other,64,84,Full,0,4317.0,3
16700,1490,M,PhD,60,Other,64,85,Full,0,4317.0,3
16701,1490,M,PhD,60,Other,64,86,Full,0,4446.0,3
16702,1490,M,PhD,60,Other,64,87,Full,0,4669.0,3
16703,1490,M,PhD,60,Other,64,88,Full,0,4874.0,3
16704,1490,M,PhD,60,Other,64,89,Full,0,5215.0,3
16705,1490,M,PhD,60,Other,64,90,Full,0,5458.0,3
16706,1490,M,PhD,60,Other,64,91,Full,0,5712.0,3
16707,1490,M,PhD,60,Other,64,92,Full,0,5794.0,3
16708,1490,M,PhD,60,Other,64,93,Full,0,5878.0,3
16709,1490,M,PhD,60,Other,64,94,Full,0,5878.0,3
16710,1490,M,PhD,60,Other,64,95,Full,0,5962.0,3
16711,1491,M,PhD,60,Other,61,76,Full,0,3656.0,3
16712,1491,M,PhD,60,Other,61,77,Full,0,3966.0,3
16713,1491,M,PhD,60,Other,61,78,Full,0,4066.0,3
16714,1491,M,PhD,60,Other,61,79,Full,0,4482.0,3
16715,1491,M,PhD,60,Other,61,80,Full,0,4775.0,3
16716,1491,M,PhD,60,Other,61,81,Full,0,5248.0,3
16717,1491,M,PhD,60,Other,61,82,Full,0,5478.0,3
16718,1491,M,PhD,60,Other,61,83,Full,0,5779.0,3
16719,1491,M,PhD,60,Other,61,84,Full,0,6350.0,3
16720,1491,M,PhD,60,Other,61,85,Full,0,6350.0,3
16721,1491,M,PhD,60,Other,61,86,Full,0,6925.0,3
16722,1491,M,PhD,60,Other,61,87,Full,0,7272.0,3
16723,1491,M,PhD,60,Other,61,88,Full,0,7377.0,3
16724,1491,M,PhD,60,Other,61,89,Full,0,7781.0,3
16725,1491,M,PhD,60,Other,61,90,Full,0,8145.0,3
16726,1491,M,PhD,60,Other,61,91,Full,0,8646.0,3
16727,1491,M,PhD,60,Other,61,92,Full,0,8646.0,3
16728,1491,M,PhD,60,Other,61,93,Full,0,8770.0,3
16729,1491,M,PhD,60,Other,61,94,Full,0,8770.0,3
16730,1491,M,PhD,60,Other,61,95,Full,0,8896.0,3
16731,1492,M,PhD,57,Prof,70,76,Full,1,2936.0,3
16732,1492,M,PhD,57,Prof,70,77,Full,1,3302.0,3
16733,1492,M,PhD,57,Prof,70,78,Full,1,3481.0,3
16734,1492,M,PhD,57,Prof,70,79,Full,1,3856.0,3
16735,1492,M,PhD,57,Prof,70,80,Full,1,4169.0,3
16736,1492,M,PhD,57,Prof,70,81,Full,0,4615.0,3
16737,1492,M,PhD,57,Prof,70,82,Full,1,4817.0,3
16738,1492,M,PhD,57,Prof,70,83,Full,0,5305.0,3
16739,1492,M,PhD,57,Prof,70,84,Full,0,5746.0,3
16740,1492,M,PhD,57,Prof,70,85,Full,1,5746.0,3
16741,1492,M,PhD,57,Prof,70,86,Full,0,6925.0,3
16742,1492,M,PhD,57,Prof,70,87,Full,0,7272.0,3
16743,1492,M,PhD,57,Prof,70,88,Full,0,7483.0,3
16744,1492,M,PhD,57,Prof,70,89,Full,0,8122.0,3
16745,1492,M,PhD,57,Prof,70,90,Full,0,9396.0,3
16746,1492,M,PhD,57,Prof,70,91,Full,0,9833.0,3
16747,1492,M,PhD,57,Prof,70,92,Full,0,10118.0,3
16748,1492,M,PhD,57,Prof,70,93,Full,0,10411.0,3
16749,1492,M,PhD,57,Prof,70,94,Full,0,10411.0,3
16750,1492,M,PhD,57,Prof,70,95,Full,0,10867.0,3
16751,1493,F,PhD,77,Other,89,89,Assoc,0,3296.0,2
16752,1493,F,PhD,77,Other,89,90,Assoc,0,3653.0,2
16753,1493,F,PhD,77,Other,89,91,Assoc,0,3991.0,2
16754,1493,F,PhD,77,Other,89,92,Assoc,0,4147.0,2
16755,1493,F,PhD,77,Other,89,93,Assoc,0,4286.0,2
16756,1493,F,PhD,77,Other,89,94,Assoc,0,4286.0,2
16757,1493,F,PhD,77,Other,89,95,Assoc,0,4604.0,2
16758,1494,M,PhD,69,Prof,73,76,Assoc,0,1948.0,2
16759,1494,M,PhD,69,Prof,73,77,Assoc,0,2180.0,2
16760,1494,M,PhD,69,Prof,73,79,Assoc,0,2759.0,2
16761,1494,M,PhD,69,Prof,73,80,Full,0,3058.0,3
16762,1494,M,PhD,69,Prof,73,81,Full,0,3517.0,3
16763,1494,M,PhD,69,Prof,73,82,Full,0,3887.0,3
16764,1494,M,PhD,69,Prof,73,83,Full,0,4797.333,3
16765,1494,M,PhD,69,Prof,73,84,Full,1,5585.0,3
16766,1494,M,PhD,69,Prof,73,85,Full,1,5585.0,3
16767,1494,M,PhD,69,Prof,73,86,Full,0,6730.0,3
16768,1494,M,PhD,69,Prof,73,87,Full,0,7924.0,3
16769,1494,M,PhD,69,Prof,73,88,Full,0,8038.0,3
16770,1494,M,PhD,69,Prof,73,89,Full,0,8849.0,3
16771,1494,M,PhD,69,Prof,73,90,Full,0,9949.0,3
16772,1494,M,PhD,69,Prof,73,91,Full,0,10561.0,3
16773,1494,M,PhD,69,Prof,73,92,Full,0,11024.0,3
16774,1494,M,PhD,69,Prof,73,93,Full,0,11343.0,3
16775,1494,M,PhD,69,Prof,73,94,Full,0,10118.0,3
16776,1494,M,PhD,69,Prof,73,95,Full,0,10411.0,3
16777,1495,M,PhD,56,Prof,80,80,Full,0,3070.0,3
16778,1495,M,PhD,56,Prof,80,81,Full,0,3512.0,3
16779,1495,M,PhD,56,Prof,80,82,Full,0,4358.0,3
16780,1495,M,PhD,56,Prof,80,83,Full,0,4664.0,3
16781,1495,M,PhD,56,Prof,80,84,Full,0,4908.0,3
16782,1495,M,PhD,56,Prof,80,85,Full,0,4908.0,3
16783,1495,M,PhD,56,Prof,80,86,Full,0,5509.0,3
16784,1495,M,PhD,56,Prof,80,87,Full,0,5786.0,3
16785,1495,M,PhD,56,Prof,80,88,Full,0,5786.0,3
16786,1495,M,PhD,56,Prof,80,89,Full,0,6103.0,3
16787,1495,M,PhD,56,Prof,80,90,Full,0,6668.0,3
16788,1495,M,PhD,56,Prof,80,91,Full,0,6977.0,3
16789,1495,M,PhD,56,Prof,80,92,Full,0,7283.0,3
16790,1495,M,PhD,56,Prof,80,93,Full,0,7494.0,3
16791,1495,M,PhD,56,Prof,80,94,Full,0,7494.0,3
16792,1495,M,PhD,56,Prof,80,95,Full,0,7712.0,3
16793,1496,M,PhD,76,Prof,79,79,Assoc,0,2448.0,2
16794,1496,M,PhD,76,Prof,79,80,Assoc,0,2590.0,2
16795,1496,M,PhD,76,Prof,79,81,Assoc,0,2960.0,2
16796,1496,M,PhD,76,Prof,79,82,Assoc,0,3413.0,2
16797,1496,M,PhD,76,Prof,79,83,Assoc,0,4160.0,2
16798,1496,M,PhD,76,Prof,79,84,Assoc,0,4378.0,2
16799,1496,M,PhD,76,Prof,79,85,Assoc,0,4505.0,2
16800,1496,M,PhD,76,Prof,79,86,Assoc,0,5354.0,2
16801,1496,M,PhD,76,Prof,79,87,Assoc,0,5623.0,2
16802,1496,M,PhD,76,Prof,79,88,Assoc,0,5703.0,2
16803,1496,M,PhD,76,Prof,79,89,Assoc,0,6103.0,2
16804,1496,M,PhD,76,Prof,79,90,Assoc,0,6573.0,2
16805,1496,M,PhD,76,Prof,79,91,Assoc,0,6977.0,2
16806,1496,M,PhD,76,Prof,79,92,Assoc,0,7283.0,2
16807,1496,M,PhD,76,Prof,79,93,Assoc,0,7602.0,2
16808,1496,M,PhD,76,Prof,79,94,Assoc,0,7602.0,2
16809,1496,M,PhD,76,Prof,79,95,Assoc,0,7823.0,2
16810,1497,F,Other,77,Other,82,82,Assist,0,2132.0,1
16811,1497,F,Other,77,Other,82,83,Assist,0,2382.0,1
16812,1497,F,Other,77,Other,82,84,Assist,0,2581.0,1
16813,1497,F,Other,77,Other,82,85,Assist,0,2581.0,1
16814,1497,F,Other,77,Other,82,86,Assist,0,2855.0,1
16815,1497,F,Other,77,Other,82,87,Assist,1,2998.0,1
16816,1497,F,Other,77,Other,82,88,Assoc,0,3266.0,2
16817,1497,F,Other,77,Other,82,89,Assoc,0,3863.0,2
16818,1497,F,Other,77,Other,82,90,Assoc,0,4220.0,2
16819,1497,F,Other,77,Other,82,91,Assoc,0,4812.0,2
16820,1497,F,Other,77,Other,82,92,Assoc,0,5168.0,2
16821,1497,F,Other,77,Other,82,93,Assoc,0,5318.0,2
16822,1497,F,Other,77,Other,82,94,Assoc,0,5318.0,2
16823,1497,F,Other,77,Other,82,95,Full,0,5794.0,3
16824,1499,F,Other,84,Arts,93,93,Assist,0,3939.0,1
16825,1499,F,Other,84,Arts,93,94,Assist,0,3939.0,1
16826,1499,F,Other,84,Arts,93,95,Assist,0,4053.0,1
16827,1500,F,Other,79,Other,89,89,Assist,0,3596.0,1
16828,1500,F,Other,79,Other,89,90,Assist,0,3711.0,1
16829,1500,F,Other,79,Other,89,91,Assist,0,3996.0,1
16830,1500,F,Other,79,Other,89,92,Assist,0,4292.0,1
16831,1500,F,Other,79,Other,89,93,Assoc,0,4881.0,2
16832,1500,F,Other,79,Other,89,94,Assoc,0,4881.0,2
16833,1500,F,Other,79,Other,89,95,Assoc,0,5095.0,2
16834,1502,F,Other,86,Arts,93,93,Assist,0,3939.0,1
16835,1502,F,Other,86,Arts,93,94,Assist,0,3939.0,1
16836,1502,F,Other,86,Arts,93,95,Assist,0,4053.0,1
16837,1503,F,Other,72,Arts,84,84,Assoc,0,3688.06,2
16838,1503,F,Other,72,Arts,84,85,Assoc,0,3688.06,2
16839,1503,F,Other,72,Arts,84,86,Assoc,0,3798.507,2
16840,1503,F,Other,72,Arts,84,87,Full,0,4104.478,3
16841,1503,F,Other,72,Arts,84,88,Full,0,4104.478,3
16842,1503,F,Other,72,Arts,84,89,Full,0,4392.537,3
16843,1503,F,Other,72,Arts,84,90,Full,0,4598.0,3
16844,1503,F,Other,72,Arts,84,91,Full,0,4881.0,3
16845,1503,F,Other,72,Arts,84,92,Full,0,4880.556,3
16846,1503,F,Other,72,Arts,84,93,Full,0,5022.222,3
16847,1503,F,Other,72,Arts,84,94,Full,0,5021.973,3
16848,1503,F,Other,72,Arts,84,95,Full,0,9420.0,3
16849,1504,F,Other,89,Arts,93,93,Assist,0,3564.0,1
16850,1504,F,Other,89,Arts,93,94,Assist,0,3564.0,1
16851,1504,F,Other,89,Arts,93,95,Assist,0,3667.0,1
16852,1505,M,Other,60,Other,68,76,Full,0,2650.0,3
16853,1505,M,Other,60,Other,68,77,Full,0,2938.0,3
16854,1505,M,Other,60,Other,68,78,Full,0,3129.0,3
16855,1505,M,Other,60,Other,68,79,Full,0,3455.0,3
16856,1505,M,Other,60,Other,68,80,Full,0,3696.0,3
16857,1505,M,Other,60,Other,68,81,Full,0,4000.0,3
16858,1505,M,Other,60,Other,68,82,Full,0,4174.0,3
16859,1505,M,Other,60,Other,68,83,Full,0,4404.0,3
16860,1505,M,Other,60,Other,68,84,Full,0,4841.0,3
16861,1505,M,Other,60,Other,68,85,Full,0,4841.0,3
16862,1505,M,Other,60,Other,68,86,Full,0,5278.0,3
16863,1505,M,Other,60,Other,68,87,Full,0,5543.0,3
16864,1505,M,Other,60,Other,68,88,Full,0,5623.0,3
16865,1505,M,Other,60,Other,68,89,Full,0,6103.0,3
16866,1505,M,Other,60,Other,68,90,Full,0,6668.0,3
16867,1505,M,Other,60,Other,68,91,Full,0,7078.0,3
16868,1505,M,Other,60,Other,68,92,Full,0,7388.0,3
16869,1505,M,Other,60,Other,68,93,Full,0,7602.0,3
16870,1505,M,Other,60,Other,68,94,Full,0,7602.0,3
16871,1505,M,Other,60,Other,68,95,Full,0,7823.0,3
16872,1506,F,Other,82,Other,86,86,Assist,0,3022.0,1
16873,1506,F,Other,82,Other,86,87,Assist,0,3174.0,1
16874,1506,F,Other,82,Other,86,88,Assist,0,3458.0,1
16875,1506,F,Other,82,Other,86,89,Assist,0,3975.0,1
16876,1506,F,Other,82,Other,86,90,Assist,0,4220.0,1
16877,1506,F,Other,82,Other,86,91,Assoc,0,4610.0,2
16878,1506,F,Other,82,Other,86,92,Assoc,0,4812.0,2
16879,1506,F,Other,82,Other,86,93,Assoc,0,4951.0,2
16880,1506,F,Other,82,Other,86,94,Assoc,0,4951.0,2
16881,1506,F,Other,82,Other,86,95,Assoc,0,5242.0,2
16882,1507,M,Other,49,Arts,57,76,Full,0,3199.0,3
16883,1507,M,Other,49,Arts,57,77,Full,0,3481.0,3
16884,1507,M,Other,49,Arts,57,78,Full,0,3624.0,3
16885,1507,M,Other,49,Arts,57,79,Full,0,4009.0,3
16886,1507,M,Other,49,Arts,57,80,Full,0,4331.0,3
16887,1507,M,Other,49,Arts,57,81,Full,0,4817.0,3
16888,1507,M,Other,49,Arts,57,83,Full,0,5305.0,3
16889,1507,M,Other,49,Arts,57,84,Full,0,5585.0,3
16890,1507,M,Other,49,Arts,57,85,Full,0,5585.0,3
16891,1507,M,Other,49,Arts,57,86,Full,0,5751.0,3
16892,1507,M,Other,49,Arts,57,87,Full,0,6039.0,3
16893,1507,M,Other,49,Arts,57,88,Full,0,6126.0,3
16894,1507,M,Other,49,Arts,57,89,Full,0,6555.0,3
16895,1507,M,Other,49,Arts,57,90,Full,0,6668.0,3
16896,1507,M,Other,49,Arts,57,91,Full,0,6781.0,3
16897,1507,M,Other,49,Arts,57,92,Full,0,7078.0,3
16898,1507,M,Other,49,Arts,57,93,Full,0,7078.0,3
16899,1507,M,Other,49,Arts,57,94,Full,0,7078.0,3
16900,1507,M,Other,49,Arts,57,95,Full,0,7283.0,3
16901,1508,M,Other,73,Arts,76,76,Assist,0,1384.0,1
16902,1508,M,Other,73,Arts,76,77,Assist,0,1572.0,1
16903,1508,M,Other,73,Arts,76,78,Assist,0,1680.0,1
16904,1508,M,Other,73,Arts,76,79,Assist,0,1919.0,1
16905,1508,M,Other,73,Arts,76,80,Assoc,0,2121.0,2
16906,1508,M,Other,73,Arts,76,81,Assoc,0,2379.104,2
16907,1508,M,Other,73,Arts,76,82,Assoc,0,2567.0,2
16908,1508,M,Other,73,Arts,76,83,Full,0,3037.0,3
16909,1508,M,Other,73,Arts,76,84,Full,0,3290.0,3
16910,1508,M,Other,73,Arts,76,85,Full,0,3290.0,3
16911,1508,M,Other,73,Arts,76,86,Full,0,5056.0,3
16912,1508,M,Other,73,Arts,76,87,Full,0,5310.0,3
16913,1508,M,Other,73,Arts,76,88,Full,0,6304.0,3
16914,1508,M,Other,73,Arts,76,89,Full,0,6370.0,3
16915,1508,M,Other,73,Arts,76,90,Full,0,6540.299,3
16916,1508,M,Other,73,Arts,76,91,Full,0,8896.0,3
16917,1508,M,Other,73,Arts,76,92,Full,0,8896.0,3
16918,1508,M,Other,73,Arts,76,93,Full,0,8896.0,3
16919,1508,M,Other,73,Arts,76,94,Full,0,8896.0,3
16920,1508,M,Other,73,Arts,76,95,Full,0,8896.0,3
16921,1509,M,Other,62,Arts,65,76,Assoc,0,1743.0,2
16922,1509,M,Other,62,Arts,65,77,Assoc,0,1904.0,2
16923,1509,M,Other,62,Arts,65,78,Assoc,0,1942.0,2
16924,1509,M,Other,62,Arts,65,79,Assoc,0,2161.0,2
16925,1509,M,Other,62,Arts,65,80,Assoc,0,2333.0,2
16926,1509,M,Other,62,Arts,65,81,Assoc,0,2567.0,2
16927,1509,M,Other,62,Arts,65,82,Assoc,0,2567.0,2
16928,1509,M,Other,62,Arts,65,83,Assoc,0,2708.0,2
16929,1509,M,Other,62,Arts,65,84,Assoc,0,2851.0,2
16930,1509,M,Other,62,Arts,65,85,Assoc,0,2851.0,2
16931,1509,M,Other,62,Arts,65,86,Assoc,0,2937.0,2
16932,1509,M,Other,62,Arts,65,87,Assoc,0,3085.0,2
16933,1509,M,Other,62,Arts,65,88,Assoc,0,3266.0,2
16934,1509,M,Other,62,Arts,65,89,Assoc,0,3596.0,2
16935,1509,M,Other,62,Arts,65,90,Assoc,0,3658.0,2
16936,1509,M,Other,62,Arts,65,91,Assoc,0,3828.0,2
16937,1509,M,Other,62,Arts,65,92,Assoc,0,3939.0,2
16938,1509,M,Other,62,Arts,65,93,Assoc,0,3996.0,2
16939,1509,M,Other,62,Arts,65,94,Assoc,0,3996.0,2
16940,1509,M,Other,62,Arts,65,95,Assoc,0,4112.0,2
16942,1511,M,Other,61,Prof,76,76,Full,1,3417.0,3
16943,1511,M,Other,61,Prof,76,77,Full,1,3625.0,3
16944,1511,M,Other,61,Prof,76,78,Full,1,3809.0,3
16945,1511,M,Other,61,Prof,76,79,Full,1,4199.0,3
16946,1511,M,Other,61,Prof,76,80,Full,1,4493.0,3
16947,1511,M,Other,61,Prof,76,82,Full,1,4950.0,3
16948,1511,M,Other,61,Prof,76,83,Full,1,5296.0,3
16949,1511,M,Other,61,Prof,76,84,Full,1,5656.0,3
16950,1511,M,Other,61,Prof,76,85,Full,1,5656.0,3
16951,1511,M,Other,61,Prof,76,86,Full,1,6258.0,3
16952,1511,M,Other,61,Prof,76,87,Full,1,6258.0,3
16953,1511,M,Other,61,Prof,76,88,Full,0,6761.0,3
16954,1511,M,Other,61,Prof,76,89,Full,1,7376.0,3
16955,1511,M,Other,61,Prof,76,90,Full,1,7692.0,3
16956,1511,M,Other,61,Prof,76,91,Full,1,8165.0,3
16957,1511,M,Other,61,Prof,76,92,Full,1,8523.0,3
16958,1511,M,Other,61,Prof,76,93,Full,1,8770.0,3
16959,1511,M,Other,61,Prof,76,94,Full,0,8770.0,3
16960,1511,M,Other,61,Prof,76,95,Full,0,9120.0,3
16961,1512,M,Other,89,Other,94,94,Assist,0,4353.0,1
16962,1512,M,Other,89,Other,94,95,Assist,0,4480.0,1
16963,1513,M,Other,74,Other,74,76,Assist,0,1502.0,1
16964,1513,M,Other,74,Other,74,77,Assist,0,1608.0,1
16965,1513,M,Other,74,Other,74,78,Assist,0,1717.0,1
16966,1513,M,Other,74,Other,74,79,Assist,0,1959.0,1
16967,1513,M,Other,74,Other,74,81,Assist,0,2194.0,1
16968,1513,M,Other,74,Other,74,82,Assist,0,2258.0,1
16969,1513,M,Other,74,Other,74,83,Assoc,0,2451.0,2
16970,1513,M,Other,74,Other,74,84,Assoc,0,2694.0,2
16971,1513,M,Other,74,Other,74,85,Assoc,0,2694.0,2
16972,1513,M,Other,74,Other,74,86,Assoc,0,2774.0,2
16973,1513,M,Other,74,Other,74,87,Assoc,0,2913.0,2
16974,1513,M,Other,74,Other,74,88,Assoc,0,3266.0,2
16975,1513,M,Other,74,Other,74,89,Assoc,0,3596.0,2
16976,1513,M,Other,74,Other,74,90,Assoc,0,3658.0,2
16977,1513,M,Other,74,Other,74,91,Assoc,0,3828.0,2
16978,1513,M,Other,74,Other,74,92,Assoc,0,3996.0,2
16979,1513,M,Other,74,Other,74,93,Assoc,0,4053.0,2
16980,1513,M,Other,74,Other,74,94,Assoc,0,4053.0,2
16981,1513,M,Other,74,Other,74,95,Assoc,0,4292.0,2
16982,1514,F,Other,89,Other,93,93,Assist,0,4544.0,1
16983,1514,F,Other,89,Other,93,94,Assist,0,4544.0,1
16984,1514,F,Other,89,Other,93,95,Assist,0,4676.0,1
16985,1516,M,Other,87,Other,89,89,Assist,0,3696.0,1
16986,1516,M,Other,87,Other,89,90,Assist,0,3924.0,1
16987,1516,M,Other,87,Other,89,91,Assist,0,4165.0,1
16988,1516,M,Other,87,Other,89,92,Assoc,0,4474.0,2
16989,1516,M,Other,87,Other,89,93,Assoc,0,4737.0,2
16990,1516,M,Other,87,Other,89,94,Assoc,0,4737.0,2
16991,1516,M,Other,87,Other,89,95,Assoc,0,4945.0,2
16992,1517,M,Other,61,Arts,62,76,Assoc,0,1623.0,2
16993,1517,M,Other,61,Arts,62,77,Assoc,0,1744.776,2
16994,1517,M,Other,61,Arts,62,78,Assoc,0,1791.0,2
16995,1517,M,Other,61,Arts,62,79,Assoc,0,1919.0,2
16996,1517,M,Other,61,Arts,62,80,Assoc,0,2079.0,2
16997,1517,M,Other,61,Arts,62,81,Assoc,0,2163.0,2
16998,1517,M,Other,61,Arts,62,82,Assoc,0,2258.0,2
16999,1517,M,Other,61,Arts,62,83,Assoc,0,2633.0,2
17000,1517,M,Other,61,Arts,62,84,Assoc,0,2851.0,2
17001,1517,M,Other,61,Arts,62,85,Assoc,0,2851.0,2
17002,1517,M,Other,61,Arts,62,86,Assoc,0,2937.0,2
17003,1517,M,Other,61,Arts,62,87,Assoc,0,3085.0,2
17004,1517,M,Other,61,Arts,62,88,Assoc,0,3266.0,2
17005,1517,M,Other,61,Arts,62,89,Full,0,4269.0,3
17006,1517,M,Other,61,Arts,62,90,Full,0,4343.0,3
17007,1517,M,Other,61,Arts,62,91,Full,0,4610.0,3
17008,1517,M,Other,61,Arts,62,92,Full,0,4676.0,3
17009,1517,M,Other,61,Arts,62,93,Full,0,4743.0,3
17010,1517,M,Other,61,Arts,62,94,Full,0,4743.0,3
17011,1517,M,Other,61,Arts,62,95,Full,0,4951.0,3
17012,1518,F,Other,77,Arts,88,88,Assoc,0,3768.0,2
17013,1518,F,Other,77,Arts,88,89,Assoc,0,3808.0,2
17014,1518,F,Other,77,Arts,88,90,Assoc,0,4101.0,2
17015,1518,F,Other,77,Arts,88,91,Assoc,0,4353.0,2
17016,1518,F,Other,77,Arts,88,92,Full,0,4676.0,3
17017,1518,F,Other,77,Arts,88,93,Full,0,4881.0,3
17018,1518,F,Other,77,Arts,88,94,Full,0,4881.0,3
17019,1518,F,Other,77,Arts,88,95,Full,0,5318.0,3
17020,1519,M,Other,67,Arts,71,76,Assist,0,1563.0,1
17021,1519,M,Other,67,Arts,71,77,Assoc,0,1828.0,2
17022,1519,M,Other,67,Arts,71,78,Assoc,0,1942.0,2
17023,1519,M,Other,67,Arts,71,80,Assoc,0,2247.0,2
17024,1519,M,Other,67,Arts,71,81,Assoc,0,2425.0,2
17025,1519,M,Other,67,Arts,71,82,Assoc,0,3182.0,2
17026,1519,M,Other,67,Arts,71,83,Assoc,0,3356.471,2
17027,1519,M,Other,67,Arts,71,84,Assoc,0,3534.0,2
17028,1519,M,Other,67,Arts,71,85,Assoc,0,4018.0,2
17029,1519,M,Other,67,Arts,71,86,Assoc,0,4139.0,2
17030,1519,M,Other,67,Arts,71,87,Full,0,4473.0,3
17031,1519,M,Other,67,Arts,71,88,Full,0,4538.0,3
17032,1519,M,Other,67,Arts,71,89,Full,0,4855.0,3
17033,1519,M,Other,67,Arts,71,90,Full,0,5082.0,3
17034,1519,M,Other,67,Arts,71,91,Full,0,5318.0,3
17035,1519,M,Other,67,Arts,71,92,Full,0,5318.0,3
17036,1519,M,Other,67,Arts,71,93,Full,0,5472.0,3
17037,1519,M,Other,67,Arts,71,94,Full,0,5472.0,3
17038,1519,M,Other,67,Arts,71,95,Full,0,5712.0,3
17039,1520,M,Other,64,Arts,62,76,Assoc,0,1652.0,2
17040,1520,M,Other,64,Arts,62,77,Assoc,0,1754.0,2
17041,1520,M,Other,64,Arts,62,78,Assoc,0,1828.0,2
17042,1520,M,Other,64,Arts,62,79,Assoc,0,2039.0,2
17043,1520,M,Other,64,Arts,62,80,Assoc,0,2121.0,2
17044,1520,M,Other,64,Arts,62,81,Assoc,0,2194.0,2
17045,1520,M,Other,64,Arts,62,82,Assoc,0,2258.0,2
17046,1520,M,Other,64,Arts,62,83,Assoc,0,2512.121,2
17047,1520,M,Other,64,Arts,62,84,Assoc,0,2732.0,2
17048,1520,M,Other,64,Arts,62,85,Assoc,0,2732.0,2
17049,1520,M,Other,64,Arts,62,86,Assoc,0,3022.0,2
17050,1520,M,Other,64,Arts,62,87,Assoc,0,3174.0,2
17051,1520,M,Other,64,Arts,62,88,Assoc,0,3266.0,2
17052,1520,M,Other,64,Arts,62,89,Assoc,0,3596.0,2
17053,1520,M,Other,64,Arts,62,90,Assoc,0,3711.0,2
17054,1520,M,Other,64,Arts,62,91,Assoc,0,3828.0,2
17055,1520,M,Other,64,Arts,62,92,Assoc,0,3996.0,2
17056,1520,M,Other,64,Arts,62,93,Assoc,0,3996.0,2
17057,1520,M,Other,64,Arts,62,94,Assoc,0,3996.0,2
17058,1520,M,Other,64,Arts,62,95,Assoc,0,4231.0,2
17059,1521,F,Other,81,Arts,87,87,Full,1,4347.0,3
17060,1521,F,Other,81,Arts,87,88,Full,0,4410.0,3
17061,1521,F,Other,81,Arts,87,89,Full,0,4855.0,3
17062,1521,F,Other,81,Arts,87,90,Full,1,5229.0,3
17063,1521,F,Other,81,Arts,87,91,Full,1,5712.0,3
17064,1521,F,Other,81,Arts,87,92,Full,1,6135.0,3
17065,1521,F,Other,81,Arts,87,93,Full,1,6313.0,3
17066,1521,F,Other,81,Arts,87,94,Full,1,6313.0,3
17067,1521,F,Other,81,Arts,87,95,Full,1,6496.0,3
17068,1522,M,Other,61,Arts,67,76,Assoc,0,1839.0,2
17069,1522,M,Other,61,Arts,67,77,Full,0,2216.0,3
17070,1522,M,Other,61,Arts,67,78,Full,0,2378.0,3
17071,1522,M,Other,61,Arts,67,79,Full,0,2627.0,3
17072,1522,M,Other,61,Arts,67,80,Full,0,2824.0,3
17073,1522,M,Other,61,Arts,67,81,Full,0,3048.0,3
17074,1522,M,Other,61,Arts,67,82,Full,0,3048.0,3
17075,1522,M,Other,61,Arts,67,83,Full,0,3216.0,3
17076,1522,M,Other,61,Arts,67,84,Full,0,3386.0,3
17077,1522,M,Other,61,Arts,67,85,Full,0,3386.0,3
17078,1522,M,Other,61,Arts,67,86,Full,0,3487.0,3
17079,1522,M,Other,61,Arts,67,87,Full,0,3662.0,3
17080,1522,M,Other,61,Arts,67,88,Full,0,3877.0,3
17081,1522,M,Other,61,Arts,67,89,Full,0,4269.0,3
17082,1522,M,Other,61,Arts,67,90,Full,0,4343.0,3
17083,1522,M,Other,61,Arts,67,91,Full,0,4812.0,3
17084,1522,M,Other,61,Arts,67,92,Full,0,4881.0,3
17085,1522,M,Other,61,Arts,67,93,Full,0,5022.0,3
17086,1522,M,Other,61,Arts,67,94,Full,0,5022.0,3
17087,1522,M,Other,61,Arts,67,95,Full,0,5168.0,3
17088,1524,F,Other,74,Arts,89,89,Assist,0,3348.0,1
17089,1524,F,Other,74,Arts,89,90,Assist,0,3406.0,1
17090,1524,F,Other,74,Arts,89,91,Assist,0,3774.0,1
17091,1524,F,Other,74,Arts,89,92,Assoc,0,3996.0,2
17092,1524,F,Other,74,Arts,89,93,Assoc,0,4231.0,2
17093,1524,F,Other,74,Arts,89,94,Assoc,0,4231.0,2
17094,1524,F,Other,74,Arts,89,95,Assoc,0,4480.0,2
17095,1525,M,Other,74,Other,87,87,Assist,0,3610.0,1
17096,1525,M,Other,74,Other,87,88,Assist,0,3662.0,1
17097,1525,M,Other,74,Other,87,89,Assist,0,4032.0,1
17098,1525,M,Other,74,Other,87,90,Assist,0,4220.0,1
17099,1525,M,Other,74,Other,87,91,Assist,0,4353.0,1
17100,1525,M,Other,74,Other,87,92,Assist,0,4480.0,1
17101,1525,M,Other,74,Other,87,93,Assist,0,4610.0,1
17102,1525,M,Other,74,Other,87,94,Assoc,0,4743.0,2
17103,1525,M,Other,74,Other,87,95,Assoc,0,4881.0,2
17104,1526,F,Other,74,Other,77,77,Assist,0,1481.0,1
17105,1526,F,Other,74,Other,77,78,Assist,0,1615.0,1
17106,1526,F,Other,74,Other,77,79,Assist,0,1825.0,1
17107,1526,F,Other,74,Other,77,80,Assoc,0,2017.0,2
17108,1526,F,Other,74,Other,77,81,Assoc,0,2323.0,2
17109,1526,F,Other,74,Other,77,82,Assoc,0,2460.0,2
17110,1526,F,Other,74,Other,77,83,Assoc,0,2869.0,2
17111,1526,F,Other,74,Other,77,84,Assoc,0,3107.0,2
17112,1526,F,Other,74,Other,77,85,Assoc,0,3107.0,2
17113,1526,F,Other,74,Other,77,86,Assoc,0,3200.0,2
17114,1526,F,Other,74,Other,77,87,Assoc,0,3362.0,2
17115,1526,F,Other,74,Other,77,88,Assoc,0,3559.0,2
17116,1526,F,Other,74,Other,77,89,Assoc,0,3700.0,2
17117,1526,F,Other,74,Other,77,90,Assoc,0,3873.0,2
17118,1526,F,Other,74,Other,77,91,Assoc,0,4053.0,2
17119,1526,F,Other,74,Other,77,92,Assoc,0,4292.0,2
17120,1526,F,Other,74,Other,77,93,Full,0,4676.0,3
17121,1526,F,Other,74,Other,77,94,Full,0,4676.0,3
17122,1526,F,Other,74,Other,77,95,Full,0,4881.0,3
17123,1528,M,Other,67,Arts,68,76,Assist,0,1592.0,1
17124,1528,M,Other,67,Arts,68,77,Assist,0,1754.0,1
17125,1528,M,Other,67,Arts,68,78,Assoc,0,1866.0,2
17126,1528,M,Other,67,Arts,68,79,Assoc,0,2079.0,2
17127,1528,M,Other,67,Arts,68,80,Assoc,0,2205.0,2
17128,1528,M,Other,67,Arts,68,82,Assoc,0,2532.0,2
17129,1528,M,Other,67,Arts,68,83,Assoc,0,2748.0,2
17130,1528,M,Other,67,Arts,68,84,Assoc,0,2892.0,2
17131,1528,M,Other,67,Arts,68,85,Full,0,2977.0,3
17132,1528,M,Other,67,Arts,68,86,Full,0,3246.0,3
17133,1528,M,Other,67,Arts,68,87,Full,0,3409.0,3
17134,1528,M,Other,67,Arts,68,88,Full,0,3877.0,3
17135,1528,M,Other,67,Arts,68,89,Full,0,4393.0,3
17136,1528,M,Other,67,Arts,68,90,Full,0,4664.0,3
17137,1528,M,Other,67,Arts,68,91,Full,0,5168.0,3
17138,1528,M,Other,67,Arts,68,92,Full,0,5394.0,3
17139,1528,M,Other,67,Arts,68,93,Full,0,5551.0,3
17140,1528,M,Other,67,Arts,68,94,Full,0,5551.0,3
17141,1528,M,Other,67,Arts,68,95,Full,0,6048.0,3
17142,1529,M,Other,74,Arts,84,84,Assist,0,2437.0,1
17143,1529,M,Other,74,Arts,84,85,Assist,0,2437.0,1
17144,1529,M,Other,74,Arts,84,86,Assist,0,3341.0,1
17145,1529,M,Other,74,Arts,84,87,Assist,0,3508.0,1
17146,1529,M,Other,74,Arts,84,88,Assist,0,3508.0,1
17147,1529,M,Other,74,Arts,84,89,Assoc,0,3863.0,2
17148,1529,M,Other,74,Arts,84,90,Assoc,0,4160.0,2
17149,1529,M,Other,74,Arts,84,91,Assoc,1,4353.0,2
17150,1529,M,Other,74,Arts,84,92,Assoc,1,4544.0,2
17151,1529,M,Other,74,Arts,84,93,Assoc,0,6135.0,2
17152,1529,M,Other,74,Arts,84,94,Assoc,0,6135.0,2
17153,1529,M,Other,74,Arts,84,95,Full,0,6404.0,3
17154,1531,M,Other,67,Other,90,90,Assoc,0,5010.448,2
17155,1531,M,Other,67,Other,90,91,Assoc,0,5317.91,2
17156,1531,M,Other,67,Other,90,92,Assoc,0,5471.642,2
17157,1531,M,Other,67,Other,90,93,Assoc,0,5631.343,2
17158,1531,M,Other,67,Other,90,94,Full,0,5794.03,3
17159,1531,M,Other,67,Other,90,95,Full,0,6047.761,3
17160,1532,M,Other,84,Other,89,89,Assist,0,3116.418,1
17161,1532,M,Other,84,Other,89,90,Assist,0,3356.716,1
17162,1532,M,Other,84,Other,89,91,Assist,0,3614.925,1
17163,1532,M,Other,84,Other,89,92,Assist,0,3774.627,1
17164,1532,M,Other,84,Other,89,93,Assist,0,3883.582,1
17165,1532,M,Other,84,Other,89,94,Assist,0,3883.582,1
17166,1532,M,Other,84,Other,89,95,Assoc,0,4480.597,2
17167,1533,F,Other,72,Other,76,76,Assist,0,1712.0,1
17168,1533,F,Other,72,Other,76,77,Assist,0,1904.0,1
17169,1533,F,Other,72,Other,76,78,Assist,0,2028.0,1
17170,1533,F,Other,72,Other,76,79,Assist,0,2240.0,1
17171,1533,F,Other,72,Other,76,80,Assist,0,2412.0,1
17172,1533,F,Other,72,Other,76,83,Assoc,0,2869.0,2
17173,1533,F,Other,72,Other,76,84,Assoc,0,3063.0,2
17174,1533,F,Other,72,Other,76,85,Assoc,0,3063.0,2
17175,1533,F,Other,72,Other,76,86,Assoc,0,3640.0,2
17176,1533,F,Other,72,Other,76,87,Assoc,0,3822.0,2
17177,1533,F,Other,72,Other,76,88,Assoc,0,3877.0,2
17178,1533,F,Other,72,Other,76,89,Assoc,0,4149.0,2
17179,1533,F,Other,72,Other,76,90,Assoc,0,4405.0,2
17180,1533,F,Other,72,Other,76,91,Assoc,0,4676.0,2
17181,1533,F,Other,72,Other,76,92,Assoc,0,4812.0,2
17182,1533,F,Other,72,Other,76,93,Assoc,0,4951.0,2
17183,1533,F,Other,72,Other,76,94,Assoc,0,4951.0,2
17184,1533,F,Other,72,Other,76,95,Assoc,0,5168.0,2
17185,1534,M,Other,68,Other,70,76,Assist,0,1840.0,1
17186,1534,M,Other,68,Other,70,77,Assist,0,2057.333,1
17187,1534,M,Other,68,Other,70,78,Assist,0,2181.333,1
17188,1534,M,Other,68,Other,70,79,Assoc,0,2542.667,2
17189,1534,M,Other,68,Other,70,80,Assoc,0,2720.0,2
17190,1534,M,Other,68,Other,70,81,Assoc,0,2962.667,2
17191,1534,M,Other,68,Other,70,82,Assoc,0,2962.366,2
17192,1534,M,Other,68,Other,70,83,Assoc,0,3125.0,2
17193,1534,M,Other,68,Other,70,84,Assoc,0,3386.0,2
17194,1534,M,Other,68,Other,70,85,Assoc,0,3386.667,2
17195,1534,M,Other,68,Other,70,86,Assoc,0,3486.667,2
17196,1534,M,Other,68,Other,70,87,Assoc,0,3662.667,2
17197,1534,M,Other,68,Other,70,88,Assoc,0,3933.333,2
17198,1534,M,Other,68,Other,70,89,Assoc,0,4269.333,2
17199,1534,M,Other,68,Other,70,90,Assoc,0,4533.0,2
17200,1534,M,Other,68,Other,70,91,Assoc,0,4812.0,2
17201,1534,M,Other,68,Other,70,92,Assoc,0,4951.0,2
17202,1534,M,Other,68,Other,70,93,Assoc,0,5022.0,2
17203,1534,M,Other,68,Other,70,94,Assoc,0,5022.0,2
17204,1534,M,Other,68,Other,70,95,Assoc,0,5168.0,2
17205,1535,M,Other,64,Other,48,76,Full,0,2384.0,3
17206,1535,M,Other,64,Other,48,77,Full,1,2646.0,3
17207,1535,M,Other,64,Other,48,78,Full,1,2778.0,3
17208,1535,M,Other,64,Other,48,79,Full,0,3360.0,3
17209,1535,M,Other,64,Other,48,80,Full,0,3594.0,3
17210,1535,M,Other,64,Other,48,82,Full,0,4116.0,3
17211,1535,M,Other,64,Other,48,83,Full,0,4468.0,3
17212,1535,M,Other,64,Other,48,84,Full,0,4981.0,3
17213,1535,M,Other,64,Other,48,85,Full,0,4981.0,3
17214,1535,M,Other,64,Other,48,86,Full,0,5431.0,3
17215,1535,M,Other,64,Other,48,87,Full,0,5703.0,3
17216,1535,M,Other,64,Other,48,88,Full,0,5786.0,3
17217,1535,M,Other,64,Other,48,89,Full,0,6280.0,3
17218,1535,M,Other,64,Other,48,90,Full,0,6764.0,3
17219,1535,M,Other,64,Other,48,91,Full,0,7283.0,3
17220,1535,M,Other,64,Other,48,92,Full,0,7602.0,3
17221,1535,M,Other,64,Other,48,93,Full,0,7823.0,3
17222,1535,M,Other,64,Other,48,94,Full,0,7823.0,3
17223,1535,M,Other,64,Other,48,95,Full,0,8049.0,3
17224,1536,M,Other,76,Other,92,92,Assist,0,4353.0,1
17225,1536,M,Other,76,Other,92,93,Assist,0,4610.0,1
17226,1536,M,Other,76,Other,92,94,Assist,0,4610.0,1
17227,1536,M,Other,76,Other,92,95,Assoc,0,5095.0,2
17228,1537,M,Other,72,Other,85,85,Assoc,1,4908.0,2
17229,1537,M,Other,72,Other,85,86,Assoc,1,5354.0,2
17230,1537,M,Other,72,Other,85,87,Full,1,5786.0,3
17231,1537,M,Other,72,Other,85,88,Full,1,5869.0,3
17232,1537,M,Other,72,Other,85,89,Full,1,6280.0,3
17233,1537,M,Other,72,Other,85,90,Full,1,6764.0,3
17234,1537,M,Other,72,Other,85,91,Full,1,7078.0,3
17235,1537,M,Other,72,Other,85,92,Full,1,6878.0,3
17236,1537,M,Other,72,Other,85,93,Full,0,7078.0,3
17237,1537,M,Other,72,Other,85,94,Full,0,7078.0,3
17238,1537,M,Other,72,Other,85,95,Full,0,7283.0,3
17239,1538,F,Other,79,Other,89,89,Assoc,0,4032.0,2
17240,1538,F,Other,79,Other,89,90,Assoc,1,4043.0,2
17241,1538,F,Other,79,Other,89,91,Assoc,1,4676.0,2
17242,1538,F,Other,79,Other,89,92,Assoc,1,4822.0,2
17243,1538,F,Other,79,Other,89,93,Assoc,1,4990.0,2
17244,1538,F,Other,79,Other,89,94,Assoc,1,4990.0,2
17245,1538,F,Other,79,Other,89,95,Assoc,1,5551.0,2
17246,1539,M,Other,80,Other,80,80,Assist,0,2222.0,1
17247,1539,M,Other,80,Other,80,81,Assist,0,2460.0,1
17248,1539,M,Other,80,Other,80,82,Assist,0,2567.0,1
17249,1539,M,Other,80,Other,80,86,Assist,0,2400.0,1
17250,1539,M,Other,80,Other,80,87,Assist,0,3266.667,1
17251,1539,M,Other,80,Other,80,88,Assoc,0,3458.0,2
17252,1539,M,Other,80,Other,80,89,Assoc,0,3808.0,2
17253,1539,M,Other,80,Other,80,90,Assoc,0,4160.0,2
17254,1539,M,Other,80,Other,80,91,Assoc,0,4480.0,2
17255,1539,M,Other,80,Other,80,92,Assoc,0,4610.0,2
17256,1539,M,Other,80,Other,80,93,Assoc,0,4743.0,2
17257,1539,M,Other,80,Other,80,94,Assoc,0,4743.0,2
17258,1539,M,Other,80,Other,80,95,Assoc,0,4950.746,2
17259,1540,F,Other,54,Other,70,76,Assoc,0,1982.0,2
17260,1540,F,Other,54,Other,70,77,Assoc,0,2187.0,2
17261,1540,F,Other,54,Other,70,78,Assoc,0,2313.0,2
17262,1540,F,Other,54,Other,70,79,Full,0,2790.0,3
17263,1540,F,Other,54,Other,70,80,Full,0,2985.0,3
17264,1540,F,Other,54,Other,70,81,Full,0,3275.0,3
17265,1540,F,Other,54,Other,70,82,Full,0,3417.0,3
17266,1540,F,Other,54,Other,70,83,Full,0,3604.0,3
17267,1540,F,Other,54,Other,70,84,Full,0,4018.0,3
17268,1540,F,Other,54,Other,70,85,Full,0,4018.0,3
17269,1540,F,Other,54,Other,70,86,Full,0,4775.0,3
17270,1540,F,Other,54,Other,70,87,Full,0,5015.0,3
17271,1540,F,Other,54,Other,70,88,Full,0,5310.0,3
17272,1540,F,Other,54,Other,70,89,Full,0,5846.0,3
17273,1540,F,Other,54,Other,70,90,Full,0,6208.0,3
17274,1540,F,Other,54,Other,70,91,Full,0,6590.0,3
17275,1540,F,Other,54,Other,70,92,Full,0,6781.0,3
17276,1540,F,Other,54,Other,70,93,Full,0,6977.0,3
17277,1540,F,Other,54,Other,70,94,Full,0,6977.0,3
17278,1540,F,Other,54,Other,70,95,Full,0,7078.0,3
17279,1541,F,Other,64,Other,77,77,Assoc,0,1990.667,2
17280,1541,F,Other,64,Other,77,78,Assoc,0,2118.667,2
17281,1541,F,Other,64,Other,77,79,Assoc,0,2338.667,2
17282,1541,F,Other,64,Other,77,81,Assoc,0,2718.667,2
17283,1541,F,Other,64,Other,77,82,Assoc,0,2718.667,2
17284,1541,F,Other,64,Other,77,83,Assoc,0,2952.0,2
17285,1541,F,Other,64,Other,77,84,Assoc,0,3106.667,2
17286,1541,F,Other,64,Other,77,85,Assoc,0,3106.667,2
17287,1541,F,Other,64,Other,77,86,Assoc,0,3588.0,2
17288,1541,F,Other,64,Other,77,87,Assoc,0,3768.0,2
17289,1541,F,Other,64,Other,77,88,Assoc,0,3822.667,2
17290,1541,F,Other,64,Other,77,89,Assoc,0,4090.667,2
17291,1541,F,Other,64,Other,77,90,Assoc,0,4281.333,2
17292,1541,F,Other,64,Other,77,91,Assoc,0,4415.92,2
17293,1541,F,Other,64,Other,77,92,Assoc,0,4480.0,2
17294,1541,F,Other,64,Other,77,93,Assoc,0,4544.0,2
17295,1541,F,Other,64,Other,77,94,Assoc,0,4544.0,2
17296,1541,F,Other,64,Other,77,95,Assoc,0,4812.0,2
17297,1542,M,Other,72,Other,90,90,Assoc,0,3658.0,2
17298,1542,M,Other,72,Other,90,91,Assoc,0,4172.0,2
17299,1542,M,Other,72,Other,90,92,Assoc,0,4544.0,2
17300,1542,M,Other,72,Other,90,93,Assoc,0,4744.0,2
17301,1542,M,Other,72,Other,90,94,Assoc,0,4744.0,2
17302,1542,M,Other,72,Other,90,95,Assoc,0,5394.03,2
17305,1546,M,Other,73,Prof,85,85,Assoc,0,4256.0,2
17306,1546,M,Other,73,Prof,85,86,Assoc,0,4384.0,2
17307,1546,M,Other,73,Prof,85,87,Assoc,0,5542.667,2
17308,1546,M,Other,73,Prof,85,88,Assoc,0,5623.333,2
17309,1546,M,Other,73,Prof,85,89,Assoc,0,5845.556,2
17310,1546,M,Other,73,Prof,85,90,Assoc,0,6387.778,2
17311,1546,M,Other,73,Prof,85,91,Assoc,0,6689.856,2
17312,1546,M,Other,73,Prof,85,92,Assoc,0,6689.977,2
17313,1546,M,Other,73,Prof,85,93,Assoc,0,6689.925,2
17314,1546,M,Other,73,Prof,85,94,Assoc,0,6690.0,2
17315,1546,M,Other,73,Prof,85,95,Assoc,0,7823.0,2
17316,1547,M,Other,77,Other,77,77,Assist,0,1917.0,1
17317,1547,M,Other,77,Other,77,79,Assist,0,2213.0,1
17318,1547,M,Other,77,Other,77,80,Assist,0,2382.0,1
17319,1547,M,Other,77,Other,77,81,Assist,0,2715.0,1
17320,1547,M,Other,77,Other,77,82,Assoc,0,2919.231,2
17321,1547,M,Other,77,Other,77,83,Assoc,0,3500.0,2
17322,1547,M,Other,77,Other,77,84,Assoc,0,3845.0,2
17323,1547,M,Other,77,Other,77,85,Assoc,0,3845.0,2
17324,1547,M,Other,77,Other,77,86,Assoc,0,4316.0,2
17325,1547,M,Other,77,Other,77,87,Full,0,4664.0,3
17326,1547,M,Other,77,Other,77,88,Full,0,4869.0,3
17327,1547,M,Other,77,Other,77,89,Full,1,5283.0,3
17328,1547,M,Other,77,Other,77,90,Full,0,5530.0,3
17329,1547,M,Other,77,Other,77,91,Full,0,5955.0,3
17330,1547,M,Other,77,Other,77,92,Full,0,6216.0,3
17331,1547,M,Other,77,Other,77,93,Full,0,6488.0,3
17332,1547,M,Other,77,Other,77,94,Full,0,6488.0,3
17333,1547,M,Other,77,Other,77,95,Full,0,6772.0,3
17334,1548,M,Other,66,Other,77,77,Assist,0,2084.0,1
17335,1548,M,Other,66,Other,77,79,Assist,0,2449.0,1
17336,1548,M,Other,66,Other,77,80,Assist,0,2636.0,1
17337,1548,M,Other,66,Other,77,82,Assoc,0,3228.0,2
17338,1548,M,Other,66,Other,77,83,Assoc,0,3406.0,2
17339,1548,M,Other,66,Other,77,84,Assoc,0,3636.0,2
17340,1548,M,Other,66,Other,77,85,Assoc,0,3636.0,2
17341,1548,M,Other,66,Other,77,86,Assoc,1,4321.0,2
17342,1548,M,Other,66,Other,77,87,Assoc,1,4538.0,2
17343,1548,M,Other,66,Other,77,88,Assoc,1,4669.0,2
17344,1548,M,Other,66,Other,77,89,Assoc,1,5141.0,2
17345,1548,M,Other,66,Other,77,90,Assoc,1,5537.0,2
17346,1548,M,Other,66,Other,77,91,Assoc,1,5794.0,2
17347,1548,M,Other,66,Other,77,92,Assoc,1,6223.0,2
17348,1548,M,Other,66,Other,77,93,Assoc,1,6404.0,2
17349,1548,M,Other,66,Other,77,94,Assoc,1,6404.0,2
17350,1548,M,Other,66,Other,77,95,Assoc,1,6684.0,2
17351,1549,M,Other,68,Other,84,84,Assoc,0,3197.0,2
17352,1549,M,Other,68,Other,84,85,Assoc,0,3197.0,2
17353,1549,M,Other,68,Other,84,86,Assoc,0,3692.0,2
17354,1549,M,Other,68,Other,84,87,Assoc,0,3877.0,2
17355,1549,M,Other,68,Other,84,88,Assoc,0,3990.0,2
17356,1549,M,Other,68,Other,84,89,Assoc,0,4269.0,2
17357,1549,M,Other,68,Other,84,90,Assoc,0,4533.0,2
17358,1549,M,Other,68,Other,84,91,Assoc,0,4812.0,2
17359,1549,M,Other,68,Other,84,92,Assoc,0,4951.0,2
17360,1549,M,Other,68,Other,84,93,Assoc,0,5096.0,2
17361,1549,M,Other,68,Other,84,94,Assoc,0,5095.0,2
17362,1549,M,Other,68,Other,84,95,Assoc,0,5242.0,2
17365,1552,F,Other,83,Arts,85,85,Assist,0,3020.0,1
17366,1552,F,Other,83,Arts,85,86,Assist,0,3110.0,1
17367,1552,F,Other,83,Arts,85,87,Assist,0,3266.0,1
17368,1552,F,Other,83,Arts,85,88,Assist,0,3863.0,1
17369,1552,F,Other,83,Arts,85,89,Assist,0,3863.0,1
17370,1552,F,Other,83,Arts,85,90,Assoc,0,4220.0,2
17371,1552,F,Other,83,Arts,85,91,Assoc,0,4416.0,2
17372,1552,F,Other,83,Arts,85,92,Assoc,0,4416.0,2
17373,1552,F,Other,83,Arts,85,93,Assoc,0,4676.0,2
17374,1552,F,Other,83,Arts,85,94,Assoc,1,5095.0,2
17375,1552,F,Other,83,Arts,85,95,Assoc,1,5472.0,2
17379,1557,M,Other,84,Arts,84,84,Assist,0,2301.0,1
17380,1557,M,Other,84,Arts,84,85,Assist,0,2301.0,1
17381,1557,M,Other,84,Arts,84,86,Assist,0,2370.0,1
17382,1557,M,Other,84,Arts,84,87,Assist,0,2489.0,1
17383,1557,M,Other,84,Arts,84,88,Assist,0,2831.0,1
17384,1557,M,Other,84,Arts,84,89,Assist,0,3029.0,1
17385,1557,M,Other,84,Arts,84,90,Assoc,0,3658.0,2
17386,1557,M,Other,84,Arts,84,91,Assoc,0,3939.0,2
17387,1557,M,Other,84,Arts,84,92,Assoc,0,4112.0,2
17388,1557,M,Other,84,Arts,84,93,Assoc,0,4292.0,2
17389,1557,M,Other,84,Arts,84,94,Assoc,0,4292.0,2
17390,1557,M,Other,84,Arts,84,95,Assoc,0,4416.0,2
17391,1558,M,Other,78,Arts,84,84,Assoc,0,3020.0,2
17392,1558,M,Other,78,Arts,84,85,Assoc,0,3020.0,2
17393,1558,M,Other,78,Arts,84,86,Assoc,0,3293.0,2
17394,1558,M,Other,78,Arts,84,87,Assoc,0,3458.0,2
17395,1558,M,Other,78,Arts,84,88,Assoc,0,3559.0,2
17396,1558,M,Other,78,Arts,84,89,Assoc,0,3808.0,2
17397,1558,M,Other,78,Arts,84,90,Assoc,0,3986.0,2
17398,1558,M,Other,78,Arts,84,91,Full,0,4544.0,3
17399,1558,M,Other,78,Arts,84,92,Full,0,5022.0,3
17400,1558,M,Other,78,Arts,84,93,Full,0,5394.0,3
17401,1558,M,Other,78,Arts,84,94,Full,0,5394.0,3
17402,1558,M,Other,78,Arts,84,95,Full,0,5551.0,3
17403,1559,M,Other,78,Arts,93,93,Assist,0,3615.0,1
17404,1559,M,Other,78,Arts,93,94,Assist,0,3615.0,1
17405,1559,M,Other,78,Arts,93,95,Assist,0,3828.0,1
17406,1560,M,Other,70,Arts,70,76,Assoc,0,1623.0,2
17407,1560,M,Other,70,Arts,70,77,Assoc,0,1791.0,2
17408,1560,M,Other,70,Arts,70,78,Assoc,0,1942.0,2
17409,1560,M,Other,70,Arts,70,79,Assoc,0,2243.0,2
17410,1560,M,Other,70,Arts,70,80,Assoc,0,2464.0,2
17411,1560,M,Other,70,Arts,70,81,Assoc,0,2798.0,2
17412,1560,M,Other,70,Arts,70,82,Assoc,0,2962.0,2
17413,1560,M,Other,70,Arts,70,83,Assoc,0,3125.0,2
17414,1560,M,Other,70,Arts,70,84,Full,0,3484.0,3
17415,1560,M,Other,70,Arts,70,85,Full,0,3484.0,3
17416,1560,M,Other,70,Arts,70,86,Full,0,4139.0,3
17417,1560,M,Other,70,Arts,70,87,Full,0,4347.0,3
17418,1560,M,Other,70,Arts,70,88,Full,0,4603.0,3
17419,1560,M,Other,70,Arts,70,89,Full,0,5215.0,3
17420,1560,M,Other,70,Arts,70,90,Full,0,5305.0,3
17421,1560,M,Other,70,Arts,70,91,Full,0,5394.0,3
17422,1560,M,Other,70,Arts,70,92,Full,0,6048.0,3
17423,1560,M,Other,70,Arts,70,93,Full,0,6048.0,3
17424,1560,M,Other,70,Arts,70,94,Full,0,6048.0,3
17425,1560,M,Other,70,Arts,70,95,Full,0,6313.0,3
17426,1561,M,Other,53,Arts,70,76,Full,0,2089.0,3
17427,1561,M,Other,53,Arts,70,77,Full,0,2256.0,3
17428,1561,M,Other,53,Arts,70,78,Full,0,2419.0,3
17429,1561,M,Other,53,Arts,70,79,Full,0,2715.0,3
17430,1561,M,Other,53,Arts,70,80,Full,0,2917.0,3
17431,1561,M,Other,53,Arts,70,81,Full,0,3228.0,3
17432,1561,M,Other,53,Arts,70,82,Full,0,3369.0,3
17433,1561,M,Other,53,Arts,70,83,Full,0,3658.0,3
17434,1561,M,Other,53,Arts,70,84,Full,0,3851.0,3
17435,1561,M,Other,53,Arts,70,85,Full,0,3851.0,3
17436,1561,M,Other,53,Arts,70,86,Full,0,4383.0,3
17437,1561,M,Other,53,Arts,70,87,Full,0,4603.0,3
17438,1561,M,Other,53,Arts,70,88,Full,0,4669.0,3
17439,1561,M,Other,53,Arts,70,89,Full,0,5141.0,3
17440,1561,M,Other,53,Arts,70,90,Full,0,5698.0,3
17441,1561,M,Other,53,Arts,70,91,Full,0,5962.0,3
17442,1561,M,Other,53,Arts,70,92,Full,0,6223.0,3
17443,1561,M,Other,53,Arts,70,93,Full,0,6313.0,3
17444,1561,M,Other,53,Arts,70,94,Full,0,6313.0,3
17445,1561,M,Other,53,Arts,70,95,Full,0,6590.0,3
17446,1563,F,Other,67,Arts,80,80,Assoc,0,2205.0,2
17447,1563,F,Other,67,Arts,80,81,Assoc,0,2567.0,2
17448,1563,F,Other,67,Arts,80,82,Assoc,0,2719.0,2
17449,1563,F,Other,67,Arts,80,83,Assoc,0,2869.0,2
17450,1563,F,Other,67,Arts,80,84,Assoc,0,3107.0,2
17451,1563,F,Other,67,Arts,80,85,Full,0,3197.0,3
17452,1563,F,Other,67,Arts,80,86,Full,0,3487.0,3
17453,1563,F,Other,67,Arts,80,87,Full,0,3662.0,3
17454,1563,F,Other,67,Arts,80,88,Full,0,4225.0,3
17455,1563,F,Other,67,Arts,80,89,Full,0,4520.0,3
17456,1563,F,Other,67,Arts,80,90,Full,0,4869.0,3
17457,1563,F,Other,67,Arts,80,91,Full,0,5394.0,3
17458,1563,F,Other,67,Arts,80,92,Full,0,5631.0,3
17459,1563,F,Other,67,Arts,80,93,Full,0,5878.0,3
17460,1563,F,Other,67,Arts,80,94,Full,0,5878.0,3
17461,1563,F,Other,67,Arts,80,95,Full,0,6048.0,3
17462,1564,M,Other,63,Arts,64,76,Full,0,2018.0,3
17463,1564,M,Other,63,Arts,64,77,Full,0,2216.0,3
17464,1564,M,Other,63,Arts,64,78,Full,0,2419.0,3
17465,1564,M,Other,63,Arts,64,79,Full,0,2759.0,3
17466,1564,M,Other,63,Arts,64,80,Full,0,3011.0,3
17467,1564,M,Other,63,Arts,64,81,Full,0,3449.254,3
17468,1564,M,Other,63,Arts,64,82,Full,0,3671.0,3
17469,1564,M,Other,63,Arts,64,83,Full,0,3873.0,3
17470,1564,M,Other,63,Arts,64,84,Full,0,4195.0,3
17471,1564,M,Other,63,Arts,64,85,Full,0,4195.0,3
17472,1564,M,Other,63,Arts,64,86,Full,0,4708.0,3
17473,1564,M,Other,63,Arts,64,87,Full,0,4944.0,3
17474,1564,M,Other,63,Arts,64,88,Full,0,5087.0,3
17475,1564,M,Other,63,Arts,64,89,Full,0,5763.0,3
17476,1564,M,Other,63,Arts,64,90,Full,0,6120.0,3
17477,1564,M,Other,63,Arts,64,91,Full,0,6404.0,3
17478,1564,M,Other,63,Arts,64,92,Full,0,6781.0,3
17479,1564,M,Other,63,Arts,64,93,Full,0,6977.0,3
17480,1564,M,Other,63,Arts,64,94,Full,0,6977.0,3
17481,1564,M,Other,63,Arts,64,95,Full,0,7180.0,3
17482,1566,F,Other,89,Arts,93,93,Assist,0,3667.0,1
17483,1566,F,Other,89,Arts,93,94,Assist,0,3667.0,1
17484,1566,F,Other,89,Arts,93,95,Assist,0,3883.0,1
17485,1567,M,Other,92,Arts,94,94,Assist,0,3883.0,1
17486,1567,M,Other,92,Arts,94,95,Assist,0,3996.0,1
17487,1568,F,Other,85,Arts,93,93,Assist,0,3883.0,1
17488,1568,F,Other,85,Arts,93,94,Assist,0,3883.0,1
17489,1568,F,Other,85,Arts,93,95,Assist,0,4053.0,1
17490,1569,F,Other,90,Other,94,94,Assist,0,4353.0,1
17491,1569,F,Other,90,Other,94,95,Assist,0,4480.0,1
17492,1570,F,Other,87,Arts,94,94,Assist,0,3883.0,1
17493,1570,F,Other,87,Arts,94,95,Assist,0,3996.0,1
17494,1571,M,Other,63,Arts,63,76,Assoc,0,1839.0,2
17495,1571,M,Other,63,Arts,63,77,Full,0,2216.0,3
17496,1571,M,Other,63,Arts,63,78,Full,0,2296.0,3
17497,1571,M,Other,63,Arts,63,79,Full,0,2583.0,3
17498,1571,M,Other,63,Arts,63,80,Full,0,2732.0,3
17499,1571,M,Other,63,Arts,63,81,Full,0,3048.0,3
17500,1571,M,Other,63,Arts,63,82,Full,0,3182.0,3
17501,1571,M,Other,63,Arts,63,83,Full,0,3357.0,3
17502,1571,M,Other,63,Arts,63,84,Full,0,3484.0,3
17503,1571,M,Other,63,Arts,63,85,Full,0,3484.0,3
17504,1571,M,Other,63,Arts,63,86,Full,0,3588.0,3
17505,1571,M,Other,63,Arts,63,87,Full,0,3768.0,3
17506,1571,M,Other,63,Arts,63,88,Full,0,3933.0,3
17507,1571,M,Other,63,Arts,63,89,Full,0,4269.0,3
17508,1571,M,Other,63,Arts,63,90,Full,0,4468.0,3
17509,1571,M,Other,63,Arts,63,91,Full,0,4812.0,3
17510,1571,M,Other,63,Arts,63,92,Full,0,4881.0,3
17511,1571,M,Other,63,Arts,63,93,Full,0,5022.0,3
17512,1571,M,Other,63,Arts,63,94,Full,0,5022.0,3
17513,1571,M,Other,63,Arts,63,95,Full,0,5168.0,3
17514,1572,F,Other,85,Arts,86,86,Assist,0,2583.0,1
17515,1572,F,Other,85,Arts,86,87,Assist,0,2712.0,1
17516,1572,F,Other,85,Arts,86,88,Assist,0,2751.0,1
17517,1572,F,Other,85,Arts,86,89,Assist,0,3029.0,1
17518,1572,F,Other,85,Arts,86,90,Assist,0,3126.0,1
17519,1572,F,Other,85,Arts,86,91,Assist,0,3225.0,1
17520,1572,F,Other,85,Arts,86,92,Assist,0,3366.0,1
17521,1572,F,Other,85,Arts,86,93,Assoc,0,3939.0,2
17522,1572,F,Other,85,Arts,86,94,Assoc,0,3939.0,2
17523,1572,F,Other,85,Arts,86,95,Assoc,0,4112.0,2
17524,1573,M,Other,67,Arts,68,76,Assist,0,1502.0,1
17525,1573,M,Other,67,Arts,68,77,Assoc,0,1754.0,2
17526,1573,M,Other,67,Arts,68,78,Assoc,0,1828.0,2
17527,1573,M,Other,67,Arts,68,79,Assoc,0,2039.0,2
17528,1573,M,Other,67,Arts,68,80,Assoc,0,2162.0,2
17529,1573,M,Other,67,Arts,68,81,Assoc,0,2258.0,2
17530,1573,M,Other,67,Arts,68,82,Assoc,0,2258.0,2
17531,1573,M,Other,67,Arts,68,83,Assoc,0,2382.0,2
17532,1573,M,Other,67,Arts,68,84,Assoc,0,2770.0,2
17533,1573,M,Other,67,Arts,68,85,Assoc,0,2770.0,2
17534,1573,M,Other,67,Arts,68,86,Assoc,0,2855.0,2
17535,1573,M,Other,67,Arts,68,87,Assoc,0,2998.0,2
17536,1573,M,Other,67,Arts,68,88,Assoc,0,3266.0,2
17537,1573,M,Other,67,Arts,68,89,Assoc,0,3596.0,2
17538,1573,M,Other,67,Arts,68,90,Full,0,4343.0,3
17539,1573,M,Other,67,Arts,68,91,Full,0,4610.0,3
17540,1573,M,Other,67,Arts,68,92,Full,0,4676.0,3
17541,1573,M,Other,67,Arts,68,93,Full,0,4812.0,3
17542,1573,M,Other,67,Arts,68,94,Full,0,4812.0,3
17543,1573,M,Other,67,Arts,68,95,Full,0,4951.0,3
17544,1574,M,Other,81,Arts,81,81,Assist,0,2139.0,1
17545,1574,M,Other,81,Arts,81,82,Assist,0,2290.0,1
17546,1574,M,Other,81,Arts,81,83,Assist,0,2416.0,1
17547,1574,M,Other,81,Arts,81,84,Assist,0,2655.0,1
17548,1574,M,Other,81,Arts,81,85,Assist,0,2655.0,1
17550,1574,M,Other,81,Arts,81,91,Assoc,0,4053.0,2
17551,1574,M,Other,81,Arts,81,92,Assoc,0,4171.0,2
17552,1574,M,Other,81,Arts,81,93,Assoc,0,4292.0,2
17553,1574,M,Other,81,Arts,81,94,Assoc,0,4292.0,2
17554,1574,M,Other,81,Arts,81,95,Full,0,4951.0,3
17555,1575,M,Other,78,Arts,92,92,Assoc,0,5631.0,2
17556,1575,M,Other,78,Arts,92,93,Assoc,0,5631.0,2
17557,1575,M,Other,78,Arts,92,94,Assoc,0,5631.0,2
17558,1575,M,Other,78,Arts,92,95,Assoc,0,6048.0,2
17559,1576,M,Other,83,Arts,89,89,Assist,0,3348.0,1
17560,1576,M,Other,83,Arts,89,90,Assist,0,3406.0,1
17561,1576,M,Other,83,Arts,89,91,Assist,0,3667.0,1
17562,1576,M,Other,83,Arts,89,92,Assoc,0,3996.0,2
17563,1576,M,Other,83,Arts,89,93,Assoc,0,4231.0,2
17564,1576,M,Other,83,Arts,89,94,Assoc,0,4231.0,2
17565,1576,M,Other,83,Arts,89,95,Assoc,0,4544.0,2
17566,1577,M,Other,79,Arts,94,94,Full,0,6404.0,3
17567,1577,M,Other,79,Arts,94,95,Full,0,6684.0,3
17568,1578,M,Other,84,Arts,93,93,Assist,0,3564.0,1
17569,1578,M,Other,84,Arts,93,94,Assist,0,3564.0,1
17570,1578,M,Other,84,Arts,93,95,Assist,0,3720.0,1
17571,1579,M,Other,69,Arts,72,76,Assist,0,1532.0,1
17572,1579,M,Other,69,Arts,72,77,Assist,0,1717.0,1
17573,1579,M,Other,69,Arts,72,78,Assoc,0,1828.0,2
17574,1579,M,Other,69,Arts,72,79,Assoc,0,2039.0,2
17575,1579,M,Other,69,Arts,72,80,Assoc,0,2247.0,2
17576,1579,M,Other,69,Arts,72,81,Assoc,0,2425.0,2
17577,1579,M,Other,69,Arts,72,82,Assoc,0,2719.0,2
17578,1579,M,Other,69,Arts,72,83,Assoc,0,2910.0,2
17579,1579,M,Other,69,Arts,72,84,Assoc,0,3063.0,2
17580,1579,M,Other,69,Arts,72,85,Assoc,0,3063.0,2
17581,1579,M,Other,69,Arts,72,86,Assoc,0,3487.0,2
17582,1579,M,Other,69,Arts,72,87,Assoc,0,3662.0,2
17583,1579,M,Other,69,Arts,72,88,Assoc,0,3715.0,2
17584,1579,M,Other,69,Arts,72,89,Assoc,0,3918.0,2
17585,1579,M,Other,69,Arts,72,90,Assoc,0,4220.0,2
17586,1579,M,Other,69,Arts,72,91,Assoc,0,4480.0,2
17587,1579,M,Other,69,Arts,72,92,Assoc,0,4676.0,2
17588,1579,M,Other,69,Arts,72,93,Assoc,0,4812.0,2
17589,1579,M,Other,69,Arts,72,94,Assoc,0,4812.0,2
17590,1579,M,Other,69,Arts,72,95,Assoc,0,4951.0,2
17591,1580,F,Other,79,Arts,83,83,Assist,0,2487.0,1
17592,1580,F,Other,79,Arts,83,84,Assist,0,2617.0,1
17593,1580,F,Other,79,Arts,83,85,Assist,0,2617.0,1
17594,1580,F,Other,79,Arts,83,86,Assist,0,2896.0,1
17595,1580,F,Other,79,Arts,83,87,Assist,0,3041.0,1
17596,1580,F,Other,79,Arts,83,88,Assoc,0,3266.0,2
17597,1580,F,Other,79,Arts,83,89,Assoc,0,3596.0,2
17598,1580,F,Other,79,Arts,83,90,Assoc,0,3873.0,2
17599,1580,F,Other,79,Arts,83,91,Assoc,0,3939.0,2
17600,1580,F,Other,79,Arts,83,92,Full,0,4676.0,3
17601,1580,F,Other,79,Arts,83,93,Full,0,4812.0,3
17602,1580,F,Other,79,Arts,83,94,Full,0,4812.0,3
17603,1580,F,Other,79,Arts,83,95,Full,0,5022.0,3
17604,1581,M,Other,73,Other,92,92,Assoc,0,4480.0,2
17605,1581,M,Other,73,Other,92,93,Assoc,0,4676.0,2
17606,1581,M,Other,73,Other,92,94,Assoc,0,4676.0,2
17607,1581,M,Other,73,Other,92,95,Assoc,1,5472.0,2
17608,1582,F,Other,88,Arts,88,88,Assist,0,3361.0,1
17609,1582,F,Other,88,Arts,88,89,Assist,0,3396.0,1
17610,1582,F,Other,88,Arts,88,90,Assist,0,3711.0,1
17611,1582,F,Other,88,Arts,88,91,Assist,0,3774.0,1
17612,1582,F,Other,88,Arts,88,92,Assist,0,4171.0,1
17613,1582,F,Other,88,Arts,88,93,Assist,0,4544.0,1
17614,1582,F,Other,88,Arts,88,94,Assist,0,4544.0,1
17615,1582,F,Other,88,Arts,88,95,Assoc,0,5022.0,2
17616,1583,M,Other,73,Arts,78,78,Assist,0,1608.0,1
17617,1583,M,Other,73,Arts,78,79,Assist,0,1881.0,1
17618,1583,M,Other,73,Arts,78,80,Assist,0,2079.0,1
17619,1583,M,Other,73,Arts,78,81,Assist,0,2425.0,1
17620,1583,M,Other,73,Arts,78,82,Assoc,0,2605.0,2
17621,1583,M,Other,73,Arts,78,83,Assoc,0,2775.758,2
17622,1583,M,Other,73,Arts,78,84,Assoc,0,3063.0,2
17623,1583,M,Other,73,Arts,78,85,Assoc,0,3063.0,2
17624,1583,M,Other,73,Arts,78,86,Assoc,0,3341.0,2
17625,1583,M,Other,73,Arts,78,87,Assoc,0,3508.0,2
17626,1583,M,Other,73,Arts,78,88,Assoc,0,3822.0,2
17627,1583,M,Other,73,Arts,78,89,Full,0,4269.0,3
17628,1583,M,Other,73,Arts,78,90,Full,1,4598.0,3
17629,1583,M,Other,73,Arts,78,91,Full,1,5168.0,3
17630,1583,M,Other,73,Arts,78,92,Full,1,5394.0,3
17631,1583,M,Other,73,Arts,78,93,Full,1,5878.0,3
17632,1583,M,Other,73,Arts,78,94,Full,1,5878.0,3
17633,1583,M,Other,73,Arts,78,95,Full,0,6223.0,3
17634,1584,M,Other,80,Arts,88,88,Assist,0,2998.0,1
17635,1584,M,Other,80,Arts,88,89,Assist,0,3029.0,1
17636,1584,M,Other,80,Arts,88,90,Assist,0,3216.0,1
17637,1584,M,Other,80,Arts,88,91,Assist,0,3414.0,1
17638,1584,M,Other,80,Arts,88,92,Assoc,0,3939.0,2
17639,1584,M,Other,80,Arts,88,93,Assoc,0,4480.0,2
17640,1584,M,Other,80,Arts,88,94,Assoc,0,4480.0,2
17641,1584,M,Other,80,Arts,88,95,Assoc,0,4676.0,2
17642,1585,F,Other,78,Other,91,91,Assist,0,5016.0,1
17643,1585,F,Other,78,Other,91,92,Assist,0,5236.0,1
17644,1585,F,Other,78,Other,91,93,Assoc,0,5544.0,2
17645,1585,F,Other,78,Other,91,94,Assoc,0,5544.0,2
17646,1585,F,Other,78,Other,91,95,Assoc,0,5786.0,2
17647,1586,M,Other,88,Other,94,94,Assist,0,3828.0,1
17648,1586,M,Other,88,Other,94,95,Assist,0,3883.0,1
17649,1587,M,Other,75,Other,82,82,Assist,0,2258.0,1
17650,1587,M,Other,75,Other,82,83,Assist,0,2450.0,1
17651,1587,M,Other,75,Other,82,84,Assist,0,2618.0,1
17652,1587,M,Other,75,Other,82,85,Assist,0,2618.0,1
17653,1587,M,Other,75,Other,82,86,Assist,0,2696.0,1
17654,1587,M,Other,75,Other,82,87,Assist,0,3458.0,1
17655,1587,M,Other,75,Other,82,88,Assoc,0,3559.0,2
17656,1587,M,Other,75,Other,82,89,Assoc,0,3808.0,2
17657,1587,M,Other,75,Other,82,90,Assoc,0,4160.0,2
17658,1587,M,Other,75,Other,82,91,Assoc,0,4416.0,2
17659,1587,M,Other,75,Other,82,92,Assoc,0,4544.0,2
17660,1587,M,Other,75,Other,82,93,Assoc,0,4676.0,2
17661,1587,M,Other,75,Other,82,94,Assoc,0,4676.0,2
17662,1587,M,Other,75,Other,82,95,Assoc,0,4881.0,2
17663,1588,M,Other,66,Other,74,76,Assoc,0,1910.0,2
17664,1588,M,Other,66,Other,74,77,Assoc,0,2082.0,2
17665,1588,M,Other,66,Other,74,78,Assoc,0,2165.672,2
17666,1588,M,Other,66,Other,74,79,Assoc,0,2381.0,2
17667,1588,M,Other,66,Other,74,80,Assoc,0,2561.0,2
17668,1588,M,Other,66,Other,74,81,Assoc,0,2798.0,2
17669,1588,M,Other,66,Other,74,82,Assoc,0,2798.0,2
17670,1588,M,Other,66,Other,74,83,Assoc,0,2952.0,2
17671,1588,M,Other,66,Other,74,84,Assoc,0,3152.0,2
17672,1588,M,Other,66,Other,74,85,Assoc,0,3152.0,2
17673,1588,M,Other,66,Other,74,86,Assoc,0,3246.0,2
17674,1588,M,Other,66,Other,74,87,Assoc,0,3409.0,2
17675,1588,M,Other,66,Other,74,88,Assoc,0,3715.0,2
17676,1588,M,Other,66,Other,74,89,Assoc,0,4032.0,2
17677,1588,M,Other,66,Other,74,90,Assoc,0,4405.0,2
17678,1588,M,Other,66,Other,74,91,Full,0,4881.0,3
17679,1588,M,Other,66,Other,74,92,Full,1,5472.0,3
17680,1588,M,Other,66,Other,74,93,Full,1,5794.0,3
17681,1588,M,Other,66,Other,74,94,Full,1,5787.0,3
17682,1588,M,Other,66,Other,74,95,Full,1,6135.0,3
17683,1589,M,Other,72,Other,72,76,Assist,0,1715.0,1
17684,1589,M,Other,72,Other,72,77,Assoc,0,1896.0,2
17685,1589,M,Other,72,Other,72,78,Assoc,0,1982.456,2
17686,1589,M,Other,72,Other,72,79,Assoc,0,2201.0,2
17687,1589,M,Other,72,Other,72,80,Assoc,0,2366.0,2
17688,1589,M,Other,72,Other,72,81,Assoc,0,2565.0,2
17689,1589,M,Other,72,Other,72,82,Assoc,0,2639.0,2
17690,1589,M,Other,72,Other,72,83,Assoc,0,2784.0,2
17691,1589,M,Other,72,Other,72,84,Assoc,0,2931.0,2
17692,1589,M,Other,72,Other,72,85,Assoc,0,2931.0,2
17693,1589,M,Other,72,Other,72,86,Assoc,0,3019.0,2
17694,1589,M,Other,72,Other,72,87,Assoc,0,3171.0,2
17695,1589,M,Other,72,Other,72,88,Assoc,0,3263.0,2
17696,1589,M,Other,72,Other,72,89,Assoc,0,3490.0,2
17697,1589,M,Other,72,Other,72,90,Assoc,0,3653.0,2
17698,1589,M,Other,72,Other,72,91,Full,0,4165.0,3
17699,1589,M,Other,72,Other,72,92,Full,0,4411.0,3
17700,1589,M,Other,72,Other,72,93,Full,0,4538.0,3
17701,1589,M,Other,72,Other,72,94,Full,0,4538.0,3
17702,1589,M,Other,72,Other,72,95,Full,0,4806.0,3
17703,1590,M,Other,71,Arts,80,80,Assist,0,2000.0,1
17704,1590,M,Other,71,Arts,80,81,Assist,0,2131.667,1
17705,1590,M,Other,71,Arts,80,82,Assist,0,2193.333,1
17706,1590,M,Other,71,Arts,80,83,Assist,0,2315.0,1
17707,1590,M,Other,71,Arts,80,84,Assist,0,2472.0,1
17708,1590,M,Other,71,Arts,80,85,Assist,0,2472.0,1
17709,1590,M,Other,71,Arts,80,86,Assoc,0,2658.0,2
17710,1590,M,Other,71,Arts,80,87,Assoc,0,2791.0,2
17711,1590,M,Other,71,Arts,80,88,Assoc,0,3266.0,2
17712,1590,M,Other,71,Arts,80,89,Assoc,0,3596.0,2
17713,1590,M,Other,71,Arts,80,90,Assoc,0,3711.0,2
17714,1590,M,Other,71,Arts,80,91,Assoc,0,3883.0,2
17715,1590,M,Other,71,Arts,80,92,Assoc,0,4053.0,2
17716,1590,M,Other,71,Arts,80,93,Assoc,0,4171.0,2
17717,1590,M,Other,71,Arts,80,94,Full,0,4676.0,3
17718,1590,M,Other,71,Arts,80,95,Full,0,4812.0,3
17719,1591,M,Other,79,Arts,87,87,Assist,0,3361.0,1
17720,1591,M,Other,79,Arts,87,88,Assist,0,3361.0,1
17721,1591,M,Other,79,Arts,87,89,Assoc,0,3700.0,2
17722,1591,M,Other,79,Arts,87,90,Assoc,1,3986.0,2
17723,1591,M,Other,79,Arts,87,91,Assoc,1,4292.0,2
17724,1591,M,Other,79,Arts,87,92,Assoc,0,4480.0,2
17725,1591,M,Other,79,Arts,87,93,Assoc,0,4676.0,2
17726,1591,M,Other,79,Arts,87,94,Assoc,0,4676.0,2
17727,1591,M,Other,79,Arts,87,95,Assoc,0,5168.0,2
17728,1592,M,Other,61,Arts,66,76,Assoc,0,1839.0,2
17729,1592,M,Other,61,Arts,66,77,Assoc,0,2019.0,2
17730,1592,M,Other,61,Arts,66,78,Assoc,0,2136.0,2
17731,1592,M,Other,61,Arts,66,79,Full,0,2454.0,3
17732,1592,M,Other,61,Arts,66,80,Full,0,2642.0,3
17733,1592,M,Other,61,Arts,66,81,Full,0,2962.0,3
17734,1592,M,Other,61,Arts,66,82,Full,0,3137.0,3
17735,1592,M,Other,61,Arts,66,83,Full,0,3310.0,3
17736,1592,M,Other,61,Arts,66,84,Full,0,3534.0,3
17737,1592,M,Other,61,Arts,66,85,Full,0,3534.0,3
17738,1592,M,Other,61,Arts,66,86,Full,0,3640.0,3
17739,1592,M,Other,61,Arts,66,87,Full,0,3822.0,3
17740,1592,M,Other,61,Arts,66,88,Full,0,3877.0,3
17741,1592,M,Other,61,Arts,66,89,Full,0,4269.0,3
17742,1592,M,Other,61,Arts,66,90,Full,0,4343.0,3
17743,1592,M,Other,61,Arts,66,91,Full,0,4544.0,3
17744,1592,M,Other,61,Arts,66,92,Full,0,4676.0,3
17745,1592,M,Other,61,Arts,66,93,Full,0,4676.0,3
17746,1592,M,Other,61,Arts,66,94,Full,0,4676.0,3
17747,1592,M,Other,61,Arts,66,95,Full,0,4743.0,3
17748,1593,F,Other,73,Other,80,80,Assist,0,2130.0,1
17749,1593,F,Other,73,Other,80,81,Assist,0,2388.0,1
17750,1593,F,Other,73,Other,80,82,Assist,0,2457.0,1
17751,1593,F,Other,73,Other,80,83,Assist,0,2591.0,1
17752,1593,F,Other,73,Other,80,84,Assist,0,2768.0,1
17753,1593,F,Other,73,Other,80,85,Assist,0,2768.0,1
17754,1593,F,Other,73,Other,80,86,Assoc,0,3384.0,2
17755,1593,F,Other,73,Other,80,87,Assoc,0,3555.0,2
17756,1593,F,Other,73,Other,80,88,Assoc,0,3764.0,2
17757,1593,F,Other,73,Other,80,89,Assoc,0,4143.0,2
17758,1593,F,Other,73,Other,80,90,Assoc,0,4400.0,2
17759,1593,F,Other,73,Other,80,91,Full,0,4737.0,3
17760,1593,F,Other,73,Other,80,92,Full,0,4945.0,3
17761,1593,F,Other,73,Other,80,93,Full,0,5088.0,3
17762,1593,F,Other,73,Other,80,94,Full,0,5088.0,3
17763,1593,F,Other,73,Other,80,95,Full,0,5236.0,3
17764,1594,M,Other,73,Other,78,78,Assist,0,1785.0,1
17765,1594,M,Other,73,Other,78,83,Assist,0,2487.0,1
17766,1594,M,Other,73,Other,78,84,Assist,0,2770.0,1
17767,1594,M,Other,73,Other,78,85,Assist,0,2770.0,1
17768,1594,M,Other,73,Other,78,86,Assoc,0,3246.0,2
17769,1594,M,Other,73,Other,78,87,Assoc,0,3409.0,2
17770,1594,M,Other,73,Other,78,88,Assoc,0,3508.0,2
17771,1594,M,Other,73,Other,78,89,Assoc,0,3648.0,2
17772,1594,M,Other,73,Other,78,90,Assoc,0,3764.0,2
17773,1594,M,Other,73,Other,78,91,Assoc,0,3883.0,2
17774,1594,M,Other,73,Other,78,92,Assoc,0,3939.0,2
17775,1594,M,Other,73,Other,78,93,Assoc,0,3996.0,2
17776,1594,M,Other,73,Other,78,94,Assoc,0,3996.0,2
17777,1594,M,Other,73,Other,78,95,Assoc,0,4231.0,2
17778,1595,F,Other,67,Other,88,88,Assist,0,3082.353,1
17779,1595,F,Other,67,Other,88,89,Assist,0,3296.471,1
17780,1595,F,Other,67,Other,88,90,Assist,0,3500.0,1
17781,1595,F,Other,67,Other,88,91,Assist,0,3769.0,1
17782,1595,F,Other,67,Other,88,92,Assist,0,3878.0,1
17783,1595,F,Other,67,Other,88,93,Assoc,0,4165.263,2
17784,1595,F,Other,67,Other,88,94,Assoc,0,4165.0,2
17785,1595,F,Other,67,Other,88,95,Assoc,0,4348.0,2
17786,1596,F,Other,68,Other,68,76,Assist,0,1418.0,1
17787,1596,F,Other,68,Other,68,77,Assist,0,1604.0,1
17788,1596,F,Other,68,Other,68,78,Assist,0,1669.0,1
17789,1596,F,Other,68,Other,68,79,Assist,0,1853.0,1
17790,1596,F,Other,68,Other,68,80,Assist,0,2048.0,1
17791,1596,F,Other,68,Other,68,81,Assist,0,2290.0,1
17792,1596,F,Other,68,Other,68,82,Assist,0,2290.0,1
17793,1596,F,Other,68,Other,68,83,Assist,0,2869.0,1
17794,1596,F,Other,68,Other,68,84,Assist,0,3063.0,1
17795,1596,F,Other,68,Other,68,85,Assoc,1,3386.0,2
17796,1596,F,Other,68,Other,68,86,Assoc,1,3640.0,2
17797,1596,F,Other,68,Other,68,87,Assoc,0,3822.0,2
17798,1596,F,Other,68,Other,68,88,Assoc,1,3822.0,2
17799,1596,F,Other,68,Other,68,89,Assoc,1,4090.0,2
17800,1596,F,Other,68,Other,68,90,Assoc,1,4220.0,2
17801,1596,F,Other,68,Other,68,91,Assoc,1,4416.0,2
17802,1596,F,Other,68,Other,68,92,Assoc,1,4544.0,2
17803,1596,F,Other,68,Other,68,93,Assoc,1,4676.0,2
17804,1596,F,Other,68,Other,68,94,Assoc,1,4676.0,2
17805,1596,F,Other,68,Other,68,95,Assoc,1,4881.0,2
17806,1597,F,Other,67,Other,67,76,Assist,0,1456.0,1
17807,1597,F,Other,67,Other,67,77,Assist,0,1646.0,1
17808,1597,F,Other,67,Other,67,78,Assist,0,1712.0,1
17809,1597,F,Other,67,Other,67,79,Assoc,0,1935.0,2
17810,1597,F,Other,67,Other,67,80,Assoc,0,2139.0,2
17811,1597,F,Other,67,Other,67,81,Assoc,0,2392.0,2
17812,1597,F,Other,67,Other,67,82,Assoc,0,2460.0,2
17813,1597,F,Other,67,Other,67,83,Assoc,0,2868.0,2
17814,1597,F,Other,67,Other,67,84,Assoc,0,2978.0,2
17815,1597,F,Other,67,Other,67,85,Assoc,0,2978.0,2
17816,1597,F,Other,67,Other,67,86,Assoc,0,3066.0,2
17817,1597,F,Other,67,Other,67,87,Assoc,0,3220.0,2
17818,1597,F,Other,67,Other,67,88,Assoc,0,3266.0,2
17819,1597,F,Other,67,Other,67,89,Assoc,0,3596.0,2
17820,1597,F,Other,67,Other,67,90,Assoc,0,3658.0,2
17821,1597,F,Other,67,Other,67,91,Assoc,0,3828.0,2
17822,1597,F,Other,67,Other,67,92,Assoc,0,3939.0,2
17823,1597,F,Other,67,Other,67,93,Assoc,0,3996.0,2
17824,1597,F,Other,67,Other,67,94,Assoc,0,3996.0,2
17825,1597,F,Other,67,Other,67,95,Assoc,0,4171.0,2
17826,1598,F,Other,74,Other,78,78,Assist,0,1320.0,1
17827,1598,F,Other,74,Other,78,79,Assist,0,1592.0,1
17828,1598,F,Other,74,Other,78,90,Assist,0,3500.0,1
17829,1598,F,Other,74,Other,78,91,Assist,0,3611.0,1
17830,1598,F,Other,74,Other,78,92,Assist,0,3715.0,1
17831,1598,F,Other,74,Other,78,93,Assist,0,3769.0,1
17832,1598,F,Other,74,Other,78,94,Assist,0,3769.0,1
17833,1598,F,Other,74,Other,78,95,Assoc,0,3991.0,2
17835,1600,F,Other,68,Other,76,76,Assist,0,1267.0,1
17836,1600,F,Other,68,Other,76,77,Assist,0,1454.0,1
17837,1600,F,Other,68,Other,76,79,Assist,0,1680.0,1
17838,1600,F,Other,68,Other,76,80,Assist,0,1790.0,1
17839,1600,F,Other,68,Other,76,81,Assist,0,1985.0,1
17840,1600,F,Other,68,Other,76,82,Assist,0,1982.857,1
17841,1600,F,Other,68,Other,76,84,Assist,0,2266.667,1
17842,1600,F,Other,68,Other,76,85,Assist,0,2260.0,1
17843,1600,F,Other,68,Other,76,86,Assist,0,2546.667,1
17844,1600,F,Other,68,Other,76,87,Assist,0,2676.0,1
17845,1600,F,Other,68,Other,76,88,Assist,0,2790.909,1
17846,1600,F,Other,68,Other,76,89,Assist,0,3030.0,1
17847,1600,F,Other,68,Other,76,90,Assist,0,3126.667,1
17848,1600,F,Other,68,Other,76,91,Assist,0,3270.0,1
17849,1600,F,Other,68,Other,76,92,Assist,0,3365.562,1
17850,1600,F,Other,68,Other,76,93,Assist,0,3414.0,1
17851,1600,F,Other,68,Other,76,94,Assist,0,3413.333,1
17852,1600,F,Other,68,Other,76,95,Assist,0,3463.636,1
17853,1601,F,Other,66,Other,60,76,Assoc,0,1614.286,2
17854,1601,F,Other,66,Other,60,77,Assoc,0,1675.0,2
17855,1601,F,Other,66,Other,60,78,Assoc,0,1759.0,2
17856,1601,F,Other,66,Other,60,79,Assoc,0,2084.0,2
17857,1601,F,Other,66,Other,60,80,Assoc,0,2284.0,2
17858,1601,F,Other,66,Other,60,82,Assoc,0,2528.0,2
17859,1601,F,Other,66,Other,60,84,Assoc,0,2848.0,2
17860,1601,F,Other,66,Other,60,85,Assoc,0,2848.0,2
17861,1601,F,Other,66,Other,60,86,Assoc,0,2933.0,2
17862,1601,F,Other,66,Other,60,87,Assoc,0,3082.0,2
17863,1601,F,Other,66,Other,60,88,Assoc,0,3082.0,2
17864,1601,F,Other,66,Other,60,89,Assoc,0,3344.0,2
17865,1601,F,Other,66,Other,60,90,Assoc,0,3450.0,2
17866,1601,F,Other,66,Other,60,91,Assoc,0,3611.0,2
17867,1601,F,Other,66,Other,60,92,Assoc,0,3823.0,2
17868,1601,F,Other,66,Other,60,93,Assoc,0,3934.0,2
17869,1601,F,Other,66,Other,60,94,Assoc,0,3934.0,2
17870,1601,F,Other,66,Other,60,95,Assoc,0,4225.0,2
17871,1602,M,Other,55,Other,93,93,Full,0,5161.772,3
17872,1602,M,Other,55,Other,93,94,Full,0,5161.772,3
17873,1602,M,Other,55,Other,93,95,Full,0,5387.423,3
17874,1605,F,Other,78,Other,79,79,Assist,0,1674.0,1
17875,1605,F,Other,78,Other,79,80,Assist,0,1801.0,1
17876,1605,F,Other,78,Other,79,81,Assist,0,1983.0,1
17877,1605,F,Other,78,Other,79,82,Assist,0,2099.0,1
17878,1605,F,Other,78,Other,79,83,Assist,0,2313.0,1
17879,1605,F,Other,78,Other,79,84,Assist,0,2470.0,1
17880,1605,F,Other,78,Other,79,85,Assoc,1,2539.0,2
17881,1605,F,Other,78,Other,79,86,Assoc,1,3033.0,2
17882,1605,F,Other,78,Other,79,87,Assoc,1,3182.0,2
17883,1605,F,Other,78,Other,79,88,Assoc,1,3513.0,2
17884,1605,F,Other,78,Other,79,89,Assoc,1,3791.0,2
17885,1605,F,Other,78,Other,79,90,Assoc,0,4096.0,2
17886,1605,F,Other,78,Other,79,91,Assoc,0,4665.0,2
17887,1605,F,Other,78,Other,79,92,Assoc,0,4786.0,2
17888,1605,F,Other,78,Other,79,93,Assoc,0,4911.0,2
17889,1605,F,Other,78,Other,79,94,Assoc,0,4911.0,2
17890,1605,F,Other,78,Other,79,95,Assoc,0,5237.0,2
17891,1606,F,Other,66,Arts,76,76,Assist,0,1563.0,1
17892,1606,F,Other,66,Arts,76,77,Assist,0,1680.0,1
17893,1606,F,Other,66,Arts,76,78,Assist,0,1791.0,1
17894,1606,F,Other,66,Arts,76,79,Assist,0,2039.0,1
17895,1606,F,Other,66,Arts,76,80,Assist,0,2205.0,1
17896,1606,F,Other,66,Arts,76,81,Assoc,0,2425.0,2
17897,1606,F,Other,66,Arts,76,82,Assoc,0,2567.0,2
17898,1606,F,Other,66,Arts,76,83,Assoc,0,2708.0,2
17899,1606,F,Other,66,Arts,76,84,Assoc,0,2851.0,2
17900,1606,F,Other,66,Arts,76,85,Assoc,0,2851.0,2
17901,1606,F,Other,66,Arts,76,86,Assoc,0,2937.0,2
17902,1606,F,Other,66,Arts,76,87,Assoc,0,3085.0,2
17903,1606,F,Other,66,Arts,76,88,Assoc,0,3266.0,2
17904,1606,F,Other,66,Arts,76,89,Assoc,0,3596.0,2
17905,1606,F,Other,66,Arts,76,90,Assoc,0,3658.0,2
17906,1606,F,Other,66,Arts,76,91,Full,0,4544.0,3
17907,1606,F,Other,66,Arts,76,92,Full,0,4812.0,3
17908,1606,F,Other,66,Arts,76,93,Full,0,4951.0,3
17909,1606,F,Other,66,Arts,76,94,Full,0,4951.0,3
17910,1606,F,Other,66,Arts,76,95,Full,0,5022.0,3
17911,1607,M,Other,71,Other,75,76,Assoc,0,1874.0,2
17912,1607,M,Other,71,Other,75,77,Assoc,0,2020.0,2
17913,1607,M,Other,71,Other,75,80,Assoc,0,2506.0,2
17914,1607,M,Other,71,Other,75,81,Assoc,0,2798.0,2
17915,1607,M,Other,71,Other,75,82,Assoc,0,2920.0,2
17916,1607,M,Other,71,Other,75,83,Assoc,0,3081.0,2
17917,1607,M,Other,71,Other,75,84,Assoc,0,3290.0,2
17918,1607,M,Other,71,Other,75,85,Assoc,0,3290.0,2
17919,1607,M,Other,71,Other,75,86,Assoc,0,3588.0,2
17920,1607,M,Other,71,Other,75,87,Assoc,0,3768.0,2
17921,1607,M,Other,71,Other,75,88,Assoc,0,3822.0,2
17922,1607,M,Other,71,Other,75,89,Assoc,0,3975.0,2
17923,1607,M,Other,71,Other,75,90,Assoc,0,4043.0,2
17924,1607,M,Other,71,Other,75,91,Assoc,0,4171.0,2
17925,1607,M,Other,71,Other,75,92,Assoc,0,4231.0,2
17926,1607,M,Other,71,Other,75,93,Assoc,0,4292.0,2
17927,1607,M,Other,71,Other,75,94,Assoc,0,4292.0,2
17928,1607,M,Other,71,Other,75,95,Assoc,0,4353.0,2
17929,1608,M,Other,92,Other,93,93,Assist,0,4292.0,1
17930,1608,M,Other,92,Other,93,94,Assist,0,4292.0,1
17931,1608,M,Other,92,Other,93,95,Assist,0,4353.0,1
17932,1609,M,Other,74,Arts,75,76,Assist,0,1442.0,1
17933,1609,M,Other,74,Arts,75,77,Assist,0,1608.0,1
17934,1609,M,Other,74,Arts,75,78,Assist,0,1754.0,1
17935,1609,M,Other,74,Arts,75,79,Assist,0,1999.0,1
17936,1609,M,Other,74,Arts,75,80,Assist,0,2205.0,1
17937,1609,M,Other,74,Arts,75,81,Assoc,0,2532.0,2
17938,1609,M,Other,74,Arts,75,82,Assoc,0,2680.0,2
17939,1609,M,Other,74,Arts,75,83,Assoc,0,2827.0,2
17940,1609,M,Other,74,Arts,75,84,Assoc,0,3152.0,2
17941,1609,M,Other,74,Arts,75,85,Assoc,0,3152.0,2
17942,1609,M,Other,74,Arts,75,86,Full,0,3909.0,3
17943,1609,M,Other,74,Arts,75,87,Full,0,4105.0,3
17944,1609,M,Other,74,Arts,75,88,Full,0,4347.0,3
17945,1609,M,Other,74,Arts,75,89,Full,0,4786.0,3
17946,1609,M,Other,74,Arts,75,90,Full,0,4869.0,3
17947,1609,M,Other,74,Arts,75,91,Full,0,5394.0,3
17948,1609,M,Other,74,Arts,75,92,Full,0,5472.0,3
17949,1609,M,Other,74,Arts,75,93,Full,0,5631.0,3
17950,1609,M,Other,74,Arts,75,94,Full,0,5631.0,3
17951,1609,M,Other,74,Arts,75,95,Full,0,5712.0,3
17952,1610,M,Other,81,Prof,83,83,Assist,0,3045.0,1
17953,1610,M,Other,81,Prof,83,84,Assist,0,3795.0,1
17954,1610,M,Other,81,Prof,83,85,Assist,0,3795.0,1
17955,1610,M,Other,81,Prof,83,86,Assist,0,4321.0,1
17956,1610,M,Other,81,Prof,83,87,Assist,0,4538.0,1
17957,1610,M,Other,81,Prof,83,88,Assoc,0,5015.0,2
17958,1610,M,Other,81,Prof,83,89,Assoc,0,5522.0,2
17959,1610,M,Other,81,Prof,83,90,Assoc,0,6208.0,2
17960,1610,M,Other,81,Prof,83,91,Assoc,0,6590.0,2
17961,1610,M,Other,81,Prof,83,92,Assoc,0,6878.0,2
17962,1610,M,Other,81,Prof,83,93,Assoc,0,7078.0,2
17963,1610,M,Other,81,Prof,83,94,Full,0,7283.0,3
17964,1610,M,Other,81,Prof,83,95,Full,0,9556.0,3
17965,1611,M,Other,72,Other,82,82,Assoc,1,4165.0,2
17966,1611,M,Other,72,Other,82,83,Assoc,1,4395.0,2
17967,1611,M,Other,72,Other,82,84,Assoc,1,4698.0,2
17968,1611,M,Other,72,Other,82,85,Assoc,1,4698.0,2
17969,1611,M,Other,72,Other,82,86,Assoc,1,5122.0,2
17970,1611,M,Other,72,Other,82,87,Assoc,1,5381.0,2
17971,1611,M,Other,72,Other,82,88,Assoc,1,5537.0,2
17972,1611,M,Other,72,Other,82,89,Assoc,1,5923.0,2
17973,1611,M,Other,72,Other,82,90,Assoc,1,6200.0,2
17974,1611,M,Other,72,Other,82,91,Assoc,1,6488.0,2
17975,1611,M,Other,72,Other,82,92,Assoc,1,6676.0,2
17976,1611,M,Other,72,Other,82,93,Full,1,7812.5,3
17977,1611,M,Other,72,Other,82,94,Full,1,7813.0,3
17978,1611,M,Other,72,Other,82,95,Full,1,8125.0,3
17979,1612,M,Other,61,Other,91,91,Assoc,0,4225.0,2
17980,1612,M,Other,61,Other,91,92,Assoc,0,4286.0,2
17981,1612,M,Other,61,Other,91,93,Assoc,0,4348.0,2
17982,1612,M,Other,61,Other,91,94,Assoc,0,4348.0,2
17983,1612,M,Other,61,Other,91,95,Full,0,4538.0,3
17984,1613,F,Other,71,Other,79,79,Assoc,1,2670.0,2
17985,1613,F,Other,71,Other,79,80,Assoc,1,2872.0,2
17986,1613,F,Other,71,Other,79,81,Assoc,1,3178.0,2
17987,1613,F,Other,71,Other,79,82,Assoc,1,3317.0,2
17988,1613,F,Other,71,Other,79,83,Assoc,1,3550.0,2
17989,1613,F,Other,71,Other,79,84,Assoc,1,3845.0,2
17990,1613,F,Other,71,Other,79,85,Assoc,1,3845.0,2
17991,1613,F,Other,71,Other,79,86,Assoc,1,4377.0,2
17992,1613,F,Other,71,Other,79,87,Assoc,1,4598.0,2
17993,1613,F,Other,71,Other,79,88,Assoc,1,4731.0,2
17994,1613,F,Other,71,Other,79,89,Assoc,1,5061.194,2
17995,1613,F,Other,71,Other,79,90,Assoc,1,5452.0,2
17996,1613,F,Other,71,Other,79,91,Assoc,1,6223.0,2
17997,1613,F,Other,71,Other,79,92,Assoc,0,6404.0,2
17998,1613,F,Other,71,Other,79,93,Assoc,0,6590.0,2
17999,1613,F,Other,71,Other,79,94,Assoc,0,6590.0,2
18000,1613,F,Other,71,Other,79,95,Assoc,0,6781.0,2
18002,1615,F,Other,71,Other,77,77,Assist,0,1572.0,1
18003,1615,F,Other,71,Other,77,78,Assist,0,1680.0,1
18004,1615,F,Other,71,Other,77,79,Assist,0,1881.0,1
18005,1615,F,Other,71,Other,77,80,Assist,0,2037.0,1
18006,1615,F,Other,71,Other,77,81,Assist,0,2323.0,1
18007,1615,F,Other,71,Other,77,82,Assist,0,2425.0,1
18008,1615,F,Other,71,Other,77,83,Assist,0,2595.0,1
18009,1615,F,Other,71,Other,77,84,Assist,0,2851.0,1
18010,1615,F,Other,71,Other,77,85,Assoc,0,2935.0,2
18011,1615,F,Other,71,Other,77,86,Assoc,0,3537.0,2
18012,1615,F,Other,71,Other,77,87,Assoc,0,3715.0,2
18013,1615,F,Other,71,Other,77,88,Assoc,0,3877.0,2
18014,1615,F,Other,71,Other,77,89,Assoc,0,4208.0,2
18015,1615,F,Other,71,Other,77,90,Assoc,0,4468.0,2
18016,1615,F,Other,71,Other,77,91,Full,0,4951.0,3
18017,1615,F,Other,71,Other,77,92,Full,0,5168.0,3
18018,1615,F,Other,71,Other,77,93,Full,0,5318.0,3
18019,1615,F,Other,71,Other,77,94,Full,0,5318.0,3
18020,1615,F,Other,71,Other,77,95,Full,0,5631.0,3
18021,1616,F,Other,75,Prof,75,76,Assist,0,1713.0,1
18022,1616,F,Other,75,Prof,75,77,Assist,0,1980.0,1
18023,1616,F,Other,75,Prof,75,78,Assist,0,2136.0,1
18024,1616,F,Other,75,Prof,75,79,Assist,0,2411.0,1
18025,1616,F,Other,75,Prof,75,80,Assist,0,2597.0,1
18026,1616,F,Other,75,Prof,75,81,Assoc,0,3048.0,2
18027,1616,F,Other,75,Prof,75,82,Assoc,0,3369.0,2
18028,1616,F,Other,75,Prof,75,83,Assoc,0,3710.0,2
18029,1616,F,Other,75,Prof,75,84,Assoc,0,4077.0,2
18030,1616,F,Other,75,Prof,75,85,Assoc,0,4077.0,2
18031,1616,F,Other,75,Prof,75,86,Assoc,0,4641.0,2
18032,1616,F,Other,75,Prof,75,87,Assoc,0,4874.0,2
18033,1616,F,Other,75,Prof,75,88,Assoc,0,5087.0,2
18034,1616,F,Other,75,Prof,75,89,Assoc,0,5443.0,2
18035,1616,F,Other,75,Prof,75,90,Assoc,0,5698.0,2
18036,1616,F,Other,75,Prof,75,91,Assoc,0,6223.0,2
18037,1616,F,Other,75,Prof,75,92,Assoc,0,6404.0,2
18038,1616,F,Other,75,Prof,75,93,Assoc,0,6496.0,2
18039,1616,F,Other,75,Prof,75,94,Assoc,0,6496.0,2
18040,1616,F,Other,75,Prof,75,95,Assoc,0,6684.0,2
18041,1617,F,Other,75,Prof,75,76,Assist,0,1696.0,1
18042,1617,F,Other,75,Prof,75,78,Assist,0,2021.0,1
18043,1617,F,Other,75,Prof,75,79,Assoc,0,2334.0,2
18044,1617,F,Other,75,Prof,75,80,Assoc,0,2706.0,2
18045,1617,F,Other,75,Prof,75,81,Assoc,0,2735.0,2
18046,1617,F,Other,75,Prof,75,82,Assoc,1,3048.0,2
18047,1617,F,Other,75,Prof,75,83,Assoc,1,4108.0,2
18048,1617,F,Other,75,Prof,75,84,Assoc,1,4029.0,2
18049,1617,F,Other,75,Prof,75,85,Assoc,1,4378.0,2
18050,1617,F,Other,75,Prof,75,86,Full,1,4914.0,3
18051,1617,F,Other,75,Prof,75,87,Full,1,4914.0,3
18052,1617,F,Other,75,Prof,75,88,Full,1,5310.0,3
18053,1617,F,Other,75,Prof,75,89,Full,1,5682.0,3
18054,1617,F,Other,75,Prof,75,90,Full,1,6388.0,3
18055,1617,F,Other,75,Prof,75,91,Full,1,7283.0,3
18056,1617,F,Other,75,Prof,75,92,Full,1,7712.0,3
18057,1617,F,Other,75,Prof,75,93,Full,1,8049.0,3
18058,1617,F,Other,75,Prof,75,94,Full,1,8049.0,3
18059,1617,F,Other,75,Prof,75,95,Full,1,8402.0,3
18060,1618,F,Other,75,Other,89,89,Assist,0,3028.75,1
18061,1618,F,Other,75,Other,89,90,Assist,0,3171.25,1
18062,1618,F,Other,75,Other,89,91,Assist,0,3512.5,1
18063,1618,F,Other,75,Other,89,92,Assist,0,3667.5,1
18064,1618,F,Other,75,Other,89,93,Assist,0,3774.0,1
18065,1618,F,Other,75,Other,89,94,Assist,0,3774.0,1
18066,1618,F,Other,75,Other,89,95,Assoc,0,4172.0,2
18067,1619,M,Other,88,Arts,94,94,Assist,0,3774.0,1
18068,1619,M,Other,88,Arts,94,95,Assist,0,3996.0,1
18069,1620,F,Other,65,Other,71,76,Assist,0,1524.0,1
18070,1620,F,Other,65,Other,71,77,Assoc,0,1798.0,2
18071,1620,F,Other,65,Other,71,78,Assoc,0,1960.0,2
18072,1620,F,Other,65,Other,71,79,Assoc,0,2410.0,2
18073,1620,F,Other,65,Other,71,80,Assoc,0,2567.0,2
18074,1620,F,Other,65,Other,71,81,Assoc,0,2920.0,2
18075,1620,F,Other,65,Other,71,82,Full,0,3275.0,3
18076,1620,F,Other,65,Other,71,83,Full,0,3675.0,3
18077,1620,F,Other,65,Other,71,84,Full,0,3742.0,3
18078,1620,F,Other,65,Other,71,85,Full,0,3742.0,3
18079,1620,F,Other,65,Other,71,86,Full,0,4139.0,3
18080,1620,F,Other,65,Other,71,87,Full,0,4347.0,3
18081,1620,F,Other,65,Other,71,88,Full,0,4603.0,3
18082,1620,F,Other,65,Other,71,89,Full,0,4996.0,3
18083,1620,F,Other,65,Other,71,90,Full,0,5229.0,3
18084,1620,F,Other,65,Other,71,91,Full,0,5551.0,3
18085,1620,F,Other,65,Other,71,92,Full,0,5878.0,3
18086,1620,F,Other,65,Other,71,93,Full,1,6305.0,3
18087,1620,F,Other,65,Other,71,94,Full,1,6305.0,3
18088,1620,F,Other,65,Other,71,95,Full,1,6676.0,3
18089,1621,M,Other,67,Other,80,80,Assoc,0,2529.0,2
18090,1621,M,Other,67,Other,80,81,Assoc,0,2879.0,2
18091,1621,M,Other,67,Other,80,82,Assoc,0,2962.0,2
18092,1621,M,Other,67,Other,80,83,Assoc,0,3125.0,2
18093,1621,M,Other,67,Other,80,84,Assoc,0,3337.0,2
18094,1621,M,Other,67,Other,80,85,Assoc,0,3337.0,2
18095,1621,M,Other,67,Other,80,86,Assoc,0,3437.0,2
18096,1621,M,Other,67,Other,80,87,Assoc,0,3610.0,2
18097,1621,M,Other,67,Other,80,88,Assoc,0,3662.0,2
18098,1621,M,Other,67,Other,80,89,Assoc,0,3863.0,2
18099,1621,M,Other,67,Other,80,90,Assoc,0,4160.0,2
18100,1621,M,Other,67,Other,80,91,Assoc,0,4416.0,2
18101,1621,M,Other,67,Other,80,92,Assoc,0,4610.0,2
18102,1621,M,Other,67,Other,80,93,Assoc,0,4743.0,2
18103,1621,M,Other,67,Other,80,94,Assoc,0,4743.0,2
18104,1621,M,Other,67,Other,80,95,Assoc,0,4881.0,2
18105,1622,M,Other,75,Other,88,88,Assist,0,2994.667,1
18106,1622,M,Other,75,Other,88,89,Assist,0,3204.0,1
18107,1622,M,Other,75,Other,88,94,Assist,0,3934.0,1
18108,1622,M,Other,75,Other,88,95,Assist,0,4091.0,1
18109,1623,F,Other,78,Other,93,93,Assist,0,3934.0,1
18110,1623,F,Other,78,Other,93,94,Assist,0,3934.0,1
18111,1623,F,Other,78,Other,93,95,Assist,0,4286.0,1
18112,1624,M,Other,87,Other,93,93,Assist,0,3996.0,1
18113,1624,M,Other,87,Other,93,94,Assist,0,3996.0,1
18114,1624,M,Other,87,Other,93,95,Assist,0,4231.0,1
18115,1625,F,Other,65,Other,90,90,Assist,0,4220.0,1
18116,1625,F,Other,65,Other,90,91,Assist,0,4292.0,1
18117,1625,F,Other,65,Other,90,92,Assist,0,4416.0,1
18118,1625,F,Other,65,Other,90,93,Assist,0,4544.0,1
18119,1625,F,Other,65,Other,90,94,Assist,0,4544.0,1
18120,1625,F,Other,65,Other,90,95,Assist,0,4676.0,1
18121,1627,F,Other,81,Other,86,86,Assist,0,3482.0,1
18122,1627,F,Other,81,Other,86,87,Assist,0,3658.0,1
18123,1627,F,Other,81,Other,86,88,Assist,0,3764.0,1
18124,1627,F,Other,81,Other,86,89,Assist,0,4085.0,1
18125,1627,F,Other,81,Other,86,90,Assist,0,4276.0,1
18126,1627,F,Other,81,Other,86,91,Assoc,0,4604.0,2
18127,1627,F,Other,81,Other,86,92,Assoc,0,4875.0,2
18128,1627,F,Other,81,Other,86,93,Assoc,0,5016.0,2
18129,1627,F,Other,81,Other,86,94,Assoc,0,5016.0,2
18130,1627,F,Other,81,Other,86,95,Assoc,0,5311.0,2
18131,1628,M,Other,66,Other,90,90,Full,1,7051.0,3
18132,1628,M,Other,66,Other,90,91,Full,1,7485.0,3
18133,1628,M,Other,66,Other,90,92,Full,1,7702.0,3
18134,1628,M,Other,66,Other,90,93,Full,1,7925.0,3
18135,1628,M,Other,66,Other,90,94,Full,1,7925.0,3
18136,1628,M,Other,66,Other,90,95,Full,1,8392.0,3
18137,1629,F,Other,79,Other,80,80,Assist,0,2130.0,1
18138,1629,F,Other,79,Other,80,81,Assist,0,2388.0,1
18139,1629,F,Other,79,Other,80,82,Assist,0,2457.0,1
18140,1629,F,Other,79,Other,80,83,Assist,0,2591.0,1
18141,1629,F,Other,79,Other,80,84,Assoc,0,3059.0,2
18142,1629,F,Other,79,Other,80,85,Assoc,0,3059.0,2
18143,1629,F,Other,79,Other,80,86,Assoc,0,3741.0,2
18144,1629,F,Other,79,Other,80,87,Assoc,0,3929.0,2
18145,1629,F,Other,79,Other,80,88,Assoc,0,4160.0,2
18146,1629,F,Other,79,Other,80,89,Full,0,4780.0,3
18147,1629,F,Other,79,Other,80,90,Full,0,5149.0,3
18148,1629,F,Other,79,Other,80,91,Full,0,5465.0,3
18149,1629,F,Other,79,Other,80,92,Full,0,5624.0,3
18150,1629,F,Other,79,Other,80,93,Full,0,5787.0,3
18151,1629,F,Other,79,Other,80,94,Full,0,5787.0,3
18152,1629,F,Other,79,Other,80,95,Full,0,6396.0,3
18153,1631,M,Other,65,Other,72,76,Assist,0,2159.302,1
18154,1631,M,Other,65,Other,72,77,Assist,0,2376.0,1
18155,1631,M,Other,65,Other,72,78,Assist,0,2538.0,1
18156,1631,M,Other,65,Other,72,79,Assoc,0,2932.0,2
18157,1631,M,Other,65,Other,72,80,Assoc,0,3208.0,2
18158,1631,M,Other,65,Other,72,81,Assoc,0,3568.0,2
18159,1631,M,Other,65,Other,72,82,Assoc,0,3723.0,2
18160,1631,M,Other,65,Other,72,83,Assoc,0,3926.866,2
18161,1631,M,Other,65,Other,72,84,Assoc,0,4135.0,2
18162,1631,M,Other,65,Other,72,85,Assoc,0,4135.0,2
18163,1631,M,Other,65,Other,72,86,Assoc,0,4259.0,2
18164,1631,M,Other,65,Other,72,87,Assoc,0,4473.0,2
18165,1631,M,Other,65,Other,72,88,Assoc,0,4669.0,2
18166,1631,M,Other,65,Other,72,89,Assoc,0,5141.0,2
18167,1631,M,Other,65,Other,72,90,Assoc,0,5537.0,2
18168,1631,M,Other,65,Other,72,91,Assoc,0,5962.0,2
18169,1631,M,Other,65,Other,72,92,Assoc,0,6135.0,2
18170,1631,M,Other,65,Other,72,93,Assoc,0,6313.0,2
18171,1631,M,Other,65,Other,72,94,Assoc,0,6313.0,2
18172,1631,M,Other,65,Other,72,95,Full,0,6781.0,3
18173,1632,F,Other,56,Other,63,76,Assoc,0,2018.0,2
18174,1632,F,Other,56,Other,63,77,Assoc,0,2180.0,2
18175,1632,F,Other,56,Other,63,78,Assoc,0,2329.0,2
18176,1632,F,Other,56,Other,63,79,Assoc,0,2590.0,2
18177,1632,F,Other,56,Other,63,80,Assoc,0,2779.0,2
18178,1632,F,Other,56,Other,63,81,Assoc,0,3048.0,2
18179,1632,F,Other,56,Other,63,82,Assoc,0,3048.0,2
18180,1632,F,Other,56,Other,63,83,Assoc,0,3216.0,2
18181,1632,F,Other,56,Other,63,84,Assoc,0,3484.0,2
18182,1632,F,Other,56,Other,63,85,Assoc,0,3484.0,2
18183,1632,F,Other,56,Other,63,86,Assoc,0,3588.0,2
18184,1632,F,Other,56,Other,63,87,Assoc,0,3990.0,2
18185,1632,F,Other,56,Other,63,88,Assoc,0,4285.0,2
18186,1632,F,Other,56,Other,63,89,Assoc,0,4520.0,2
18187,1632,F,Other,56,Other,63,90,Assoc,0,4800.0,2
18188,1632,F,Other,56,Other,63,91,Assoc,0,5022.0,2
18189,1632,F,Other,56,Other,63,92,Assoc,0,5168.0,2
18190,1632,F,Other,56,Other,63,93,Assoc,0,5022.0,2
18191,1632,F,Other,56,Other,63,94,Assoc,0,5318.0,2
18192,1632,F,Other,56,Other,63,95,Assoc,0,5242.0,2
18193,1633,M,Other,61,Other,66,76,Assoc,0,1849.254,2
18194,1633,M,Other,61,Other,66,77,Assoc,0,2089.0,2
18195,1633,M,Other,61,Other,66,78,Assoc,1,2231.0,2
18196,1633,M,Other,61,Other,66,79,Assoc,1,2530.0,2
18197,1633,M,Other,61,Other,66,80,Assoc,1,2698.901,2
18198,1633,M,Other,61,Other,66,81,Assoc,1,3088.06,2
18199,1633,M,Other,61,Other,66,82,Assoc,1,3132.0,2
18200,1633,M,Other,61,Other,66,83,Assoc,1,3401.493,2
18201,1633,M,Other,61,Other,66,84,Assoc,1,3632.0,2
18202,1633,M,Other,61,Other,66,85,Assoc,1,3632.0,2
18203,1633,M,Other,61,Other,66,86,Assoc,1,3741.0,2
18204,1633,M,Other,61,Other,66,87,Assoc,1,3741.0,2
18205,1633,M,Other,61,Other,66,88,Assoc,0,4043.0,2
18206,1633,M,Other,61,Other,66,89,Assoc,0,4325.0,2
18207,1633,M,Other,61,Other,66,90,Assoc,0,4527.0,2
18208,1633,M,Other,61,Other,66,91,Assoc,0,4670.0,2
18209,1633,M,Other,61,Other,66,92,Assoc,0,4875.0,2
18210,1633,M,Other,61,Other,66,93,Assoc,0,5016.0,2
18211,1633,M,Other,61,Other,66,94,Assoc,0,5016.0,2
18212,1633,M,Other,61,Other,66,95,Assoc,0,5236.0,2
18213,1634,M,Other,68,Other,71,76,Assist,0,2125.0,1
18214,1634,M,Other,68,Other,71,77,Assist,0,2285.0,1
18215,1634,M,Other,68,Other,71,78,Assoc,0,2464.0,2
18216,1634,M,Other,68,Other,71,79,Assoc,0,2768.0,2
18217,1634,M,Other,68,Other,71,80,Assoc,0,2970.0,2
18218,1634,M,Other,68,Other,71,81,Assoc,0,3322.0,2
18219,1634,M,Other,68,Other,71,82,Assoc,0,3467.0,2
18220,1634,M,Other,68,Other,71,83,Assoc,0,3658.0,2
18221,1634,M,Other,68,Other,71,84,Assoc,0,3906.0,2
18222,1634,M,Other,68,Other,71,85,Assoc,0,3906.0,2
18223,1634,M,Other,68,Other,71,86,Assoc,0,4023.0,2
18224,1634,M,Other,68,Other,71,87,Assoc,1,4603.0,2
18225,1634,M,Other,68,Other,71,88,Assoc,1,4220.0,2
18226,1634,M,Other,68,Other,71,89,Assoc,1,4645.0,2
18227,1634,M,Other,68,Other,71,90,Assoc,1,5076.0,2
18228,1634,M,Other,68,Other,71,91,Assoc,1,5465.0,2
18229,1634,M,Other,68,Other,71,92,Assoc,1,5635.0,2
18230,1634,M,Other,68,Other,71,93,Assoc,1,5776.0,2
18231,1634,M,Other,68,Other,71,94,Assoc,1,5776.0,2
18232,1634,M,Other,68,Other,71,95,Assoc,0,6040.0,2
18233,1635,M,Other,68,Other,89,89,Assist,0,3596.0,1
18234,1635,M,Other,68,Other,89,90,Assist,0,3711.0,1
18235,1635,M,Other,68,Other,89,91,Assist,0,3939.0,1
18236,1635,M,Other,68,Other,89,92,Assist,0,4112.0,1
18237,1635,M,Other,68,Other,89,93,Assist,0,4231.0,1
18238,1635,M,Other,68,Other,89,94,Assist,0,4231.0,1
18239,1635,M,Other,68,Other,89,95,Assoc,0,4480.0,2
18240,1636,M,Prof,69,Other,69,76,Assoc,0,2806.0,2
18241,1636,M,Prof,69,Other,69,77,Assoc,0,3088.0,2
18242,1636,M,Prof,69,Other,69,78,Assoc,0,3290.0,2
18243,1636,M,Prof,69,Other,69,79,Full,0,3642.0,3
18244,1636,M,Prof,69,Other,69,80,Full,0,3919.0,3
18245,1636,M,Prof,69,Other,69,81,Full,0,4354.0,3
18246,1636,M,Prof,69,Other,69,82,Full,0,4354.0,3
18247,1636,M,Prof,69,Other,69,83,Full,0,4725.0,3
18248,1636,M,Prof,69,Other,69,84,Full,0,5045.0,3
18249,1636,M,Prof,69,Other,69,85,Full,0,5045.0,3
18250,1636,M,Prof,69,Other,69,86,Full,0,5502.0,3
18251,1636,M,Prof,69,Other,69,87,Full,0,5780.0,3
18252,1636,M,Prof,69,Other,69,88,Full,0,5947.0,3
18253,1636,M,Prof,69,Other,69,89,Full,0,6362.0,3
18254,1636,M,Prof,69,Other,69,90,Full,0,6659.0,3
18255,1636,M,Prof,69,Other,69,91,Full,0,6870.0,3
18256,1636,M,Prof,69,Other,69,92,Full,0,7069.0,3
18257,1636,M,Prof,69,Other,69,93,Full,0,7274.0,3
18258,1636,M,Prof,69,Other,69,94,Full,0,7274.0,3
18259,1636,M,Prof,69,Other,69,95,Full,0,7485.0,3
18260,1637,M,Prof,56,Other,67,76,Full,0,3150.0,3
18261,1637,M,Prof,56,Other,67,77,Full,0,3465.0,3
18262,1637,M,Prof,56,Other,67,78,Full,0,3648.0,3
18263,1637,M,Prof,56,Other,67,79,Full,0,4045.0,3
18264,1637,M,Prof,56,Other,67,80,Full,0,4353.0,3
18265,1637,M,Prof,56,Other,67,81,Full,0,4811.0,3
18266,1637,M,Prof,56,Other,67,82,Full,0,5022.0,3
18267,1637,M,Prof,56,Other,67,83,Full,0,5374.0,3
18268,1637,M,Prof,56,Other,67,84,Full,0,5821.0,3
18269,1637,M,Prof,56,Other,67,85,Full,0,5821.0,3
18270,1637,M,Prof,56,Other,67,86,Full,0,6626.0,3
18271,1637,M,Prof,56,Other,67,87,Full,0,6960.0,3
18272,1637,M,Prof,56,Other,67,88,Full,0,7162.0,3
18273,1637,M,Prof,56,Other,67,89,Full,0,7661.0,3
18274,1637,M,Prof,56,Other,67,90,Full,0,8135.0,3
18275,1637,M,Prof,56,Other,67,91,Full,0,8635.0,3
18276,1637,M,Prof,56,Other,67,92,Full,0,9013.0,3
18277,1637,M,Prof,56,Other,67,93,Full,0,9275.0,3
18278,1637,M,Prof,56,Other,67,94,Full,0,9275.0,3
18279,1637,M,Prof,56,Other,67,95,Full,0,9681.0,3
18280,1638,M,Prof,78,Other,78,78,Assist,0,2334.0,1
18281,1638,M,Prof,78,Other,78,79,Assist,0,2596.0,1
18282,1638,M,Prof,78,Other,78,80,Assist,0,2793.0,1
18283,1638,M,Prof,78,Other,78,81,Assist,0,3045.0,1
18284,1638,M,Prof,78,Other,78,82,Assist,0,3224.0,1
18285,1638,M,Prof,78,Other,78,83,Assist,0,3401.0,1
18286,1638,M,Prof,78,Other,78,84,Assoc,0,4124.0,2
18287,1638,M,Prof,78,Other,78,85,Assoc,0,4124.0,2
18288,1638,M,Prof,78,Other,78,86,Assoc,0,4440.0,2
18289,1638,M,Prof,78,Other,78,87,Assoc,0,4939.0,2
18290,1638,M,Prof,78,Other,78,88,Assoc,0,4800.0,2
18291,1638,M,Prof,78,Other,78,89,Assoc,0,5436.0,2
18292,1638,M,Prof,78,Other,78,90,Assoc,0,5855.0,2
18293,1638,M,Prof,78,Other,78,91,Full,0,6396.0,3
18294,1638,M,Prof,78,Other,78,92,Full,0,6676.0,3
18295,1638,M,Prof,78,Other,78,93,Full,0,6870.0,3
18296,1638,M,Prof,78,Other,78,94,Full,0,6870.0,3
18297,1638,M,Prof,78,Other,78,95,Full,0,7170.0,3
18298,1639,M,Prof,70,Other,93,93,Assist,0,4806.0,1
18299,1639,M,Prof,70,Other,93,94,Assist,0,4806.0,1
18300,1639,M,Prof,70,Other,93,95,Assist,0,5016.0,1
18301,1640,M,Prof,66,Other,66,76,Full,1,3460.0,3
18302,1640,M,Prof,66,Other,66,77,Full,0,3773.333,3
18303,1640,M,Prof,66,Other,66,78,Full,0,4057.0,3
18304,1640,M,Prof,66,Other,66,79,Full,0,4483.0,3
18305,1640,M,Prof,66,Other,66,80,Full,0,4824.0,3
18306,1640,M,Prof,66,Other,66,81,Full,0,5317.0,3
18307,1640,M,Prof,66,Other,66,82,Full,0,5629.0,3
18308,1640,M,Prof,66,Other,66,83,Full,0,5939.0,3
18309,1640,M,Prof,66,Other,66,84,Full,0,6253.0,3
18310,1640,M,Prof,66,Other,66,85,Full,0,6253.0,3
18311,1640,M,Prof,66,Other,66,86,Full,0,6439.0,3
18312,1640,M,Prof,66,Other,66,87,Full,0,6764.0,3
18313,1640,M,Prof,66,Other,66,88,Full,0,6960.0,3
18314,1640,M,Prof,66,Other,66,89,Full,0,7445.0,3
18315,1640,M,Prof,66,Other,66,90,Full,0,7683.0,3
18316,1640,M,Prof,66,Other,66,91,Full,0,7925.0,3
18317,1640,M,Prof,66,Other,66,92,Full,0,8039.0,3
18318,1640,M,Prof,66,Other,66,93,Full,0,8155.0,3
18319,1640,M,Prof,66,Other,66,94,Full,0,8155.0,3
18320,1640,M,Prof,66,Other,66,95,Full,0,8392.0,3
18321,1641,F,Prof,68,Other,67,76,Full,0,2824.0,3
18322,1641,F,Prof,68,Other,67,77,Full,0,2995.556,3
18323,1641,F,Prof,68,Other,67,78,Full,0,3294.0,3
18324,1641,F,Prof,68,Other,67,79,Full,0,3739.0,3
18325,1641,F,Prof,68,Other,67,80,Full,0,4023.0,3
18326,1641,F,Prof,68,Other,67,81,Full,0,4416.0,3
18327,1641,F,Prof,68,Other,67,82,Full,0,4609.0,3
18328,1641,F,Prof,68,Other,67,83,Full,0,4931.0,3
18329,1641,F,Prof,68,Other,67,84,Full,0,5267.0,3
18330,1641,F,Prof,68,Other,67,85,Full,0,5267.0,3
18331,1641,F,Prof,68,Other,67,86,Full,0,5424.0,3
18332,1641,F,Prof,68,Other,67,87,Full,0,5698.0,3
18333,1641,F,Prof,68,Other,67,88,Full,0,5863.0,3
18334,1641,F,Prof,68,Other,67,89,Full,0,6272.0,3
18335,1641,F,Prof,68,Other,67,90,Full,0,6472.0,3
18336,1641,F,Prof,68,Other,67,91,Full,0,6676.0,3
18337,1641,F,Prof,68,Other,67,92,Full,0,6772.0,3
18338,1641,F,Prof,68,Other,67,93,Full,0,6870.0,3
18339,1641,F,Prof,68,Other,67,94,Full,0,6870.0,3
18340,1641,F,Prof,68,Other,67,95,Full,0,7068.75,3
18341,1642,M,Prof,53,Other,76,76,Full,0,3398.734,3
18342,1642,M,Prof,53,Other,76,77,Full,0,3811.0,3
18343,1642,M,Prof,53,Other,76,78,Full,0,3968.0,3
18344,1642,M,Prof,53,Other,76,90,Full,0,6852.0,3
18345,1642,M,Prof,53,Other,76,91,Full,0,7274.0,3
18346,1642,M,Prof,53,Other,76,92,Full,0,7485.0,3
18347,1642,M,Prof,53,Other,76,93,Full,0,7925.0,3
18348,1642,M,Prof,53,Other,76,94,Full,0,8532.0,3
18349,1642,M,Prof,53,Other,76,95,Full,0,8831.001,3
18350,1643,M,Prof,72,Other,79,79,Assist,0,2418.0,1
18351,1643,M,Prof,72,Other,79,82,Assist,0,3044.444,1
18352,1643,M,Prof,72,Other,79,83,Assoc,0,3400.0,2
18353,1643,M,Prof,72,Other,79,84,Assoc,0,3790.0,2
18354,1643,M,Prof,72,Other,79,85,Assoc,0,3790.0,2
18355,1643,M,Prof,72,Other,79,86,Assoc,1,4908.0,2
18356,1643,M,Prof,72,Other,79,87,Assoc,1,5155.0,2
18357,1643,M,Prof,72,Other,79,88,Full,1,5538.0,3
18358,1643,M,Prof,72,Other,79,89,Full,1,5924.0,3
18359,1643,M,Prof,72,Other,79,90,Full,1,6380.0,3
18360,1643,M,Prof,72,Other,79,91,Full,1,6870.0,3
18361,1643,M,Prof,72,Other,79,92,Full,1,7171.0,3
18362,1643,M,Prof,72,Other,79,93,Full,1,8759.0,3
18363,1643,M,Prof,72,Other,79,94,Full,1,8759.0,3
18364,1643,M,Prof,72,Other,79,95,Full,1,9143.0,3
18365,1644,M,Prof,75,Other,79,79,Assoc,0,3334.0,2
18366,1644,M,Prof,75,Other,79,80,Assoc,0,3587.0,2
18367,1644,M,Prof,75,Other,79,81,Assoc,0,3938.0,2
18368,1644,M,Prof,75,Other,79,82,Assoc,0,4053.0,2
18369,1644,M,Prof,75,Other,79,83,Assoc,0,4275.0,2
18370,1644,M,Prof,75,Other,79,84,Assoc,0,4631.0,2
18371,1644,M,Prof,75,Other,79,85,Full,0,4766.0,3
18372,1644,M,Prof,75,Other,79,86,Full,0,5197.0,3
18373,1644,M,Prof,75,Other,79,87,Full,0,5459.0,3
18374,1644,M,Prof,75,Other,79,88,Full,0,5617.0,3
18375,1644,M,Prof,75,Other,79,89,Full,0,6008.0,3
18376,1644,M,Prof,75,Other,79,90,Full,0,6200.0,3
18377,1644,M,Prof,75,Other,79,91,Full,0,6488.0,3
18378,1644,M,Prof,75,Other,79,92,Full,0,6676.0,3
18379,1644,M,Prof,75,Other,79,93,Full,0,6870.0,3
18380,1644,M,Prof,75,Other,79,94,Full,0,6870.0,3
18381,1644,M,Prof,75,Other,79,95,Full,0,7069.0,3
18382,1646,M,Prof,77,Other,84,84,Assist,0,3430.0,1
18383,1646,M,Prof,77,Other,84,85,Assist,0,3430.0,1
18384,1646,M,Prof,77,Other,84,86,Assist,0,3794.0,1
18385,1646,M,Prof,77,Other,84,87,Assist,0,3986.0,1
18386,1646,M,Prof,77,Other,84,88,Assist,0,4102.0,1
18387,1646,M,Prof,77,Other,84,89,Assoc,0,4580.0,2
18388,1646,M,Prof,77,Other,84,90,Assoc,0,4794.0,2
18389,1646,M,Prof,77,Other,84,91,Assoc,0,5162.0,2
18390,1646,M,Prof,77,Other,84,92,Assoc,0,5465.0,2
18391,1646,M,Prof,77,Other,84,93,Assoc,0,5705.0,2
18392,1646,M,Prof,77,Other,84,94,Assoc,0,5706.0,2
18393,1646,M,Prof,77,Other,84,95,Full,0,6128.0,3
18394,1647,F,Prof,76,Other,93,93,Assoc,0,6305.0,2
18395,1647,F,Prof,76,Other,93,94,Assoc,0,6305.0,2
18396,1647,F,Prof,76,Other,93,95,Assoc,0,6488.0,2
18397,1648,M,Prof,73,Other,90,90,Assist,0,4658.0,1
18398,1648,M,Prof,73,Other,90,91,Assist,0,4945.0,1
18399,1648,M,Prof,73,Other,90,92,Assist,0,5088.0,1
18400,1648,M,Prof,73,Other,90,93,Assist,0,5236.0,1
18401,1648,M,Prof,73,Other,90,94,Assist,0,5236.0,1
18402,1648,M,Prof,73,Other,90,95,Assoc,0,5544.0,2
18403,1649,M,Prof,71,Other,75,76,Assoc,0,2711.111,2
18404,1649,M,Prof,71,Other,75,77,Assoc,0,2945.0,2
18405,1649,M,Prof,71,Other,75,78,Assoc,0,3155.0,2
18406,1649,M,Prof,71,Other,75,79,Full,0,3604.0,3
18407,1649,M,Prof,71,Other,75,80,Full,0,3878.0,3
18408,1649,M,Prof,71,Other,75,81,Full,0,4354.0,3
18409,1649,M,Prof,71,Other,75,82,Full,0,4675.0,3
18410,1649,M,Prof,71,Other,75,83,Full,0,5149.0,3
18411,1649,M,Prof,71,Other,75,84,Full,1,6163.0,3
18412,1649,M,Prof,71,Other,75,85,Full,1,6163.0,3
18413,1649,M,Prof,71,Other,75,86,Full,1,7016.0,3
18414,1649,M,Prof,71,Other,75,87,Full,1,7369.0,3
18415,1649,M,Prof,71,Other,75,88,Full,1,7583.0,3
18416,1649,M,Prof,71,Other,75,89,Full,1,8229.0,3
18417,1649,M,Prof,71,Other,75,90,Full,1,8613.0,3
18418,1649,M,Prof,71,Other,75,91,Full,1,9143.0,3
18419,1649,M,Prof,71,Other,75,92,Full,1,9681.0,3
18420,1649,M,Prof,71,Other,75,93,Full,0,9962.0,3
18421,1649,M,Prof,71,Other,75,94,Full,0,9962.0,3
18422,1649,M,Prof,71,Other,75,95,Full,0,10398.0,3
18423,1650,M,Prof,79,Other,88,88,Assist,0,5305.0,1
18424,1650,M,Prof,79,Other,88,89,Assist,0,5594.0,1
18425,1650,M,Prof,79,Other,88,90,Assist,0,6025.0,1
18426,1650,M,Prof,79,Other,88,91,Assist,0,6215.878,1
18427,1650,M,Prof,79,Other,88,92,Assist,0,6215.769,1
18428,1650,M,Prof,79,Other,88,93,Assist,0,6215.493,1
18429,1650,M,Prof,79,Other,88,94,Assoc,0,6395.771,2
18430,1650,M,Prof,79,Other,88,95,Assoc,0,6395.855,2
18431,1651,M,Prof,69,Other,74,76,Full,1,3539.0,3
18432,1651,M,Prof,69,Other,74,77,Full,0,3645.333,3
18433,1651,M,Prof,69,Other,74,78,Full,0,3783.0,3
18434,1651,M,Prof,69,Other,74,79,Full,0,3972.0,3
18435,1651,M,Prof,69,Other,74,80,Full,0,4131.0,3
18436,1651,M,Prof,69,Other,74,81,Full,0,4416.0,3
18437,1651,M,Prof,69,Other,74,82,Full,0,4416.0,3
18438,1651,M,Prof,69,Other,74,83,Full,0,4659.0,3
18439,1651,M,Prof,69,Other,74,84,Full,0,5045.0,3
18440,1651,M,Prof,69,Other,74,85,Full,0,5045.0,3
18441,1651,M,Prof,69,Other,74,86,Full,0,5502.0,3
18442,1651,M,Prof,69,Other,74,87,Full,0,5780.0,3
18443,1651,M,Prof,69,Other,74,88,Full,0,6033.0,3
18444,1651,M,Prof,69,Other,74,89,Full,0,6736.0,3
18445,1651,M,Prof,69,Other,74,90,Full,0,7051.0,3
18446,1651,M,Prof,69,Other,74,91,Full,0,7593.0,3
18447,1651,M,Prof,69,Other,74,92,Full,0,7813.0,3
18448,1651,M,Prof,69,Other,74,93,Full,0,8155.0,3
18449,1651,M,Prof,69,Other,74,94,Full,0,8155.0,3
18450,1651,M,Prof,69,Other,74,95,Full,0,8392.0,3
18451,1652,F,Prof,74,Other,92,92,Assist,0,4474.0,1
18452,1652,F,Prof,74,Other,92,93,Assist,0,4604.0,1
18453,1652,F,Prof,74,Other,92,94,Assist,0,4604.0,1
18454,1652,F,Prof,74,Other,92,95,Assist,0,4737.0,1
18455,1653,M,Prof,69,Other,71,76,Assoc,1,2772.0,2
18456,1653,M,Prof,69,Other,71,77,Assoc,1,3049.0,2
18457,1653,M,Prof,69,Other,71,78,Assoc,1,3354.0,2
18458,1653,M,Prof,69,Other,71,79,Assoc,1,3792.0,2
18459,1653,M,Prof,69,Other,71,80,Assoc,1,4081.0,2
18460,1653,M,Prof,69,Other,71,81,Assoc,1,4479.0,2
18461,1653,M,Prof,69,Other,71,82,Assoc,1,4743.0,2
18462,1653,M,Prof,69,Other,71,83,Assoc,1,5004.0,2
18463,1653,M,Prof,69,Other,71,84,Assoc,0,5120.0,2
18464,1653,M,Prof,69,Other,71,85,Assoc,0,5120.0,2
18465,1653,M,Prof,69,Other,71,86,Assoc,0,5272.0,2
18466,1653,M,Prof,69,Other,71,87,Assoc,0,5538.0,2
18467,1653,M,Prof,69,Other,71,88,Assoc,0,5538.0,2
18468,1653,M,Prof,69,Other,71,89,Assoc,0,5756.0,2
18469,1653,M,Prof,69,Other,71,90,Assoc,0,5856.0,2
18470,1653,M,Prof,69,Other,71,91,Assoc,0,5956.0,2
18471,1653,M,Prof,69,Other,71,92,Assoc,0,5956.0,2
18472,1653,M,Prof,69,Other,71,93,Assoc,0,6128.0,2
18473,1653,M,Prof,69,Other,71,94,Assoc,0,6128.0,2
18474,1653,M,Prof,69,Other,71,95,Assoc,0,6306.0,2
18475,1654,M,Prof,71,Other,72,76,Assoc,1,2992.0,2
18476,1654,M,Prof,71,Other,72,77,Assoc,1,3292.0,2
18477,1654,M,Prof,71,Other,72,78,Assoc,1,3842.222,2
18478,1654,M,Prof,71,Other,72,79,Assoc,1,3792.0,2
18479,1654,M,Prof,71,Other,72,80,Assoc,1,4081.0,2
18480,1654,M,Prof,71,Other,72,81,Assoc,1,4479.0,2
18481,1654,M,Prof,71,Other,72,82,Assoc,1,4743.0,2
18482,1654,M,Prof,71,Other,72,83,Assoc,1,5004.0,2
18483,1654,M,Prof,71,Other,72,84,Assoc,1,5419.0,2
18484,1654,M,Prof,71,Other,72,85,Assoc,1,5419.0,2
18485,1654,M,Prof,71,Other,72,86,Assoc,1,5582.0,2
18486,1654,M,Prof,71,Other,72,87,Assoc,1,5863.0,2
18487,1654,M,Prof,71,Other,72,88,Assoc,1,6033.0,2
18488,1654,M,Prof,71,Other,72,89,Assoc,1,6454.0,2
18489,1654,M,Prof,71,Other,72,90,Assoc,1,6659.0,2
18490,1654,M,Prof,71,Other,72,91,Assoc,1,7171.0,2
18491,1654,M,Prof,71,Other,72,92,Full,1,7593.0,3
18492,1654,M,Prof,71,Other,72,93,Full,1,7813.0,3
18493,1654,M,Prof,71,Other,72,94,Full,1,7813.0,3
18494,1654,M,Prof,71,Other,72,95,Full,1,8039.0,3
18495,1655,M,Prof,72,Other,77,77,Assist,0,2083.0,1
18496,1655,M,Prof,72,Other,77,78,Assist,0,2187.0,1
18497,1655,M,Prof,72,Other,77,79,Assist,0,2459.0,1
18498,1655,M,Prof,72,Other,77,80,Assist,0,2646.0,1
18499,1655,M,Prof,72,Other,77,81,Assist,0,2959.0,1
18500,1655,M,Prof,72,Other,77,82,Assist,0,3045.0,1
18501,1655,M,Prof,72,Other,77,83,Assist,0,3213.0,1
18502,1655,M,Prof,72,Other,77,84,Assoc,0,3581.0,2
18503,1655,M,Prof,72,Other,77,85,Assoc,0,3581.0,2
18504,1655,M,Prof,72,Other,77,86,Assoc,0,3904.0,2
18505,1655,M,Prof,72,Other,77,87,Assoc,0,4101.0,2
18506,1655,M,Prof,72,Other,77,88,Assoc,0,4220.0,2
18507,1655,M,Prof,72,Other,77,89,Assoc,1,4895.0,2
18508,1655,M,Prof,72,Other,77,90,Assoc,1,5183.0,2
18509,1655,M,Prof,72,Other,77,91,Assoc,1,6205.0,2
18510,1655,M,Prof,72,Other,77,92,Assoc,1,6370.0,2
18511,1655,M,Prof,72,Other,77,93,Assoc,0,6040.0,2
18512,1655,M,Prof,72,Other,77,94,Assoc,0,6040.0,2
18513,1655,M,Prof,72,Other,77,95,Assoc,0,6216.0,2
18514,1656,M,Prof,74,Other,74,76,Assist,0,2344.0,1
18515,1656,M,Prof,74,Other,74,77,Assoc,0,2750.0,2
18516,1656,M,Prof,74,Other,74,78,Assoc,0,2860.0,2
18517,1656,M,Prof,74,Other,74,79,Assoc,0,3214.0,2
18518,1656,M,Prof,74,Other,74,80,Assoc,0,3446.0,2
18519,1656,M,Prof,74,Other,74,81,Assoc,0,3563.0,2
18520,1656,M,Prof,74,Other,74,82,Assoc,0,3826.0,2
18521,1656,M,Prof,74,Other,74,83,Assoc,0,4089.189,2
18522,1656,M,Prof,74,Other,74,84,Full,0,4374.0,3
18523,1656,M,Prof,74,Other,74,85,Full,0,4374.0,3
18524,1656,M,Prof,74,Other,74,86,Full,0,4506.0,3
18525,1656,M,Prof,74,Other,74,87,Full,0,4731.0,3
18526,1656,M,Prof,74,Other,74,88,Full,0,4869.0,3
18527,1656,M,Prof,74,Other,74,89,Full,0,5283.0,3
18528,1656,M,Prof,74,Other,74,90,Full,0,5610.0,3
18529,1656,M,Prof,74,Other,74,91,Full,0,5786.667,3
18530,1656,M,Prof,74,Other,74,92,Full,0,5870.0,3
18531,1656,M,Prof,74,Other,74,93,Full,0,6040.0,3
18532,1656,M,Prof,74,Other,74,94,Full,0,6040.0,3
18533,1656,M,Prof,74,Other,74,95,Full,0,6216.0,3
18534,1657,M,Prof,80,Other,93,93,Assist,0,4875.0,1
18535,1657,M,Prof,80,Other,93,94,Assist,0,4875.0,1
18536,1657,M,Prof,80,Other,93,95,Assist,0,5016.0,1
18538,1659,M,Prof,67,Other,89,89,Assoc,1,7032.0,2
18539,1659,M,Prof,67,Other,89,90,Assoc,1,7360.0,2
18540,1659,M,Prof,67,Other,89,91,Assoc,1,7925.0,2
18541,1659,M,Prof,67,Other,89,92,Assoc,1,8155.0,2
18542,1659,M,Prof,67,Other,89,93,Assoc,1,8392.0,2
18543,1659,M,Prof,67,Other,89,94,Assoc,1,8392.0,2
18544,1659,M,Prof,67,Other,89,95,Assoc,1,8635.0,2
18545,1660,M,Prof,66,Other,92,92,Full,1,12417.0,3
18546,1660,M,Prof,66,Other,92,93,Full,1,12417.0,3
18547,1660,M,Prof,66,Other,92,94,Full,1,12417.0,3
18548,1660,M,Prof,66,Other,92,95,Full,1,13414.0,3
18549,1661,M,Prof,61,Other,67,76,Assist,1,3007.0,1
18550,1661,M,Prof,61,Other,67,77,Assist,1,3187.0,1
18551,1661,M,Prof,61,Other,67,78,Assist,1,3282.222,1
18552,1661,M,Prof,61,Other,67,79,Assist,1,3584.0,1
18553,1661,M,Prof,61,Other,67,80,Assist,0,3856.0,1
18554,1661,M,Prof,61,Other,67,81,Assist,1,4230.0,1
18555,1661,M,Prof,61,Other,67,82,Assist,1,4781.0,1
18556,1661,M,Prof,61,Other,67,83,Assist,1,5391.667,1
18557,1661,M,Prof,61,Other,67,84,Assist,1,5445.0,1
18558,1661,M,Prof,61,Other,67,85,Assist,1,5445.0,1
18559,1661,M,Prof,61,Other,67,86,Assist,1,5597.0,1
18560,1661,M,Prof,61,Other,67,87,Assist,1,5597.0,1
18561,1661,M,Prof,61,Other,67,88,Assist,1,5617.0,1
18562,1661,M,Prof,61,Other,67,89,Assist,1,6008.0,1
18563,1661,M,Prof,61,Other,67,90,Assist,1,6200.0,1
18564,1661,M,Prof,61,Other,67,91,Assist,1,6488.0,1
18565,1661,M,Prof,61,Other,67,92,Assist,1,6676.0,1
18566,1661,M,Prof,61,Other,67,93,Assist,1,6870.0,1
18567,1661,M,Prof,61,Other,67,94,Assist,1,6870.0,1
18568,1661,M,Prof,61,Other,67,95,Assist,1,7171.0,1
18569,1662,M,Prof,57,Other,81,81,Full,1,6000.0,3
18570,1662,M,Prof,57,Other,81,82,Full,1,6000.0,3
18571,1662,M,Prof,57,Other,81,83,Full,1,6754.0,3
18572,1662,M,Prof,57,Other,81,84,Full,1,7318.0,3
18573,1662,M,Prof,57,Other,81,85,Full,1,7318.0,3
18574,1662,M,Prof,57,Other,81,86,Full,1,7979.0,3
18575,1662,M,Prof,57,Other,81,87,Full,1,7979.0,3
18576,1662,M,Prof,57,Other,81,88,Full,1,8621.0,3
18577,1662,M,Prof,57,Other,81,89,Full,1,9259.0,3
18578,1662,M,Prof,57,Other,81,90,Full,1,9815.0,3
18579,1662,M,Prof,57,Other,81,91,Full,1,10404.0,3
18580,1662,M,Prof,57,Other,81,92,Full,0,10727.0,3
18581,1662,M,Prof,57,Other,81,93,Full,0,10854.0,3
18582,1662,M,Prof,57,Other,81,94,Full,0,10854.0,3
18583,1662,M,Prof,57,Other,81,95,Full,0,11169.0,3
18584,1663,M,Prof,57,Other,59,76,Full,1,3057.0,3
18585,1663,M,Prof,57,Other,59,77,Full,1,3362.0,3
18586,1663,M,Prof,57,Other,59,78,Full,1,3530.0,3
18587,1663,M,Prof,57,Other,59,79,Full,1,3959.0,3
18588,1663,M,Prof,57,Other,59,80,Full,1,4260.0,3
18589,1663,M,Prof,57,Other,59,81,Full,1,4675.0,3
18590,1663,M,Prof,57,Other,59,82,Full,1,4950.0,3
18591,1663,M,Prof,57,Other,59,83,Full,1,5222.0,3
18592,1663,M,Prof,57,Other,59,84,Full,1,5656.0,3
18593,1663,M,Prof,57,Other,59,85,Full,1,5656.0,3
18594,1663,M,Prof,57,Other,59,86,Full,1,6169.0,3
18595,1663,M,Prof,57,Other,59,87,Full,1,6480.0,3
18596,1663,M,Prof,57,Other,59,88,Full,1,6668.0,3
18597,1663,M,Prof,57,Other,59,89,Full,0,7109.091,3
18598,1663,M,Prof,57,Other,59,90,Full,0,7360.0,3
18599,1663,M,Prof,57,Other,59,91,Full,0,7702.0,3
18600,1663,M,Prof,57,Other,59,92,Full,0,7925.0,3
18601,1663,M,Prof,57,Other,59,93,Full,0,8155.0,3
18602,1663,M,Prof,57,Other,59,94,Full,0,8155.0,3
18603,1663,M,Prof,57,Other,59,95,Full,0,8392.0,3
18604,1664,M,Prof,68,Other,71,76,Assoc,0,2183.0,2
18605,1664,M,Prof,68,Other,71,77,Assoc,0,2434.0,2
18606,1664,M,Prof,68,Other,71,78,Assoc,0,2604.0,2
18607,1664,M,Prof,68,Other,71,79,Assoc,0,2917.0,2
18608,1664,M,Prof,68,Other,71,80,Full,0,3267.0,3
18609,1664,M,Prof,68,Other,71,81,Full,0,3563.0,3
18610,1664,M,Prof,68,Other,71,82,Full,0,3773.0,3
18611,1664,M,Prof,68,Other,71,83,Full,0,3980.0,3
18612,1664,M,Prof,68,Other,71,84,Full,0,4190.0,3
18613,1664,M,Prof,68,Other,71,85,Full,0,4190.0,3
18614,1664,M,Prof,68,Other,71,86,Full,0,4570.0,3
18615,1664,M,Prof,68,Other,71,87,Full,0,4800.0,3
18616,1664,M,Prof,68,Other,71,88,Full,0,5010.0,3
18617,1664,M,Prof,68,Other,71,89,Full,1,5785.0,3
18618,1664,M,Prof,68,Other,71,90,Full,1,6289.0,3
18619,1664,M,Prof,68,Other,71,91,Full,1,6772.0,3
18620,1664,M,Prof,68,Other,71,92,Full,1,6969.0,3
18621,1664,M,Prof,68,Other,71,93,Full,1,7171.0,3
18622,1664,M,Prof,68,Other,71,94,Full,1,7171.0,3
18623,1664,M,Prof,68,Other,71,95,Full,0,7379.0,3
18624,1665,M,Prof,57,Other,79,79,Assoc,0,2833.0,2
18625,1665,M,Prof,57,Other,79,80,Assoc,0,3048.0,2
18626,1665,M,Prof,57,Other,79,81,Assoc,0,3317.0,2
18627,1665,M,Prof,57,Other,79,82,Assoc,0,3413.0,2
18628,1665,M,Prof,57,Other,79,83,Full,0,3813.0,3
18629,1665,M,Prof,57,Other,79,84,Full,0,4130.0,3
18630,1665,M,Prof,57,Other,79,85,Full,0,4130.0,3
18631,1665,M,Prof,57,Other,79,86,Full,0,4505.0,3
18632,1665,M,Prof,57,Other,79,87,Full,0,4731.0,3
18633,1665,M,Prof,57,Other,79,88,Full,0,4869.0,3
18634,1665,M,Prof,57,Other,79,89,Full,0,5208.0,3
18635,1665,M,Prof,57,Other,79,90,Full,0,5530.0,3
18636,1665,M,Prof,57,Other,79,91,Full,0,6286.0,3
18637,1665,M,Prof,57,Other,79,92,Full,0,6543.0,3
18638,1665,M,Prof,57,Other,79,93,Full,0,6721.0,3
18639,1665,M,Prof,57,Other,79,94,Full,0,6721.0,3
18640,1665,M,Prof,57,Other,79,95,Full,0,6488.0,3
18641,1666,M,Prof,69,Other,69,76,Full,0,2584.0,3
18642,1666,M,Prof,69,Other,69,77,Full,1,2869.0,3
18643,1666,M,Prof,69,Other,69,78,Full,1,3012.0,3
18644,1666,M,Prof,69,Other,69,79,Full,1,3517.0,3
18645,1666,M,Prof,69,Other,69,80,Full,1,3777.0,3
18646,1666,M,Prof,69,Other,69,81,Full,0,4169.0,3
18647,1666,M,Prof,69,Other,69,82,Full,0,4291.0,3
18648,1666,M,Prof,69,Other,69,83,Full,0,4527.0,3
18649,1666,M,Prof,69,Other,69,84,Full,0,4766.0,3
18650,1666,M,Prof,69,Other,69,85,Full,0,4766.0,3
18651,1666,M,Prof,69,Other,69,86,Full,0,5197.0,3
18652,1666,M,Prof,69,Other,69,87,Full,0,5459.0,3
18653,1666,M,Prof,69,Other,69,88,Full,0,5617.0,3
18654,1666,M,Prof,69,Other,69,89,Full,0,6008.0,3
18655,1666,M,Prof,69,Other,69,90,Full,0,6289.0,3
18656,1666,M,Prof,69,Other,69,91,Full,0,6581.0,3
18657,1666,M,Prof,69,Other,69,92,Full,0,6870.0,3
18658,1666,M,Prof,69,Other,69,93,Full,1,7519.0,3
18659,1666,M,Prof,69,Other,69,94,Full,1,7519.0,3
18660,1666,M,Prof,69,Other,69,95,Full,1,7829.0,3
18661,1667,M,Prof,67,Other,78,78,Assist,0,2204.0,1
18662,1667,M,Prof,67,Other,78,79,Assist,0,2584.0,1
18663,1667,M,Prof,67,Other,78,80,Assoc,0,2997.0,2
18664,1667,M,Prof,67,Other,78,81,Assoc,0,3258.0,2
18665,1667,M,Prof,67,Other,78,82,Assoc,0,3351.0,2
18666,1667,M,Prof,67,Other,78,83,Assoc,0,3530.0,2
18667,1667,M,Prof,67,Other,78,84,Assoc,0,3712.0,2
18668,1667,M,Prof,67,Other,78,85,Assoc,0,3712.0,2
18669,1667,M,Prof,67,Other,78,86,Assoc,0,4161.0,2
18670,1667,M,Prof,67,Other,78,87,Assoc,0,4160.0,2
18671,1667,M,Prof,67,Other,78,88,Assoc,0,4220.0,2
18672,1667,M,Prof,67,Other,78,89,Assoc,0,4645.0,2
18673,1667,M,Prof,67,Other,78,90,Assoc,0,4863.0,2
18674,1667,M,Prof,67,Other,78,91,Assoc,0,5162.0,2
18675,1667,M,Prof,67,Other,78,92,Assoc,0,5311.0,2
18676,1667,M,Prof,67,Other,78,93,Assoc,0,5465.0,2
18677,1667,M,Prof,67,Other,78,94,Assoc,0,5465.0,2
18678,1667,M,Prof,67,Other,78,95,Assoc,1,6405.0,2
18679,1668,F,Prof,69,Other,91,91,Assist,0,4165.0,1
18680,1668,F,Prof,69,Other,91,92,Assist,0,4165.0,1
18681,1668,F,Prof,69,Other,91,93,Assist,0,4286.0,1
18682,1668,F,Prof,69,Other,91,94,Assist,0,4286.0,1
18683,1668,F,Prof,69,Other,91,95,Assist,0,4604.0,1
18684,1669,M,Prof,55,Other,56,76,Full,0,2479.0,3
18685,1669,M,Prof,55,Other,56,77,Full,0,3039.0,3
18686,1669,M,Prof,55,Other,56,78,Full,0,3251.0,3
18687,1669,M,Prof,55,Other,56,79,Full,0,3512.0,3
18688,1669,M,Prof,55,Other,56,80,Full,0,3792.0,3
18689,1669,M,Prof,55,Other,56,81,Full,0,4111.0,3
18690,1669,M,Prof,55,Other,56,82,Full,0,4111.0,3
18691,1669,M,Prof,55,Other,56,83,Full,0,4338.0,3
18692,1669,M,Prof,55,Other,56,84,Full,0,4438.0,3
18693,1669,M,Prof,55,Other,56,85,Full,0,4438.0,3
18694,1669,M,Prof,55,Other,56,86,Full,0,4838.0,3
18695,1669,M,Prof,55,Other,56,87,Full,0,5082.0,3
18696,1669,M,Prof,55,Other,56,88,Full,0,5229.0,3
18697,1669,M,Prof,55,Other,56,89,Full,0,5594.0,3
18698,1669,M,Prof,55,Other,56,90,Full,0,5772.0,3
18699,1669,M,Prof,55,Other,56,91,Full,0,5955.0,3
18700,1669,M,Prof,55,Other,56,92,Full,0,6040.0,3
18701,1669,M,Prof,55,Other,56,93,Full,0,6216.0,3
18702,1669,M,Prof,55,Other,56,94,Full,0,6216.0,3
18703,1669,M,Prof,55,Other,56,95,Full,0,6604.0,3
18704,1670,M,Prof,72,Other,72,76,Assoc,0,2288.0,2
18705,1670,M,Prof,72,Other,72,77,Assoc,0,2494.0,2
18706,1670,M,Prof,72,Other,72,78,Assoc,0,2619.0,2
18707,1670,M,Prof,72,Other,72,79,Assoc,0,2875.0,2
18708,1670,M,Prof,72,Other,72,80,Assoc,0,3079.104,2
18709,1670,M,Prof,72,Other,72,81,Assoc,0,3365.0,2
18710,1670,M,Prof,72,Other,72,82,Assoc,0,3365.0,2
18711,1670,M,Prof,72,Other,72,83,Assoc,0,3550.0,2
18712,1670,M,Prof,72,Other,72,84,Assoc,0,3632.0,2
18713,1670,M,Prof,72,Other,72,85,Assoc,0,3632.0,2
18714,1670,M,Prof,72,Other,72,86,Assoc,0,3742.0,2
18715,1670,M,Prof,72,Other,72,87,Assoc,0,3930.0,2
18716,1670,M,Prof,72,Other,72,88,Assoc,0,3930.0,2
18717,1670,M,Prof,72,Other,72,89,Assoc,0,4086.0,2
18718,1670,M,Prof,72,Other,72,90,Assoc,0,4156.0,2
18719,1670,M,Prof,72,Other,72,91,Assoc,0,4412.0,2
18720,1670,M,Prof,72,Other,72,92,Assoc,0,4538.0,2
18721,1670,M,Prof,72,Other,72,93,Assoc,0,4670.0,2
18722,1670,M,Prof,72,Other,72,94,Assoc,0,4670.0,2
18723,1670,M,Prof,72,Other,72,95,Assoc,0,4806.0,2
18724,1671,M,Prof,66,Other,66,76,Full,0,2436.0,3
18725,1671,M,Prof,66,Other,66,77,Full,0,2704.0,3
18726,1671,M,Prof,66,Other,66,78,Full,0,2838.0,3
18727,1671,M,Prof,66,Other,66,79,Full,0,3162.687,3
18728,1671,M,Prof,66,Other,66,81,Full,0,3614.0,3
18729,1671,M,Prof,66,Other,66,82,Full,1,4230.0,3
18730,1671,M,Prof,66,Other,66,83,Full,1,4463.0,3
18731,1671,M,Prof,66,Other,66,84,Full,1,4766.0,3
18732,1671,M,Prof,66,Other,66,85,Full,1,4766.0,3
18733,1671,M,Prof,66,Other,66,86,Full,1,4908.0,3
18734,1671,M,Prof,66,Other,66,87,Full,1,5155.0,3
18735,1671,M,Prof,66,Other,66,88,Full,1,5874.0,3
18736,1671,M,Prof,66,Other,66,89,Full,1,6833.0,3
18737,1671,M,Prof,66,Other,66,90,Full,1,7051.0,3
18738,1671,M,Prof,66,Other,66,91,Full,1,7379.0,3
18739,1671,M,Prof,66,Other,66,92,Full,1,7593.0,3
18740,1671,M,Prof,66,Other,66,93,Full,1,7813.0,3
18741,1671,M,Prof,66,Other,66,94,Full,1,7813.0,3
18742,1671,M,Prof,66,Other,66,95,Full,1,8039.0,3
18743,1672,M,Prof,74,Other,78,78,Assist,0,2423.0,1
18744,1672,M,Prof,74,Other,78,79,Assist,0,2500.0,1
18745,1672,M,Prof,74,Other,78,80,Assist,0,2690.0,1
18746,1672,M,Prof,74,Other,78,81,Assoc,0,3132.0,2
18747,1672,M,Prof,74,Other,78,82,Assoc,0,3364.0,2
18748,1672,M,Prof,74,Other,78,83,Assoc,0,3550.0,2
18749,1672,M,Prof,74,Other,78,84,Assoc,0,3738.0,2
18750,1672,M,Prof,74,Other,78,85,Assoc,0,3738.0,2
18751,1672,M,Prof,74,Other,78,86,Full,0,3962.0,3
18752,1672,M,Prof,74,Other,78,87,Full,0,4160.0,3
18753,1672,M,Prof,74,Other,78,88,Full,0,4160.0,3
18754,1672,M,Prof,74,Other,78,89,Full,0,4450.0,3
18755,1672,M,Prof,74,Other,78,90,Full,0,4528.0,3
18756,1672,M,Prof,74,Other,78,91,Full,0,4876.0,3
18757,1672,M,Prof,74,Other,78,92,Full,0,4876.0,3
18758,1672,M,Prof,74,Other,78,93,Full,0,5016.216,3
18759,1672,M,Prof,74,Other,78,94,Full,0,5016.216,3
18760,1672,M,Prof,74,Other,78,95,Full,0,5162.162,3
18761,1673,M,Prof,67,Other,67,76,Assoc,0,2360.0,2
18762,1673,M,Prof,67,Other,67,77,Assoc,0,2642.0,2
18763,1673,M,Prof,67,Other,67,78,Assoc,0,2724.0,2
18764,1673,M,Prof,67,Other,67,79,Assoc,0,2918.0,2
18765,1673,M,Prof,67,Other,67,80,Assoc,0,3140.0,2
18766,1673,M,Prof,67,Other,67,81,Assoc,0,3462.0,2
18767,1673,M,Prof,67,Other,67,82,Assoc,0,3462.0,2
18768,1673,M,Prof,67,Other,67,84,Assoc,0,3738.0,2
18769,1673,M,Prof,67,Other,67,85,Assoc,0,3738.0,2
18770,1673,M,Prof,67,Other,67,86,Assoc,0,3850.0,2
18771,1673,M,Prof,67,Other,67,87,Assoc,0,4044.0,2
18772,1673,M,Prof,67,Other,67,88,Assoc,0,4160.0,2
18773,1673,M,Prof,67,Other,67,89,Assoc,0,4388.0,2
18774,1673,M,Prof,67,Other,67,90,Assoc,0,4528.0,2
18775,1673,M,Prof,67,Other,67,91,Assoc,0,4738.0,2
18776,1673,M,Prof,67,Other,67,92,Assoc,0,4806.0,2
18777,1673,M,Prof,67,Other,67,93,Assoc,0,4946.0,2
18778,1673,M,Prof,67,Other,67,94,Assoc,0,4946.0,2
18779,1673,M,Prof,67,Other,67,95,Assoc,0,5088.0,2
18780,1674,M,Prof,74,Other,85,85,Assist,0,3287.0,1
18781,1674,M,Prof,74,Other,85,86,Assist,0,3583.0,1
18782,1674,M,Prof,74,Other,85,87,Assist,0,3764.0,1
18783,1674,M,Prof,74,Other,85,88,Assist,0,3929.0,1
18784,1674,M,Prof,74,Other,85,89,Assoc,0,4325.0,2
18785,1674,M,Prof,74,Other,85,90,Assoc,0,5149.0,2
18786,1674,M,Prof,74,Other,85,91,Assoc,0,5544.0,2
18787,1674,M,Prof,74,Other,85,92,Assoc,0,5760.0,2
18788,1674,M,Prof,74,Other,85,93,Assoc,0,5955.0,2
18789,1674,M,Prof,74,Other,85,94,Assoc,0,5955.0,2
18790,1674,M,Prof,74,Other,85,95,Assoc,0,6127.0,2
18791,1675,M,Prof,81,Other,86,86,Assist,0,3433.0,1
18792,1675,M,Prof,81,Other,86,87,Assist,0,3606.0,1
18793,1675,M,Prof,81,Other,86,88,Assist,0,3711.0,1
18794,1675,M,Prof,81,Other,86,89,Assist,0,4143.0,1
18795,1675,M,Prof,81,Other,86,90,Assist,0,4400.0,1
18796,1675,M,Prof,81,Other,86,91,Assist,0,4670.0,1
18797,1675,M,Prof,81,Other,86,92,Assist,0,4806.0,1
18798,1675,M,Prof,81,Other,86,93,Assist,0,4945.0,1
18799,1675,M,Prof,81,Other,86,94,Assist,0,4945.0,1
18800,1675,M,Prof,81,Other,86,95,Assoc,0,5388.0,2
18801,1676,M,Prof,78,Other,83,83,Assist,0,3122.0,1
18802,1676,M,Prof,78,Other,83,84,Assist,0,3333.0,1
18803,1676,M,Prof,78,Other,83,85,Assist,0,3333.0,1
18804,1676,M,Prof,78,Other,83,86,Assist,0,3636.0,1
18805,1676,M,Prof,78,Other,83,87,Assist,0,3818.0,1
18806,1676,M,Prof,78,Other,83,88,Assoc,0,4220.0,2
18807,1676,M,Prof,78,Other,83,89,Assoc,0,4580.0,2
18808,1676,M,Prof,78,Other,83,90,Assoc,0,5004.0,2
18809,1676,M,Prof,78,Other,83,91,Assoc,0,5388.0,2
18810,1676,M,Prof,78,Other,83,92,Assoc,0,5624.0,2
18811,1676,M,Prof,78,Other,83,93,Assoc,0,5787.0,2
18812,1676,M,Prof,78,Other,83,94,Full,0,6513.0,3
18813,1676,M,Prof,78,Other,83,95,Full,0,6696.0,3
18814,1677,M,Prof,72,Other,74,76,Assist,1,2500.0,1
18815,1677,M,Prof,72,Other,74,77,Assist,1,2750.0,1
18816,1677,M,Prof,72,Other,74,78,Assist,1,3025.0,1
18817,1677,M,Prof,72,Other,74,79,Assoc,1,3459.0,2
18818,1677,M,Prof,72,Other,74,80,Assoc,1,3702.985,2
18819,1677,M,Prof,72,Other,74,81,Assoc,1,4111.0,2
18820,1677,M,Prof,72,Other,74,82,Assoc,1,4479.0,2
18821,1677,M,Prof,72,Other,74,83,Assoc,0,4725.0,2
18822,1677,M,Prof,72,Other,74,84,Assoc,0,4835.0,2
18823,1677,M,Prof,72,Other,74,85,Assoc,0,4835.0,2
18824,1677,M,Prof,72,Other,74,86,Full,0,5122.0,3
18825,1677,M,Prof,72,Other,74,87,Full,0,5381.0,3
18826,1677,M,Prof,72,Other,74,88,Full,0,5537.0,3
18827,1677,M,Prof,72,Other,74,89,Full,0,6008.0,3
18828,1677,M,Prof,72,Other,74,90,Full,0,6472.0,3
18829,1677,M,Prof,72,Other,74,91,Full,0,6772.0,3
18830,1677,M,Prof,72,Other,74,92,Full,0,6969.0,3
18831,1677,M,Prof,72,Other,74,93,Full,0,7171.0,3
18832,1677,M,Prof,72,Other,74,94,Full,0,7171.0,3
18833,1677,M,Prof,72,Other,74,95,Full,0,7379.0,3
18834,1678,M,Prof,58,Other,86,86,Full,0,5272.0,3
18835,1678,M,Prof,58,Other,86,88,Full,0,5537.0,3
18836,1678,M,Prof,58,Other,86,89,Full,0,5923.0,3
18837,1678,M,Prof,58,Other,86,90,Full,0,6289.0,3
18838,1678,M,Prof,58,Other,86,91,Full,0,6581.0,3
18839,1678,M,Prof,58,Other,86,92,Full,0,6870.0,3
18840,1678,M,Prof,58,Other,86,93,Full,0,7069.0,3
18841,1678,M,Prof,58,Other,86,94,Full,0,7069.0,3
18842,1678,M,Prof,58,Other,86,95,Full,0,7274.0,3
18843,1679,M,Prof,64,Other,73,76,Assist,0,2184.0,1
18844,1679,M,Prof,64,Other,73,77,Assist,1,2934.0,1
18845,1679,M,Prof,64,Other,73,78,Assist,1,3081.0,1
18846,1679,M,Prof,64,Other,73,79,Assist,1,3334.0,1
18847,1679,M,Prof,64,Other,73,80,Assoc,1,3750.0,2
18848,1679,M,Prof,64,Other,73,81,Assoc,1,4111.0,2
18849,1679,M,Prof,64,Other,73,82,Assoc,1,4354.0,2
18850,1679,M,Prof,64,Other,73,83,Assoc,1,4593.0,2
18851,1679,M,Prof,64,Other,73,84,Assoc,1,4975.0,2
18852,1679,M,Prof,64,Other,73,85,Assoc,1,4975.0,2
18853,1679,M,Prof,64,Other,73,86,Assoc,1,5122.0,2
18854,1679,M,Prof,64,Other,73,87,Assoc,1,5381.0,2
18855,1679,M,Prof,64,Other,73,88,Assoc,1,5537.0,2
18856,1679,M,Prof,64,Other,73,89,Assoc,1,5923.0,2
18857,1679,M,Prof,64,Other,73,90,Assoc,1,6200.0,2
18858,1679,M,Prof,64,Other,73,91,Assoc,1,6488.0,2
18859,1679,M,Prof,64,Other,73,92,Assoc,1,6676.0,2
18860,1679,M,Prof,64,Other,73,93,Assoc,1,6870.0,2
18861,1679,M,Prof,64,Other,73,94,Assoc,1,6870.0,2
18862,1679,M,Prof,64,Other,73,95,Assoc,1,7274.0,2
18863,1680,F,Prof,83,Other,93,93,Assist,0,5088.0,1
18864,1680,F,Prof,83,Other,93,94,Assist,0,5087.778,1
18865,1680,F,Prof,83,Other,93,95,Assist,0,5235.556,1
18866,1681,M,Prof,85,Other,91,91,Assist,0,4806.0,1
18867,1681,M,Prof,85,Other,91,92,Assist,0,4945.0,1
18868,1681,M,Prof,85,Other,91,93,Assist,0,5088.0,1
18869,1681,M,Prof,85,Other,91,94,Assist,0,5088.0,1
18870,1681,M,Prof,85,Other,91,95,Assist,0,5236.0,1
18871,1682,M,Prof,72,Other,75,76,Assist,0,1910.0,1
18872,1682,M,Prof,72,Other,75,77,Assist,0,2158.0,1
18873,1682,M,Prof,72,Other,75,78,Assist,0,2288.0,1
18874,1682,M,Prof,72,Other,75,79,Assist,0,2667.0,1
18875,1682,M,Prof,72,Other,75,80,Assist,0,2786.0,1
18876,1682,M,Prof,72,Other,75,81,Assist,0,3172.0,1
18877,1682,M,Prof,72,Other,75,82,Assist,0,3262.0,1
18878,1682,M,Prof,72,Other,75,83,Assoc,0,3634.0,2
18879,1682,M,Prof,72,Other,75,84,Assoc,0,3790.0,2
18880,1682,M,Prof,72,Other,75,85,Assoc,0,3790.0,2
18881,1682,M,Prof,72,Other,75,86,Assoc,0,3904.0,2
18882,1682,M,Prof,72,Other,75,87,Assoc,0,4101.0,2
18883,1682,M,Prof,72,Other,75,88,Assoc,1,4855.0,2
18884,1682,M,Prof,72,Other,75,89,Assoc,1,5150.0,2
18885,1682,M,Prof,72,Other,75,90,Assoc,1,5385.0,2
18886,1682,M,Prof,72,Other,75,91,Assoc,1,5705.0,2
18887,1682,M,Prof,72,Other,75,92,Assoc,1,5870.0,2
18888,1682,M,Prof,72,Other,75,93,Assoc,0,6676.0,2
18889,1682,M,Prof,72,Other,75,94,Assoc,1,6676.0,2
18890,1682,M,Prof,72,Other,75,95,Assoc,1,7026.0,2
18891,1683,M,Prof,81,Prof,89,89,Assist,0,5601.0,1
18892,1683,M,Prof,81,Prof,89,90,Assist,0,5863.0,1
18893,1683,M,Prof,81,Prof,89,91,Assist,0,6223.0,1
18894,1683,M,Prof,81,Prof,89,92,Assist,0,6404.0,1
18895,1683,M,Prof,81,Prof,89,93,Full,0,6781.0,3
18896,1683,M,Prof,81,Prof,89,94,Full,0,6781.0,3
18897,1683,M,Prof,81,Prof,89,95,Full,0,7283.0,3
18898,1685,M,Prof,65,Prof,79,79,Full,0,4445.0,3
18899,1685,M,Prof,65,Prof,79,80,Full,0,4810.0,3
18900,1685,M,Prof,65,Prof,79,81,Full,0,5400.0,3
18901,1685,M,Prof,65,Prof,79,82,Full,0,5717.0,3
18902,1685,M,Prof,65,Prof,79,83,Full,0,6207.0,3
18903,1685,M,Prof,65,Prof,79,84,Full,0,6821.0,3
18904,1685,M,Prof,65,Prof,79,85,Full,0,6821.0,3
18905,1685,M,Prof,65,Prof,79,86,Full,0,7989.0,3
18906,1685,M,Prof,65,Prof,79,87,Full,0,9011.0,3
18907,1685,M,Prof,65,Prof,79,88,Full,0,9141.0,3
18908,1685,M,Prof,65,Prof,79,89,Full,0,9781.0,3
18909,1685,M,Prof,65,Prof,79,90,Full,0,10238.0,3
18910,1685,M,Prof,65,Prof,79,91,Full,0,10867.0,3
18911,1685,M,Prof,65,Prof,79,92,Full,0,10411.0,3
18912,1685,M,Prof,65,Prof,79,93,Full,0,10867.0,3
18913,1685,M,Prof,65,Prof,79,94,Full,0,10867.0,3
18914,1685,M,Prof,65,Prof,79,95,Full,0,11507.0,3
18915,1686,M,Prof,71,Prof,75,76,Assoc,0,2125.0,2
18916,1686,M,Prof,71,Prof,75,77,Assoc,0,2337.0,2
18917,1686,M,Prof,71,Prof,75,78,Assoc,0,2460.0,2
18918,1686,M,Prof,71,Prof,75,79,Assoc,0,2759.0,2
18919,1686,M,Prof,71,Prof,75,80,Assoc,0,2964.0,2
18920,1686,M,Prof,71,Prof,75,81,Assoc,0,3275.0,2
18921,1686,M,Prof,71,Prof,75,82,Assoc,1,3369.0,2
18922,1686,M,Prof,71,Prof,75,83,Assoc,0,3658.0,2
18923,1686,M,Prof,71,Prof,75,84,Assoc,0,3906.0,2
18924,1686,M,Prof,71,Prof,75,85,Assoc,0,3906.0,2
18925,1686,M,Prof,71,Prof,75,86,Assoc,0,4023.0,2
18926,1686,M,Prof,71,Prof,75,87,Assoc,0,4225.0,2
18927,1686,M,Prof,71,Prof,75,88,Full,0,4473.0,3
18928,1686,M,Prof,71,Prof,75,89,Full,0,5068.0,3
18929,1686,M,Prof,71,Prof,75,90,Full,0,5305.0,3
18930,1686,M,Prof,71,Prof,75,91,Full,0,5631.0,3
18931,1686,M,Prof,71,Prof,75,92,Full,0,5794.0,3
18932,1686,M,Prof,71,Prof,75,93,Full,0,5962.0,3
18933,1686,M,Prof,71,Prof,75,94,Full,0,5962.0,3
18934,1686,M,Prof,71,Prof,75,95,Full,0,6135.0,3
18935,1688,M,Prof,87,Prof,88,88,Assist,0,4538.0,1
18936,1688,M,Prof,87,Prof,88,89,Assist,0,4718.0,1
18937,1688,M,Prof,87,Prof,88,90,Assist,0,5010.0,1
18938,1688,M,Prof,87,Prof,88,91,Assist,0,5551.0,1
18939,1688,M,Prof,87,Prof,88,92,Assist,0,5712.0,1
18940,1688,M,Prof,87,Prof,88,93,Full,0,6048.0,3
18941,1688,M,Prof,87,Prof,88,94,Full,0,6048.0,3
18942,1688,M,Prof,87,Prof,88,95,Full,0,6313.0,3
18943,1689,M,Prof,73,Prof,75,76,Assist,0,2196.0,1
18944,1689,M,Prof,73,Prof,75,77,Assist,0,2449.0,1
18945,1689,M,Prof,73,Prof,75,78,Assoc,0,2778.0,2
18946,1689,M,Prof,73,Prof,75,79,Assoc,0,3333.0,2
18947,1689,M,Prof,73,Prof,75,81,Full,0,4358.0,3
18948,1689,M,Prof,73,Prof,75,82,Full,0,4615.0,3
18949,1689,M,Prof,73,Prof,75,83,Full,0,5010.0,3
18950,1689,M,Prof,73,Prof,75,84,Full,0,5427.0,3
18951,1689,M,Prof,73,Prof,75,85,Full,0,5427.0,3
18952,1689,M,Prof,73,Prof,75,86,Full,0,6447.0,3
18953,1689,M,Prof,73,Prof,75,87,Full,0,6771.0,3
18954,1689,M,Prof,73,Prof,75,88,Full,0,7067.0,3
18955,1689,M,Prof,73,Prof,75,89,Full,0,7781.0,3
18956,1689,M,Prof,73,Prof,75,90,Full,1,8931.0,3
18957,1689,M,Prof,73,Prof,75,91,Full,1,9446.0,3
18958,1689,M,Prof,73,Prof,75,92,Full,1,9850.0,3
18959,1689,M,Prof,73,Prof,75,93,Full,1,10129.0,3
18960,1689,M,Prof,73,Prof,75,94,Full,0,9579.0,3
18961,1689,M,Prof,73,Prof,75,95,Full,0,9974.0,3
18962,1690,M,Prof,67,Prof,76,76,Assoc,0,2768.0,2
18963,1690,M,Prof,67,Prof,76,77,Assoc,0,3046.0,2
18964,1690,M,Prof,67,Prof,76,78,Assoc,0,3200.0,2
18965,1690,M,Prof,67,Prof,76,79,Assoc,0,3548.0,2
18966,1690,M,Prof,67,Prof,76,80,Assoc,0,3826.667,2
18967,1690,M,Prof,67,Prof,76,81,Assoc,0,4234.667,2
18968,1690,M,Prof,67,Prof,76,82,Full,0,4420.0,3
18969,1690,M,Prof,67,Prof,76,83,Full,0,4664.0,3
18970,1690,M,Prof,67,Prof,76,84,Full,0,4981.333,3
18971,1690,M,Prof,67,Prof,76,85,Full,0,4981.333,3
18972,1690,M,Prof,67,Prof,76,86,Full,1,5431.0,3
18973,1690,M,Prof,67,Prof,76,87,Full,0,5702.667,3
18974,1690,M,Prof,67,Prof,76,88,Full,1,5703.0,3
18975,1690,M,Prof,67,Prof,76,89,Full,1,6842.0,3
18976,1690,M,Prof,67,Prof,76,90,Full,1,7162.0,3
18977,1690,M,Prof,67,Prof,76,91,Full,1,7494.0,3
18978,1690,M,Prof,67,Prof,76,92,Full,1,7712.0,3
18979,1690,M,Prof,67,Prof,76,93,Full,1,8402.0,3
18980,1690,M,Prof,67,Prof,76,94,Full,1,8646.0,3
18981,1690,M,Prof,67,Prof,76,95,Full,1,8896.0,3
18983,1692,F,Prof,75,Prof,84,84,Assoc,0,5199.0,2
18984,1692,F,Prof,75,Prof,84,85,Full,0,5349.0,3
18985,1692,F,Prof,75,Prof,84,86,Full,0,6265.0,3
18986,1692,F,Prof,75,Prof,84,87,Full,0,6580.0,3
18987,1692,F,Prof,75,Prof,84,88,Full,0,6771.0,3
18988,1692,F,Prof,75,Prof,84,89,Full,0,7349.0,3
18989,1692,F,Prof,75,Prof,84,90,Full,0,7876.119,3
18990,1692,F,Prof,75,Prof,84,91,Full,0,8402.0,3
18991,1692,F,Prof,75,Prof,84,92,Full,0,8770.0,3
18992,1692,F,Prof,75,Prof,84,93,Full,1,9654.0,3
18993,1692,F,Prof,75,Prof,84,94,Full,0,9654.0,3
18994,1692,F,Prof,75,Prof,84,95,Full,0,9556.0,3
18995,1693,M,Prof,72,Prof,92,92,Assist,0,7388.0,1
18996,1693,M,Prof,72,Prof,92,93,Assist,0,7602.0,1
18997,1693,M,Prof,72,Prof,92,94,Assist,0,7602.0,1
18998,1693,M,Prof,72,Prof,92,95,Assist,0,7935.0,1
18999,1694,M,Prof,61,Prof,64,76,Full,0,3415.0,3
19000,1694,M,Prof,61,Prof,64,77,Full,0,3790.0,3
19001,1694,M,Prof,61,Prof,64,78,Full,0,4056.0,3
19002,1694,M,Prof,61,Prof,64,79,Full,1,4303.0,3
19003,1694,M,Prof,61,Prof,64,80,Full,1,4685.0,3
19004,1694,M,Prof,61,Prof,64,81,Full,0,5478.0,3
19005,1694,M,Prof,61,Prof,64,82,Full,0,5717.0,3
19006,1694,M,Prof,61,Prof,64,83,Full,0,6207.0,3
19007,1694,M,Prof,61,Prof,64,84,Full,0,6723.0,3
19008,1694,M,Prof,61,Prof,64,85,Full,0,6723.0,3
19009,1694,M,Prof,61,Prof,64,86,Full,0,7989.0,3
19010,1694,M,Prof,61,Prof,64,87,Full,0,8390.0,3
19011,1694,M,Prof,61,Prof,64,88,Full,0,8511.0,3
19012,1694,M,Prof,61,Prof,64,89,Full,1,9106.0,3
19013,1694,M,Prof,61,Prof,64,90,Full,1,10082.0,3
19014,1694,M,Prof,61,Prof,64,91,Full,0,10118.0,3
19015,1694,M,Prof,61,Prof,64,92,Full,0,10411.0,3
19016,1694,M,Prof,61,Prof,64,93,Full,0,10713.0,3
19017,1694,M,Prof,61,Prof,64,94,Full,0,10713.0,3
19018,1694,M,Prof,61,Prof,64,95,Full,0,11024.0,3
19019,1695,M,Prof,58,Prof,65,76,Full,0,3295.0,3
19020,1695,M,Prof,58,Prof,65,77,Full,0,3559.701,3
19021,1695,M,Prof,58,Prof,65,78,Full,0,3667.0,3
19022,1695,M,Prof,58,Prof,65,79,Full,0,3972.0,3
19023,1695,M,Prof,58,Prof,65,80,Full,0,4266.0,3
19024,1695,M,Prof,58,Prof,65,81,Full,0,4548.0,3
19025,1695,M,Prof,58,Prof,65,82,Full,0,4817.0,3
19026,1695,M,Prof,58,Prof,65,83,Full,0,5082.0,3
19027,1695,M,Prof,58,Prof,65,84,Full,0,5427.0,3
19028,1695,M,Prof,58,Prof,65,85,Full,0,5427.0,3
19029,1695,M,Prof,58,Prof,65,86,Full,0,5588.0,3
19030,1695,M,Prof,58,Prof,65,87,Full,0,5869.0,3
19031,1695,M,Prof,58,Prof,65,88,Full,0,6486.0,3
19032,1695,M,Prof,58,Prof,65,89,Full,0,7142.0,3
19033,1695,M,Prof,58,Prof,65,90,Full,0,7475.0,3
19034,1695,M,Prof,58,Prof,65,91,Full,0,8049.0,3
19035,1695,M,Prof,58,Prof,65,92,Full,0,8523.0,3
19036,1695,M,Prof,58,Prof,65,93,Full,0,8646.0,3
19037,1695,M,Prof,58,Prof,65,94,Full,0,8646.0,3
19038,1695,M,Prof,58,Prof,65,95,Full,0,9025.0,3
19039,1696,F,Prof,70,Prof,72,76,Assoc,0,2339.0,2
19040,1696,F,Prof,70,Prof,72,77,Assoc,0,2577.0,2
19041,1696,F,Prof,70,Prof,72,78,Full,0,2889.0,3
19042,1696,F,Prof,70,Prof,72,79,Full,0,3389.0,3
19043,1696,F,Prof,70,Prof,72,81,Full,0,4358.0,3
19044,1696,F,Prof,70,Prof,72,82,Full,0,4615.0,3
19045,1696,F,Prof,70,Prof,72,84,Full,0,5427.0,3
19046,1696,F,Prof,70,Prof,72,85,Full,0,5427.0,3
19047,1696,F,Prof,70,Prof,72,86,Full,0,6265.0,3
19048,1696,F,Prof,70,Prof,72,87,Full,0,6580.0,3
19049,1696,F,Prof,70,Prof,72,88,Full,0,6868.0,3
19050,1696,F,Prof,70,Prof,72,89,Full,0,7781.0,3
19051,1696,F,Prof,70,Prof,72,90,Full,0,8381.0,3
19052,1696,F,Prof,70,Prof,72,91,Full,0,8896.0,3
19053,1696,F,Prof,70,Prof,72,92,Full,0,9154.0,3
19054,1696,F,Prof,70,Prof,72,93,Full,0,9420.0,3
19055,1696,F,Prof,70,Prof,72,94,Full,0,9420.0,3
19056,1696,F,Prof,70,Prof,72,95,Full,0,9693.0,3
19057,1698,M,Prof,76,Prof,81,81,Assist,0,4057.0,1
19058,1698,M,Prof,76,Prof,81,82,Assoc,0,4358.0,2
19059,1698,M,Prof,76,Prof,81,83,Assoc,0,4732.0,2
19060,1698,M,Prof,76,Prof,81,84,Assoc,0,5052.0,2
19061,1698,M,Prof,76,Prof,81,85,Assoc,0,5052.0,2
19062,1698,M,Prof,76,Prof,81,86,Full,0,6265.0,3
19063,1698,M,Prof,76,Prof,81,87,Full,0,6580.0,3
19064,1698,M,Prof,76,Prof,81,88,Full,0,6675.0,3
19065,1698,M,Prof,76,Prof,81,89,Full,0,7244.0,3
19066,1698,M,Prof,76,Prof,81,90,Full,0,7803.0,3
19067,1698,M,Prof,76,Prof,81,91,Full,0,8402.0,3
19068,1698,M,Prof,76,Prof,81,92,Full,0,8770.0,3
19069,1698,M,Prof,76,Prof,81,93,Full,1,9654.0,3
19070,1698,M,Prof,76,Prof,81,94,Full,1,9654.0,3
19071,1698,M,Prof,76,Prof,81,95,Full,0,9556.0,3
19072,1699,M,Prof,78,Prof,84,84,Assist,0,4571.0,1
19073,1699,M,Prof,78,Prof,84,85,Assist,0,4704.0,1
19074,1699,M,Prof,78,Prof,84,86,Assist,0,5278.0,1
19075,1699,M,Prof,78,Prof,84,87,Assist,0,5543.0,1
19076,1699,M,Prof,78,Prof,84,88,Assist,0,5786.0,1
19077,1699,M,Prof,78,Prof,84,89,Assist,0,6280.0,1
19078,1699,M,Prof,78,Prof,84,90,Full,0,6764.0,3
19079,1699,M,Prof,78,Prof,84,91,Full,0,7180.0,3
19080,1699,M,Prof,78,Prof,84,92,Full,0,7388.0,3
19081,1699,M,Prof,78,Prof,84,93,Full,0,7602.0,3
19082,1699,M,Prof,78,Prof,84,94,Full,0,7602.0,3
19083,1699,M,Prof,78,Prof,84,95,Full,0,7823.0,3
19084,1700,M,Prof,66,Prof,70,76,Full,0,2482.0,3
19085,1700,M,Prof,66,Prof,70,77,Full,0,2668.0,3
19086,1700,M,Prof,66,Prof,70,78,Full,0,2778.0,3
19087,1700,M,Prof,66,Prof,70,79,Full,0,3250.0,3
19088,1700,M,Prof,66,Prof,70,80,Full,0,3771.0,3
19089,1700,M,Prof,66,Prof,70,81,Full,0,4335.821,3
19090,1700,M,Prof,66,Prof,70,82,Full,0,4358.0,3
19091,1700,M,Prof,66,Prof,70,83,Full,0,4664.0,3
19092,1700,M,Prof,66,Prof,70,84,Full,0,5052.0,3
19093,1700,M,Prof,66,Prof,70,85,Full,0,5052.0,3
19094,1700,M,Prof,66,Prof,70,86,Full,0,5203.0,3
19095,1700,M,Prof,66,Prof,70,87,Full,0,5464.0,3
19096,1700,M,Prof,66,Prof,70,88,Full,0,5543.0,3
19097,1700,M,Prof,66,Prof,70,89,Full,0,5931.0,3
19098,1700,M,Prof,66,Prof,70,90,Full,0,6208.0,3
19099,1700,M,Prof,66,Prof,70,91,Full,0,6590.0,3
19100,1700,M,Prof,66,Prof,70,92,Full,0,6878.0,3
19101,1700,M,Prof,66,Prof,70,93,Full,0,7078.0,3
19102,1700,M,Prof,66,Prof,70,94,Full,0,7078.0,3
19103,1700,M,Prof,66,Prof,70,95,Full,0,7283.0,3
19104,1701,F,Prof,91,Prof,94,94,Assist,0,7777.0,1
19105,1701,F,Prof,91,Prof,94,95,Assist,0,8049.0,1
19106,1702,M,Prof,61,Prof,64,76,Full,0,3355.0,3
19107,1702,M,Prof,61,Prof,64,77,Full,0,3724.0,3
19108,1702,M,Prof,61,Prof,64,78,Full,0,4000.0,3
19109,1702,M,Prof,61,Prof,64,79,Full,0,4472.0,3
19110,1702,M,Prof,61,Prof,64,81,Full,0,5400.0,3
19111,1702,M,Prof,61,Prof,64,82,Full,0,5717.0,3
19112,1702,M,Prof,61,Prof,64,83,Full,0,6207.0,3
19113,1702,M,Prof,61,Prof,64,84,Full,0,6723.0,3
19114,1702,M,Prof,61,Prof,64,85,Full,0,6723.0,3
19115,1702,M,Prof,61,Prof,64,86,Full,0,7989.0,3
19116,1702,M,Prof,61,Prof,64,87,Full,0,8390.0,3
19117,1702,M,Prof,61,Prof,64,88,Full,0,8511.0,3
19118,1702,M,Prof,61,Prof,64,89,Full,0,9106.0,3
19119,1702,M,Prof,61,Prof,64,90,Full,0,9532.0,3
19120,1702,M,Prof,61,Prof,64,91,Full,0,10118.0,3
19121,1702,M,Prof,61,Prof,64,92,Full,0,10411.0,3
19122,1702,M,Prof,61,Prof,64,93,Full,0,10713.0,3
19123,1702,M,Prof,61,Prof,64,94,Full,1,11213.0,3
19124,1702,M,Prof,61,Prof,64,95,Full,1,12524.0,3
19125,1703,M,Prof,72,Prof,55,76,Full,0,3816.0,3
19126,1703,M,Prof,72,Prof,55,77,Full,0,4235.0,3
19127,1703,M,Prof,72,Prof,55,78,Full,0,4500.0,3
19128,1703,M,Prof,72,Prof,55,79,Full,0,4993.939,3
19129,1703,M,Prof,72,Prof,55,80,Full,0,5243.0,3
19130,1703,M,Prof,72,Prof,55,81,Full,0,5800.0,3
19131,1703,M,Prof,72,Prof,55,82,Full,0,5800.0,3
19132,1703,M,Prof,72,Prof,55,83,Full,0,6296.0,3
19133,1703,M,Prof,72,Prof,55,84,Full,0,6919.0,3
19134,1703,M,Prof,72,Prof,55,85,Full,0,6919.0,3
19135,1703,M,Prof,72,Prof,55,86,Full,0,8221.0,3
19136,1703,M,Prof,72,Prof,55,87,Full,0,8633.0,3
19137,1703,M,Prof,72,Prof,55,88,Full,0,8757.0,3
19138,1703,M,Prof,72,Prof,55,89,Full,0,9370.0,3
19139,1703,M,Prof,72,Prof,55,90,Full,0,9808.0,3
19140,1703,M,Prof,72,Prof,55,91,Full,0,10561.0,3
19141,1703,M,Prof,72,Prof,55,92,Full,0,10867.0,3
19142,1703,M,Prof,72,Prof,55,93,Full,0,11024.0,3
19143,1703,M,Prof,72,Prof,55,94,Full,0,11024.0,3
19144,1703,M,Prof,72,Prof,55,95,Full,0,11343.0,3
19145,1705,F,Prof,78,Prof,85,85,Assist,0,4704.0,1
19146,1705,F,Prof,78,Prof,85,86,Assist,0,4844.0,1
19147,1705,F,Prof,78,Prof,85,87,Assist,0,5087.0,1
19148,1705,F,Prof,78,Prof,85,88,Assist,0,5543.0,1
19149,1705,F,Prof,78,Prof,85,89,Assist,0,5846.0,1
19150,1705,F,Prof,78,Prof,85,90,Assist,0,6120.0,1
19151,1705,F,Prof,78,Prof,85,91,Full,0,6590.0,3
19152,1705,F,Prof,78,Prof,85,92,Full,0,6781.0,3
19153,1705,F,Prof,78,Prof,85,93,Full,0,6977.0,3
19154,1705,F,Prof,78,Prof,85,94,Full,0,6977.0,3
19155,1705,F,Prof,78,Prof,85,95,Full,0,7823.0,3
19156,1706,M,Prof,84,Prof,89,89,Assist,0,5290.0,1
19157,1706,M,Prof,84,Prof,89,90,Assist,0,5381.0,1
19158,1706,M,Prof,84,Prof,89,91,Assist,0,5712.0,1
19159,1706,M,Prof,84,Prof,89,92,Assist,0,5878.0,1
19160,1706,M,Prof,84,Prof,89,93,Assist,0,6048.0,1
19161,1706,M,Prof,84,Prof,89,94,Full,0,6223.0,3
19162,1706,M,Prof,84,Prof,89,95,Full,0,6590.0,3
19163,1707,M,Prof,79,Prof,85,85,Assist,0,4704.0,1
19164,1707,M,Prof,79,Prof,85,86,Assist,0,4844.0,1
19165,1707,M,Prof,79,Prof,85,87,Assist,0,5087.0,1
19166,1707,M,Prof,79,Prof,85,88,Assist,0,5623.0,1
19167,1707,M,Prof,79,Prof,85,89,Assist,0,6103.0,1
19168,1707,M,Prof,79,Prof,85,90,Full,1,7123.0,3
19169,1707,M,Prof,79,Prof,85,91,Full,1,7628.0,3
19170,1707,M,Prof,79,Prof,85,92,Full,1,7847.0,3
19171,1707,M,Prof,79,Prof,85,93,Full,0,7516.0,3
19172,1707,M,Prof,79,Prof,85,94,Full,0,7516.0,3
19173,1707,M,Prof,79,Prof,85,95,Full,1,8283.0,3
19174,1708,M,Prof,54,Prof,56,76,Full,0,3816.0,3
19175,1708,M,Prof,54,Prof,56,77,Full,0,4235.0,3
19176,1708,M,Prof,54,Prof,56,78,Full,0,4500.0,3
19177,1708,M,Prof,54,Prof,56,79,Full,0,4944.0,3
19178,1708,M,Prof,54,Prof,56,80,Full,0,5243.0,3
19179,1708,M,Prof,54,Prof,56,81,Full,0,5800.0,3
19180,1708,M,Prof,54,Prof,56,82,Full,0,5800.0,3
19181,1708,M,Prof,54,Prof,56,83,Full,0,6296.0,3
19182,1708,M,Prof,54,Prof,56,84,Full,0,6919.0,3
19183,1708,M,Prof,54,Prof,56,85,Full,0,6919.0,3
19184,1708,M,Prof,54,Prof,56,86,Full,0,8221.0,3
19185,1708,M,Prof,54,Prof,56,87,Full,0,8633.0,3
19186,1708,M,Prof,54,Prof,56,88,Full,0,8757.0,3
19187,1708,M,Prof,54,Prof,56,89,Full,0,9370.0,3
19188,1708,M,Prof,54,Prof,56,90,Full,0,9808.0,3
19189,1708,M,Prof,54,Prof,56,91,Full,0,10561.0,3
19190,1708,M,Prof,54,Prof,56,92,Full,0,10867.0,3
19191,1708,M,Prof,54,Prof,56,93,Full,0,11182.0,3
19192,1708,M,Prof,54,Prof,56,94,Full,0,11182.0,3
19193,1708,M,Prof,54,Prof,56,95,Full,0,11507.0,3
19195,1711,M,Prof,62,Prof,64,76,Full,0,3061.0,3
19196,1711,M,Prof,62,Prof,64,77,Full,0,3352.0,3
19197,1711,M,Prof,62,Prof,64,78,Full,0,3500.0,3
19198,1711,M,Prof,62,Prof,64,79,Full,0,3806.0,3
19199,1711,M,Prof,62,Prof,64,80,Full,0,4099.0,3
19200,1711,M,Prof,62,Prof,64,81,Full,0,4485.0,3
19201,1711,M,Prof,62,Prof,64,82,Full,0,4485.0,3
19202,1711,M,Prof,62,Prof,64,83,Full,0,5082.0,3
19203,1711,M,Prof,62,Prof,64,84,Full,0,5427.0,3
19204,1711,M,Prof,62,Prof,64,85,Full,0,5427.0,3
19205,1711,M,Prof,62,Prof,64,86,Full,0,5588.0,3
19206,1711,M,Prof,62,Prof,64,87,Full,0,6486.0,3
19207,1711,M,Prof,62,Prof,64,88,Full,0,6580.0,3
19208,1711,M,Prof,62,Prof,64,89,Full,0,7562.0,3
19209,1711,M,Prof,62,Prof,64,90,Full,0,8145.0,3
19210,1711,M,Prof,62,Prof,64,91,Full,0,8646.0,3
19211,1711,M,Prof,62,Prof,64,92,Full,0,9025.0,3
19212,1711,M,Prof,62,Prof,64,93,Full,0,9420.0,3
19213,1711,M,Prof,62,Prof,64,94,Full,0,9420.0,3
19214,1711,M,Prof,62,Prof,64,95,Full,0,9974.0,3
19215,1712,M,Prof,71,Other,92,92,Full,0,7170.626,3
19216,1712,M,Prof,71,Other,92,93,Full,0,7379.41,3
19217,1712,M,Prof,71,Other,92,94,Full,0,7378.049,3
19218,1712,M,Prof,71,Other,92,95,Full,0,7591.793,3
19219,1713,M,Prof,77,Other,82,82,Assoc,1,3088.0,2
19220,1713,M,Prof,77,Other,82,83,Assoc,1,3258.0,2
19221,1713,M,Prof,77,Other,82,84,Assoc,1,3479.0,2
19222,1713,M,Prof,77,Other,82,85,Assoc,1,3479.0,2
19223,1713,M,Prof,77,Other,82,86,Assoc,1,3794.0,2
19224,1713,M,Prof,77,Other,82,87,Assoc,1,3986.0,2
19225,1713,M,Prof,77,Other,82,88,Assoc,1,4101.0,2
19226,1713,M,Prof,77,Other,82,89,Assoc,1,4387.0,2
19227,1713,M,Prof,77,Other,82,90,Assoc,1,4725.0,2
19228,1713,M,Prof,77,Other,82,91,Assoc,0,5472.0,2
19229,1713,M,Prof,77,Other,82,92,Assoc,0,5631.0,2
19230,1713,M,Prof,77,Other,82,93,Assoc,0,5794.0,2
19231,1713,M,Prof,77,Other,82,94,Assoc,0,5794.0,2
19232,1713,M,Prof,77,Other,82,95,Assoc,1,6313.0,2
19233,1714,M,Prof,73,Prof,86,86,Assist,0,6356.0,1
19234,1714,M,Prof,73,Prof,86,87,Assist,0,6675.0,1
19235,1714,M,Prof,73,Prof,86,88,Assist,0,6967.0,1
19236,1714,M,Prof,73,Prof,86,89,Full,0,7671.0,3
19237,1714,M,Prof,73,Prof,86,90,Full,0,8029.0,3
19238,1714,M,Prof,73,Prof,86,91,Full,0,8523.0,3
19239,1714,M,Prof,73,Prof,86,92,Full,0,8770.0,3
19240,1714,M,Prof,73,Prof,86,93,Full,0,9154.0,3
19241,1714,M,Prof,73,Prof,86,94,Full,0,9154.0,3
19242,1714,M,Prof,73,Prof,86,95,Full,0,9556.0,3
19243,1715,F,Prof,83,Prof,87,87,Assist,0,4736.0,1
19244,1715,F,Prof,83,Prof,87,88,Assist,0,4944.0,1
19245,1715,F,Prof,83,Prof,87,89,Assist,0,5601.0,1
19246,1715,F,Prof,83,Prof,87,90,Assist,0,5863.0,1
19247,1715,F,Prof,83,Prof,87,91,Assist,0,6313.0,1
19248,1715,F,Prof,83,Prof,87,92,Full,0,6684.0,3
19249,1715,F,Prof,83,Prof,87,93,Full,0,6878.0,3
19250,1715,F,Prof,83,Prof,87,94,Full,0,6878.0,3
19251,1715,F,Prof,83,Prof,87,95,Full,0,7180.0,3
19252,1716,M,Prof,73,Prof,67,76,Full,0,3151.0,3
19253,1716,M,Prof,73,Prof,67,77,Full,0,3498.0,3
19254,1716,M,Prof,73,Prof,67,78,Full,0,3723.0,3
19255,1716,M,Prof,73,Prof,67,80,Full,0,4532.0,3
19256,1716,M,Prof,73,Prof,67,81,Full,0,5028.0,3
19257,1716,M,Prof,73,Prof,67,82,Full,0,5324.0,3
19258,1716,M,Prof,73,Prof,67,83,Full,0,5779.0,3
19259,1716,M,Prof,73,Prof,67,84,Full,0,6260.0,3
19260,1716,M,Prof,73,Prof,67,85,Full,0,6260.0,3
19261,1716,M,Prof,73,Prof,67,86,Full,0,7438.0,3
19262,1716,M,Prof,73,Prof,67,87,Full,0,7811.0,3
19263,1716,M,Prof,73,Prof,67,88,Full,0,8390.0,3
19264,1716,M,Prof,73,Prof,67,89,Full,0,9106.0,3
19265,1716,M,Prof,73,Prof,67,90,Full,0,9532.0,3
19266,1716,M,Prof,73,Prof,67,91,Full,0,10118.0,3
19267,1716,M,Prof,73,Prof,67,92,Full,0,10411.0,3
19268,1716,M,Prof,73,Prof,67,93,Full,0,10713.0,3
19269,1716,M,Prof,73,Prof,67,94,Full,0,10713.0,3
19270,1716,M,Prof,73,Prof,67,95,Full,0,11182.0,3
19271,1717,F,Prof,69,Other,93,93,Assoc,1,6676.0,2
19272,1717,F,Prof,69,Other,93,94,Assoc,1,6676.0,2
19273,1717,F,Prof,69,Other,93,95,Assoc,1,7026.0,2
19274,1718,M,Prof,56,Other,76,76,Assoc,0,2500.0,2
19275,1718,M,Prof,56,Other,76,77,Assoc,1,2800.0,2
19276,1718,M,Prof,56,Other,76,78,Assoc,0,2940.0,2
19277,1718,M,Prof,56,Other,76,79,Assoc,0,3209.0,2
19278,1718,M,Prof,56,Other,76,80,Assoc,1,3553.0,2
19279,1718,M,Prof,56,Other,76,81,Assoc,1,4169.0,2
19280,1718,M,Prof,56,Other,76,82,Assoc,1,4230.0,2
19281,1718,M,Prof,56,Other,76,83,Assoc,1,4463.0,2
19282,1718,M,Prof,56,Other,76,84,Assoc,1,4698.0,2
19283,1718,M,Prof,56,Other,76,85,Assoc,1,4698.0,2
19284,1718,M,Prof,56,Other,76,86,Assoc,1,5122.0,2
19285,1718,M,Prof,56,Other,76,87,Full,1,5698.0,3
19286,1718,M,Prof,56,Other,76,88,Full,1,5863.0,3
19287,1718,M,Prof,56,Other,76,89,Full,1,6183.0,3
19288,1718,M,Prof,56,Other,76,90,Full,1,6472.0,3
19289,1718,M,Prof,56,Other,76,91,Full,1,6772.0,3
19290,1718,M,Prof,56,Other,76,92,Full,1,6969.0,3
19291,1718,M,Prof,56,Other,76,93,Full,1,7171.0,3
19292,1718,M,Prof,56,Other,76,94,Full,1,7171.0,3
19293,1718,M,Prof,56,Other,76,95,Full,1,7379.0,3
19294,1719,M,Prof,71,Prof,74,76,Assist,0,2375.0,1
19295,1719,M,Prof,71,Prof,74,77,Assoc,0,2695.0,2
19296,1719,M,Prof,71,Prof,74,78,Assoc,0,2945.0,2
19297,1719,M,Prof,71,Prof,74,79,Assoc,0,3500.0,2
19298,1719,M,Prof,71,Prof,74,80,Full,0,3862.687,3
19299,1719,M,Prof,71,Prof,74,81,Full,0,4421.0,3
19300,1719,M,Prof,71,Prof,74,82,Full,0,4681.0,3
19301,1719,M,Prof,71,Prof,74,83,Full,1,5155.0,3
19302,1719,M,Prof,71,Prof,74,84,Full,1,5504.0,3
19303,1719,M,Prof,71,Prof,74,85,Full,1,5504.0,3
19304,1719,M,Prof,71,Prof,74,86,Full,1,6634.0,3
19305,1719,M,Prof,71,Prof,74,87,Full,1,6634.0,3
19306,1719,M,Prof,71,Prof,74,88,Full,1,7924.0,3
19307,1719,M,Prof,71,Prof,74,89,Full,0,8007.0,3
19308,1719,M,Prof,71,Prof,74,90,Full,0,8502.0,3
19309,1719,M,Prof,71,Prof,74,91,Full,0,9025.0,3
19310,1719,M,Prof,71,Prof,74,92,Full,0,9420.0,3
19311,1719,M,Prof,71,Prof,74,93,Full,0,9693.0,3
19312,1719,M,Prof,71,Prof,74,94,Full,0,10693.0,3
19313,1719,M,Prof,71,Prof,74,95,Full,0,10974.0,3
19314,1720,M,Prof,68,Prof,76,76,Full,0,2936.0,3
19315,1720,M,Prof,68,Prof,76,77,Full,0,3259.0,3
19316,1720,M,Prof,68,Prof,76,85,Full,0,6260.0,3
19317,1720,M,Prof,68,Prof,76,86,Full,0,6447.0,3
19318,1720,M,Prof,68,Prof,76,87,Full,0,6771.0,3
19319,1720,M,Prof,68,Prof,76,88,Full,1,8200.0,3
19320,1720,M,Prof,68,Prof,76,89,Full,1,8858.0,3
19321,1720,M,Prof,68,Prof,76,90,Full,0,9532.0,3
19322,1720,M,Prof,68,Prof,76,91,Full,0,10118.0,3
19323,1720,M,Prof,68,Prof,76,92,Full,0,10411.0,3
19324,1720,M,Prof,68,Prof,76,93,Full,0,10713.0,3
19325,1720,M,Prof,68,Prof,76,94,Full,0,10713.0,3
19326,1720,M,Prof,68,Prof,76,95,Full,0,11024.0,3
19327,1721,F,Prof,76,Prof,85,85,Full,0,5000.0,3
19328,1721,F,Prof,76,Prof,85,86,Full,0,5150.0,3
19329,1721,F,Prof,76,Prof,85,87,Full,0,5408.0,3
19330,1721,F,Prof,76,Prof,85,88,Full,0,5617.0,3
19331,1721,F,Prof,76,Prof,85,89,Full,0,6362.0,3
19332,1721,F,Prof,76,Prof,85,90,Full,0,6659.0,3
19333,1721,F,Prof,76,Prof,85,91,Full,0,7379.0,3
19334,1721,F,Prof,76,Prof,85,92,Full,0,7593.0,3
19335,1721,F,Prof,76,Prof,85,93,Full,0,7925.0,3
19336,1721,F,Prof,76,Prof,85,94,Full,0,7925.0,3
19337,1721,F,Prof,76,Prof,85,95,Full,0,8155.0,3
19338,1722,M,Prof,58,Prof,64,76,Full,0,3458.209,3
19339,1722,M,Prof,58,Prof,64,77,Full,0,3857.0,3
19340,1722,M,Prof,58,Prof,64,78,Full,0,4112.0,3
19341,1722,M,Prof,58,Prof,64,79,Full,0,4556.0,3
19342,1722,M,Prof,58,Prof,64,80,Full,0,4921.0,3
19343,1722,M,Prof,58,Prof,64,81,Full,0,5400.0,3
19344,1722,M,Prof,58,Prof,64,83,Full,0,6207.0,3
19345,1722,M,Prof,58,Prof,64,84,Full,0,6689.552,3
19346,1722,M,Prof,58,Prof,64,85,Full,0,6723.0,3
19347,1722,M,Prof,58,Prof,64,86,Full,0,7989.0,3
19348,1722,M,Prof,58,Prof,64,87,Full,0,8390.0,3
19349,1722,M,Prof,58,Prof,64,88,Full,0,8511.0,3
19350,1722,M,Prof,58,Prof,64,89,Full,0,9106.0,3
19351,1722,M,Prof,58,Prof,64,90,Full,0,9532.0,3
19352,1722,M,Prof,58,Prof,64,91,Full,0,10118.0,3
19353,1722,M,Prof,58,Prof,64,92,Full,0,10411.0,3
19354,1722,M,Prof,58,Prof,64,93,Full,0,10867.0,3
19355,1722,M,Prof,58,Prof,64,94,Full,0,10867.0,3
19356,1722,M,Prof,58,Prof,64,95,Full,0,11343.0,3
19358,1724,M,Prof,77,Other,83,83,Assist,0,2630.0,1
19359,1724,M,Prof,77,Other,83,84,Assist,0,2768.0,1
19360,1724,M,Prof,77,Other,83,85,Assist,0,2768.0,1
19361,1724,M,Prof,77,Other,83,86,Assist,0,3107.0,1
19362,1724,M,Prof,77,Other,83,87,Assoc,0,3357.0,2
19363,1724,M,Prof,77,Other,83,88,Assoc,0,3658.0,2
19364,1724,M,Prof,77,Other,83,89,Assoc,0,4085.0,2
19365,1724,M,Prof,77,Other,83,90,Assoc,0,4527.0,2
19366,1724,M,Prof,77,Other,83,91,Assoc,0,4945.0,2
19367,1724,M,Prof,77,Other,83,92,Full,0,5388.0,3
19368,1724,M,Prof,77,Other,83,93,Full,0,5544.0,3
19369,1724,M,Prof,77,Other,83,94,Full,0,5544.0,3
19370,1724,M,Prof,77,Other,83,95,Full,0,5787.0,3
19371,1725,M,Prof,80,Other,80,80,Assist,0,2010.0,1
19372,1725,M,Prof,80,Other,80,81,Assist,0,2255.0,1
19373,1725,M,Prof,80,Other,80,82,Assist,0,2422.0,1
19374,1725,M,Prof,80,Other,80,83,Assist,0,2784.0,1
19375,1725,M,Prof,80,Other,80,84,Assist,0,2931.0,1
19376,1725,M,Prof,80,Other,80,85,Assist,0,2931.0,1
19377,1725,M,Prof,80,Other,80,86,Assoc,0,3289.0,2
19378,1725,M,Prof,80,Other,80,87,Assoc,0,3455.0,2
19379,1725,M,Prof,80,Other,80,88,Assoc,0,3455.0,2
19380,1725,M,Prof,80,Other,80,89,Assoc,0,3696.0,2
19381,1725,M,Prof,80,Other,80,90,Assoc,0,3868.0,2
19382,1725,M,Prof,80,Other,80,91,Assoc,0,4106.0,2
19383,1725,M,Prof,80,Other,80,92,Assoc,0,4106.0,2
19384,1725,M,Prof,80,Other,80,93,Assoc,0,4286.0,2
19385,1725,M,Prof,80,Other,80,94,Assoc,0,4286.0,2
19386,1725,M,Prof,80,Other,80,95,Assoc,0,4348.0,2
19387,1726,M,Prof,77,Other,78,78,Assist,0,1846.0,1
19388,1726,M,Prof,77,Other,78,79,Assist,0,2022.0,1
19389,1726,M,Prof,77,Other,78,80,Assist,0,2152.0,1
19390,1726,M,Prof,77,Other,78,81,Assist,0,2388.0,1
19391,1726,M,Prof,77,Other,78,82,Assist,0,2754.667,1
19392,1726,M,Prof,77,Other,78,83,Assist,0,2906.0,1
19393,1726,M,Prof,77,Other,78,84,Assoc,0,3148.0,2
19394,1726,M,Prof,77,Other,78,85,Assoc,0,3148.0,2
19395,1726,M,Prof,77,Other,78,86,Assoc,0,3533.0,2
19396,1726,M,Prof,77,Other,78,87,Assoc,0,3711.0,2
19397,1726,M,Prof,77,Other,78,88,Assoc,0,3818.0,2
19398,1726,M,Prof,77,Other,78,89,Assoc,0,4085.0,2
19399,1726,M,Prof,77,Other,78,90,Assoc,0,4276.0,2
19400,1726,M,Prof,77,Other,78,91,Assoc,0,4474.0,2
19401,1726,M,Prof,77,Other,78,92,Assoc,0,4604.0,2
19402,1726,M,Prof,77,Other,78,93,Assoc,1,4875.0,2
19403,1726,M,Prof,77,Other,78,94,Full,1,5016.0,3
19404,1726,M,Prof,77,Other,78,95,Full,1,5298.0,3
19405,1729,M,Prof,70,Other,71,76,Assoc,0,1882.0,2
19406,1729,M,Prof,70,Other,71,77,Assoc,0,2063.218,2
19407,1729,M,Prof,70,Other,71,78,Assoc,0,2205.0,2
19408,1729,M,Prof,70,Other,71,79,Assoc,0,2461.0,2
19409,1729,M,Prof,70,Other,71,80,Assoc,0,2643.0,2
19410,1729,M,Prof,70,Other,71,81,Assoc,0,2876.0,2
19411,1729,M,Prof,70,Other,71,82,Assoc,0,2959.0,2
19412,1729,M,Prof,70,Other,71,83,Assoc,0,3122.0,2
19413,1729,M,Prof,70,Other,71,84,Assoc,0,3287.0,2
19414,1729,M,Prof,70,Other,71,85,Assoc,0,3287.0,2
19415,1729,M,Prof,70,Other,71,86,Assoc,0,3688.0,2
19416,1729,M,Prof,70,Other,71,87,Assoc,0,3873.0,2
19417,1729,M,Prof,70,Other,71,88,Full,1,4869.0,3
19418,1729,M,Prof,70,Other,71,89,Full,1,5359.0,3
19419,1729,M,Prof,70,Other,71,90,Full,1,5610.0,3
19420,1729,M,Prof,70,Other,71,91,Full,1,5955.0,3
19421,1729,M,Prof,70,Other,71,92,Full,1,6396.0,3
19422,1729,M,Prof,70,Other,71,93,Full,1,6581.0,3
19423,1729,M,Prof,70,Other,71,94,Full,1,6581.0,3
19424,1729,M,Prof,70,Other,71,95,Full,1,7590.0,3
19425,1730,M,Prof,77,Other,84,84,Assist,0,2920.0,1
19426,1730,M,Prof,77,Other,84,85,Assist,0,2931.0,1
19427,1730,M,Prof,77,Other,84,86,Assist,0,3289.0,1
19428,1730,M,Prof,77,Other,84,87,Assist,0,3455.0,1
19429,1730,M,Prof,77,Other,84,88,Assist,0,3555.0,1
19430,1730,M,Prof,77,Other,84,89,Assoc,0,3913.0,2
19431,1730,M,Prof,77,Other,84,90,Assoc,0,4096.0,2
19432,1730,M,Prof,77,Other,84,91,Assoc,0,4286.0,2
19433,1730,M,Prof,77,Other,84,92,Assoc,0,4411.0,2
19434,1730,M,Prof,77,Other,84,93,Assoc,0,4538.0,2
19435,1730,M,Prof,77,Other,84,94,Assoc,0,4538.0,2
19436,1730,M,Prof,77,Other,84,95,Assoc,0,4538.0,2
19437,1734,M,Prof,75,Other,89,89,Assist,0,4027.0,1
19438,1734,M,Prof,75,Other,89,90,Assist,0,4096.0,1
19439,1734,M,Prof,75,Other,89,91,Assist,0,4348.0,1
19440,1734,M,Prof,75,Other,89,92,Assist,0,4474.0,1
19441,1734,M,Prof,75,Other,89,93,Assist,0,4604.0,1
19442,1734,M,Prof,75,Other,89,94,Assist,0,4604.0,1
19443,1734,M,Prof,75,Other,89,95,Assist,0,4737.0,1
19444,1735,M,Prof,83,Other,90,90,Assist,0,4725.0,1
19445,1735,M,Prof,83,Other,90,91,Assist,0,4806.0,1
19446,1735,M,Prof,83,Other,90,92,Assist,0,4945.0,1
19447,1735,M,Prof,83,Other,90,93,Assist,0,5088.0,1
19448,1735,M,Prof,83,Other,90,94,Assist,0,5088.0,1
19449,1735,M,Prof,83,Other,90,95,Assoc,0,5544.0,2
19451,1737,M,Prof,79,Other,94,94,Assist,0,5563.0,1
19452,1737,M,Prof,79,Other,94,95,Assist,0,5719.0,1
19453,1738,M,Prof,73,Other,80,80,Assist,0,3380.0,1
19454,1738,M,Prof,73,Other,80,81,Assist,0,3718.75,1
19455,1738,M,Prof,73,Other,80,82,Assist,0,3825.0,1
19456,1738,M,Prof,73,Other,80,83,Assist,0,4037.0,1
19457,1738,M,Prof,73,Other,80,84,Assist,0,4250.0,1
19458,1738,M,Prof,73,Other,80,85,Assoc,0,4373.0,2
19459,1738,M,Prof,73,Other,80,86,Assoc,0,4505.0,2
19460,1738,M,Prof,73,Other,80,87,Assoc,0,4731.0,2
19461,1738,M,Prof,73,Other,80,88,Assoc,0,4869.0,2
19462,1738,M,Prof,73,Other,80,89,Assoc,0,5708.0,2
19463,1738,M,Prof,73,Other,80,90,Assoc,1,5976.0,2
19464,1738,M,Prof,73,Other,80,91,Assoc,0,6305.0,2
19465,1738,M,Prof,73,Other,80,92,Assoc,0,6488.0,2
19466,1738,M,Prof,73,Other,80,93,Assoc,0,6676.0,2
19467,1738,M,Prof,73,Other,80,94,Assoc,1,7485.0,2
19468,1738,M,Prof,73,Other,80,95,Assoc,1,7778.0,2
19469,1739,M,Prof,76,Other,85,85,Assoc,0,3737.0,2
19470,1739,M,Prof,76,Other,85,86,Assoc,0,3849.0,2
19471,1739,M,Prof,76,Other,85,87,Assoc,0,4043.0,2
19472,1739,M,Prof,76,Other,85,88,Assoc,0,4160.0,2
19473,1739,M,Prof,76,Other,85,89,Assoc,0,4450.0,2
19474,1739,M,Prof,76,Other,85,90,Assoc,0,4658.0,2
19475,1739,M,Prof,76,Other,85,91,Assoc,0,4945.0,2
19476,1739,M,Prof,76,Other,85,92,Assoc,0,5088.0,2
19477,1739,M,Prof,76,Other,85,93,Full,0,5388.0,3
19478,1739,M,Prof,76,Other,85,94,Full,0,5388.0,3
19479,1739,M,Prof,76,Other,85,95,Full,0,5705.0,3
19480,1740,F,Prof,82,Other,86,86,Assist,0,3107.0,1
19481,1740,F,Prof,82,Other,86,87,Assist,0,3263.0,1
19482,1740,F,Prof,82,Other,86,88,Assist,0,3406.0,1
19483,1740,F,Prof,82,Other,86,89,Assist,0,3696.0,1
19484,1740,F,Prof,82,Other,86,90,Assist,0,4038.0,1
19485,1740,F,Prof,82,Other,86,91,Assist,0,4474.0,1
19486,1740,F,Prof,82,Other,86,92,Assoc,0,4945.0,2
19487,1740,F,Prof,82,Other,86,93,Assoc,0,5236.0,2
19488,1740,F,Prof,82,Other,86,94,Assoc,0,5236.0,2
19489,1740,F,Prof,82,Other,86,95,Assoc,0,6216.0,2
19490,1741,M,Prof,60,Other,79,79,Full,0,4165.0,3
19491,1741,M,Prof,60,Other,79,81,Full,0,4170.0,3
19492,1741,M,Prof,60,Other,79,82,Full,0,4170.0,3
19493,1741,M,Prof,60,Other,79,83,Full,1,5690.0,3
19494,1741,M,Prof,60,Other,79,84,Full,1,6163.0,3
19495,1741,M,Prof,60,Other,79,85,Full,1,6163.0,3
19496,1741,M,Prof,60,Other,79,86,Full,1,6818.0,3
19497,1741,M,Prof,60,Other,79,87,Full,1,7162.0,3
19498,1741,M,Prof,60,Other,79,88,Full,1,7583.0,3
19499,1741,M,Prof,60,Other,79,89,Full,1,8239.0,3
19500,1741,M,Prof,60,Other,79,90,Full,1,8613.0,3
19501,1741,M,Prof,60,Other,79,91,Full,1,9143.0,3
19502,1741,M,Prof,60,Other,79,92,Full,1,9408.0,3
19503,1741,M,Prof,60,Other,79,93,Full,1,9681.0,3
19504,1741,M,Prof,60,Other,79,94,Full,0,9681.0,3
19505,1741,M,Prof,60,Other,79,95,Full,0,9962.0,3
19506,1742,F,Prof,88,Other,91,91,Assist,0,3663.0,1
19507,1742,F,Prof,88,Other,91,92,Assist,0,3663.0,1
19508,1742,F,Prof,88,Other,91,93,Assist,0,3823.0,1
19509,1742,F,Prof,88,Other,91,94,Assist,0,3823.0,1
19510,1742,F,Prof,88,Other,91,95,Assist,0,4165.0,1
19511,1743,F,Prof,84,Other,93,93,Assist,0,3714.737,1
19512,1743,F,Prof,84,Other,93,94,Assist,0,3715.556,1
19513,1743,F,Prof,84,Other,93,95,Assist,0,3934.0,1
19515,1745,F,Prof,79,Other,81,81,Assist,0,2223.0,1
19516,1745,F,Prof,79,Other,81,82,Assist,0,2353.0,1
19517,1745,F,Prof,79,Other,81,83,Assist,0,2482.0,1
19518,1745,F,Prof,79,Other,81,84,Assist,0,2729.0,1
19519,1745,F,Prof,79,Other,81,85,Assist,0,2729.0,1
19520,1745,F,Prof,79,Other,81,86,Assist,0,2811.0,1
19521,1745,F,Prof,79,Other,81,87,Assist,0,2952.0,1
19522,1745,F,Prof,79,Other,81,88,Assist,0,2952.0,1
19523,1745,F,Prof,79,Other,81,89,Assist,0,3250.0,1
19524,1745,F,Prof,79,Other,81,90,Assoc,0,3551.0,2
19525,1745,F,Prof,79,Other,81,91,Assoc,0,3663.0,2
19526,1745,F,Prof,79,Other,81,92,Assoc,0,3769.0,2
19527,1745,F,Prof,79,Other,81,93,Assoc,0,3823.0,2
19528,1745,F,Prof,79,Other,81,94,Assoc,0,3823.0,2
19529,1745,F,Prof,79,Other,81,95,Assoc,0,3933.75,2
19530,1746,M,Prof,73,Other,76,76,Assist,0,1778.333,1
19531,1746,M,Prof,73,Other,76,77,Assist,0,1600.0,1
19532,1746,M,Prof,73,Other,76,78,Assist,0,2773.333,1
19533,1746,M,Prof,73,Other,76,79,Assist,0,2500.0,1
19534,1746,M,Prof,73,Other,76,80,Assist,0,2690.0,1
19535,1746,M,Prof,73,Other,76,81,Assoc,0,3132.0,2
19536,1746,M,Prof,73,Other,76,82,Assoc,0,3364.0,2
19537,1746,M,Prof,73,Other,76,83,Assoc,0,3550.0,2
19538,1746,M,Prof,73,Other,76,84,Assoc,1,5120.0,2
19539,1746,M,Prof,73,Other,76,85,Assoc,1,5120.0,2
19540,1746,M,Prof,73,Other,76,86,Full,1,5424.0,3
19541,1746,M,Prof,73,Other,76,87,Full,1,5698.0,3
19542,1746,M,Prof,73,Other,76,88,Full,1,5863.0,3
19543,1746,M,Prof,73,Other,76,89,Full,1,6362.0,3
19544,1746,M,Prof,73,Other,76,90,Full,1,7360.0,3
19545,1746,M,Prof,73,Other,76,91,Full,1,7702.0,3
19546,1746,M,Prof,73,Other,76,92,Full,1,7925.0,3
19547,1746,M,Prof,73,Other,76,93,Full,1,7925.0,3
19548,1746,M,Prof,73,Other,76,94,Full,1,7925.0,3
19549,1746,M,Prof,73,Other,76,95,Full,0,8155.0,3
19550,1747,M,Prof,64,Other,81,81,Full,1,5093.0,3
19551,1747,M,Prof,64,Other,81,82,Full,1,5093.0,3
19552,1747,M,Prof,64,Other,81,83,Full,1,5374.0,3
19553,1747,M,Prof,64,Other,81,84,Full,1,5656.0,3
19554,1747,M,Prof,64,Other,81,85,Full,1,5656.0,3
19555,1747,M,Prof,64,Other,81,86,Full,1,6169.0,3
19556,1747,M,Prof,64,Other,81,87,Full,1,6480.0,3
19557,1747,M,Prof,64,Other,81,88,Full,1,6668.0,3
19558,1747,M,Prof,64,Other,81,89,Full,1,7032.0,3
19559,1747,M,Prof,64,Other,81,90,Full,1,7360.0,3
19560,1747,M,Prof,64,Other,81,91,Full,1,7702.0,3
19561,1747,M,Prof,64,Other,81,92,Full,1,7925.0,3
19562,1747,M,Prof,64,Other,81,93,Full,0,8130.0,3
19563,1747,M,Prof,64,Other,81,94,Full,0,8130.0,3
19564,1747,M,Prof,64,Other,81,95,Full,0,8366.0,3
19565,1748,M,Prof,79,Other,88,88,Assoc,0,4043.0,2
19566,1748,M,Prof,79,Other,88,89,Assoc,0,4387.0,2
19567,1748,M,Prof,79,Other,88,90,Assoc,0,4658.0,2
19568,1748,M,Prof,79,Other,88,91,Assoc,0,4875.0,2
19569,1748,M,Prof,79,Other,88,92,Assoc,0,5088.0,2
19570,1748,M,Prof,79,Other,88,93,Assoc,0,5311.0,2
19571,1748,M,Prof,79,Other,88,94,Assoc,0,5311.0,2
19572,1748,M,Prof,79,Other,88,95,Full,0,5787.0,3
19573,1751,M,Prof,72,Other,83,83,Assoc,0,5076.0,2
19574,1751,M,Prof,72,Other,83,84,Assoc,1,5577.0,2
19575,1751,M,Prof,72,Other,83,85,Assoc,1,5577.0,2
19576,1751,M,Prof,72,Other,83,86,Assoc,1,6081.0,2
19577,1751,M,Prof,72,Other,83,87,Assoc,1,6388.0,2
19578,1751,M,Prof,72,Other,83,88,Assoc,1,6573.0,2
19579,1751,M,Prof,72,Other,83,89,Assoc,1,7032.0,2
19580,1751,M,Prof,72,Other,83,90,Assoc,1,7360.0,2
19581,1751,M,Prof,72,Other,83,91,Assoc,1,7702.0,2
19582,1751,M,Prof,72,Other,83,92,Assoc,1,7925.0,2
19583,1751,M,Prof,72,Other,83,93,Assoc,1,8155.0,2
19584,1751,M,Prof,72,Other,83,94,Assoc,0,8155.0,2
19585,1751,M,Prof,72,Other,83,95,Assoc,0,8392.0,2
19586,1752,M,Other,70,Arts,87,87,Assist,0,3085.0,1
19587,1752,M,Other,70,Arts,87,88,Assist,0,3085.0,1
19588,1752,M,Other,70,Arts,87,89,Assist,0,3254.0,1
19589,1752,M,Other,70,Arts,87,90,Assoc,0,3658.0,2
19590,1752,M,Other,70,Arts,87,91,Assoc,0,3883.0,2
19591,1752,M,Other,70,Arts,87,92,Assoc,0,5631.0,2
19592,1752,M,Other,70,Arts,87,93,Assoc,0,5631.0,2
19593,1752,M,Other,70,Arts,87,94,Full,0,5794.0,3
19594,1752,M,Other,70,Arts,87,95,Full,0,6048.0,3
19595,1753,M,Other,69,Arts,84,84,Assist,0,2368.0,1
19596,1753,M,Other,69,Arts,84,85,Assist,0,2368.0,1
19597,1753,M,Other,69,Arts,84,86,Assist,0,2658.0,1
19598,1753,M,Other,69,Arts,84,87,Assist,0,2791.0,1
19599,1753,M,Other,69,Arts,84,88,Assist,0,2872.0,1
19600,1753,M,Other,69,Arts,84,89,Assist,0,3117.0,1
19601,1753,M,Other,69,Arts,84,90,Assoc,0,3640.299,2
19602,1753,M,Other,69,Arts,84,91,Assoc,0,4053.0,2
19603,1753,M,Other,69,Arts,84,92,Assoc,0,4231.0,2
19604,1753,M,Other,69,Arts,84,93,Assoc,0,4416.0,2
19605,1753,M,Other,69,Arts,84,94,Assoc,0,4416.0,2
19606,1753,M,Other,69,Arts,84,95,Assoc,0,4610.0,2
19607,1755,M,Other,78,Arts,89,89,Assist,0,3029.0,1
19608,1755,M,Other,78,Arts,89,90,Assist,0,3417.0,1
19609,1755,M,Other,78,Arts,89,91,Assist,0,3513.0,1
19610,1755,M,Other,78,Arts,89,92,Assist,0,3513.0,1
19611,1755,M,Other,78,Arts,89,93,Assist,0,3615.0,1
19612,1755,M,Other,78,Arts,89,94,Assist,0,4480.0,1
19613,1755,M,Other,78,Arts,89,95,Assist,0,4544.0,1
19614,1756,M,Other,60,Other,77,77,Assoc,0,2085.333,2
19615,1756,M,Other,60,Other,77,78,Assoc,0,1656.716,2
19616,1756,M,Other,60,Other,77,79,Assoc,0,2451.0,2
19617,1756,M,Other,60,Other,77,80,Assoc,0,2637.333,2
19618,1756,M,Other,60,Other,77,81,Assoc,0,2920.0,2
19619,1756,M,Other,60,Other,77,82,Assoc,0,2920.0,2
19620,1756,M,Other,60,Other,77,83,Assoc,0,3357.0,2
19621,1756,M,Other,60,Other,77,84,Full,0,3688.0,3
19622,1756,M,Other,60,Other,77,85,Full,0,3688.0,3
19623,1756,M,Other,60,Other,77,86,Full,0,4510.0,3
19624,1756,M,Other,60,Other,77,87,Full,0,4736.0,3
19625,1756,M,Other,60,Other,77,88,Full,0,5015.556,3
19626,1756,M,Other,60,Other,77,89,Full,0,5443.333,3
19627,1756,M,Other,60,Other,77,90,Full,0,5946.667,3
19628,1756,M,Other,60,Other,77,91,Full,0,6313.333,3
19629,1756,M,Other,60,Other,77,92,Full,0,6495.556,3
19630,1756,M,Other,60,Other,77,93,Full,0,6590.667,3
19631,1756,M,Other,60,Other,77,94,Full,0,6590.667,3
19632,1756,M,Other,60,Other,77,95,Full,0,6781.333,3
19633,1757,F,Other,69,Other,82,82,Assoc,0,2758.0,2
19634,1757,F,Other,69,Other,82,83,Assoc,0,2910.0,2
19635,1757,F,Other,69,Other,82,84,Assoc,0,3290.0,2
19636,1757,F,Other,69,Other,82,85,Assoc,0,3290.0,2
19637,1757,F,Other,69,Other,82,86,Assoc,0,3799.0,2
19638,1757,F,Other,69,Other,82,87,Full,0,4105.0,3
19639,1757,F,Other,69,Other,82,88,Full,0,4285.0,3
19640,1757,F,Other,69,Other,82,89,Full,0,4651.0,3
19641,1757,F,Other,69,Other,82,90,Full,0,5082.0,3
19642,1757,F,Other,69,Other,82,91,Full,0,5551.0,3
19643,1757,F,Other,69,Other,82,92,Full,0,5794.0,3
19644,1757,F,Other,69,Other,82,93,Full,1,6590.0,3
19645,1757,F,Other,69,Other,82,94,Full,1,6590.0,3
19646,1757,F,Other,69,Other,82,95,Full,1,6610.0,3
19647,1758,M,Other,66,Other,91,91,Full,0,5550.667,3
19648,1758,M,Other,66,Other,91,92,Full,0,5712.0,3
19649,1758,M,Other,66,Other,91,93,Full,0,5878.667,3
19650,1758,M,Other,66,Other,91,94,Full,0,5878.667,3
19651,1758,M,Other,66,Other,91,95,Full,0,6134.667,3
19653,1761,M,Other,56,Arts,68,76,Full,0,2018.0,3
19654,1761,M,Other,56,Arts,68,77,Full,0,2216.0,3
19655,1761,M,Other,56,Arts,68,78,Full,0,2256.0,3
19656,1761,M,Other,56,Arts,68,79,Full,0,2496.667,3
19657,1761,M,Other,56,Arts,68,80,Full,0,2641.667,3
19658,1761,M,Other,56,Arts,68,81,Full,0,2798.333,3
19659,1761,M,Other,56,Arts,68,82,Full,0,2878.333,3
19660,1761,M,Other,56,Arts,68,83,Full,0,3037.0,3
19661,1761,M,Other,56,Arts,68,84,Full,0,3243.0,3
19662,1761,M,Other,56,Arts,68,85,Full,0,3243.0,3
19663,1761,M,Other,56,Arts,68,86,Full,0,3341.0,3
19664,1761,M,Other,56,Arts,68,87,Full,0,3508.0,3
19665,1761,M,Other,56,Arts,68,88,Full,0,3933.0,3
19666,1761,M,Other,56,Arts,68,89,Full,0,4393.0,3
19667,1761,M,Other,56,Arts,68,90,Full,0,4533.0,3
19668,1761,M,Other,56,Arts,68,91,Full,0,4676.0,3
19669,1761,M,Other,56,Arts,68,92,Full,0,4812.0,3
19670,1761,M,Other,56,Arts,68,93,Full,0,4812.0,3
19671,1761,M,Other,56,Arts,68,94,Full,1,4812.0,3
19672,1761,M,Other,56,Arts,68,95,Full,1,5022.0,3
19673,1762,M,Other,67,Other,91,91,Assoc,0,3991.0,2
19674,1762,M,Other,67,Other,91,92,Assoc,0,4106.0,2
19675,1762,M,Other,67,Other,91,93,Assoc,0,4225.0,2
19676,1762,M,Other,67,Other,91,94,Assoc,0,4225.0,2
19677,1762,M,Other,67,Other,91,95,Assoc,0,4411.0,2
19678,1763,M,Other,68,Other,92,92,Full,0,9420.0,3
19679,1763,M,Other,68,Other,92,93,Full,0,9556.0,3
19680,1763,M,Other,68,Other,92,94,Full,0,10713.0,3
19681,1763,M,Other,68,Other,92,95,Full,0,11840.0,3
19682,1764,M,Other,71,Other,77,77,Assist,0,1652.0,1
19683,1764,M,Other,71,Other,77,78,Assist,0,1717.0,1
19684,1764,M,Other,71,Other,77,79,Assist,0,1919.0,1
19685,1764,M,Other,71,Other,77,81,Assist,0,2225.0,1
19686,1764,M,Other,71,Other,77,82,Assist,0,2290.0,1
19687,1764,M,Other,71,Other,77,83,Assist,0,2451.0,1
19688,1764,M,Other,71,Other,77,84,Assoc,0,3107.0,2
19689,1764,M,Other,71,Other,77,85,Assoc,0,3107.0,2
19690,1764,M,Other,71,Other,77,86,Assoc,0,3487.0,2
19691,1764,M,Other,71,Other,77,87,Full,0,4105.0,3
19692,1764,M,Other,71,Other,77,88,Full,0,4225.0,3
19693,1764,M,Other,71,Other,77,89,Full,0,4585.0,3
19694,1764,M,Other,71,Other,77,90,Full,0,4869.0,3
19695,1764,M,Other,71,Other,77,91,Full,0,5394.0,3
19696,1764,M,Other,71,Other,77,92,Full,0,5631.0,3
19697,1764,M,Other,71,Other,77,93,Full,0,5878.0,3
19698,1764,M,Other,71,Other,77,94,Full,0,5878.0,3
19699,1764,M,Other,71,Other,77,95,Full,0,6313.0,3
19700,1765,M,Other,55,Arts,68,76,Assoc,0,2018.0,2
19701,1765,M,Other,55,Arts,68,77,Assoc,0,2216.0,2
19702,1765,M,Other,55,Arts,68,78,Assoc,0,2296.0,2
19703,1765,M,Other,55,Arts,68,79,Assoc,0,2455.0,2
19704,1765,M,Other,55,Arts,68,80,Assoc,0,2597.5,2
19705,1765,M,Other,55,Arts,68,81,Full,0,2797.5,3
19706,1765,M,Other,55,Arts,68,82,Full,0,2877.5,3
19707,1765,M,Other,55,Arts,68,84,Full,0,3243.0,3
19708,1765,M,Other,55,Arts,68,85,Full,0,3243.0,3
19709,1765,M,Other,55,Arts,68,86,Full,0,3341.0,3
19710,1765,M,Other,55,Arts,68,87,Full,0,3508.0,3
19711,1765,M,Other,55,Arts,68,88,Full,0,3933.0,3
19712,1765,M,Other,55,Arts,68,89,Full,0,4330.0,3
19713,1765,M,Other,55,Arts,68,90,Full,0,4468.0,3
19714,1765,M,Other,55,Arts,68,91,Full,0,4610.0,3
19715,1765,M,Other,55,Arts,68,92,Full,0,4812.0,3
19716,1765,M,Other,55,Arts,68,93,Full,0,4812.0,3
19717,1765,M,Other,55,Arts,68,94,Full,0,4812.0,3
19718,1765,M,Other,55,Arts,68,95,Full,0,4951.0,3
19719,1766,M,Other,55,Arts,68,76,Assoc,0,1910.0,2
19720,1766,M,Other,55,Arts,68,77,Assoc,0,2216.0,2
19721,1766,M,Other,55,Arts,68,78,Full,0,2256.0,3
19722,1766,M,Other,55,Arts,68,79,Full,0,2497.5,3
19723,1766,M,Other,55,Arts,68,80,Full,0,2597.5,3
19724,1766,M,Other,55,Arts,68,81,Full,0,2757.5,3
19725,1766,M,Other,55,Arts,68,82,Full,0,2837.5,3
19726,1766,M,Other,55,Arts,68,84,Full,0,3243.0,3
19727,1766,M,Other,55,Arts,68,85,Full,0,3243.0,3
19728,1766,M,Other,55,Arts,68,86,Full,0,3341.0,3
19729,1766,M,Other,55,Arts,68,87,Full,0,3508.0,3
19730,1766,M,Other,55,Arts,68,88,Full,1,4101.0,3
19731,1766,M,Other,55,Arts,68,89,Full,1,4515.0,3
19732,1766,M,Other,55,Arts,68,90,Full,1,6472.0,3
19733,1766,M,Other,55,Arts,68,91,Full,1,6772.0,3
19734,1766,M,Other,55,Arts,68,92,Full,1,7069.0,3
19735,1766,M,Other,55,Arts,68,93,Full,1,7274.0,3
19736,1766,M,Other,55,Arts,68,94,Full,1,7274.0,3
19737,1766,M,Other,55,Arts,68,95,Full,1,7593.0,3
19738,1767,M,Other,56,Arts,91,91,Full,0,6590.0,3
19739,1767,M,Other,56,Arts,91,92,Full,0,6878.0,3
19740,1767,M,Other,56,Arts,91,93,Full,0,7078.0,3
19741,1767,M,Other,56,Arts,91,94,Full,0,7078.0,3
19742,1767,M,Other,56,Arts,91,95,Full,0,7823.0,3
19743,1768,F,Other,70,Arts,85,85,Assist,0,2437.0,1
19744,1768,F,Other,70,Arts,85,86,Assist,0,2510.0,1
19745,1768,F,Other,70,Arts,85,87,Assist,0,2636.0,1
19746,1768,F,Other,70,Arts,85,88,Assist,0,2831.0,1
19747,1768,F,Other,70,Arts,85,89,Assist,0,3029.0,1
19748,1768,F,Other,70,Arts,85,90,Assoc,0,3658.0,2
19749,1768,F,Other,70,Arts,85,91,Assoc,0,3883.0,2
19750,1768,F,Other,70,Arts,85,92,Assoc,0,4053.0,2
19751,1768,F,Other,70,Arts,85,93,Assoc,0,4171.0,2
19752,1768,F,Other,70,Arts,85,94,Assoc,0,4171.0,2
19753,1768,F,Other,70,Arts,85,95,Assoc,0,4292.0,2
19754,1769,M,Other,57,Arts,77,77,Full,0,3355.0,3
19755,1769,M,Other,57,Arts,77,78,Full,0,3576.0,3
19756,1769,M,Other,57,Arts,77,79,Full,0,3906.0,3
19757,1769,M,Other,57,Arts,77,80,Full,0,4364.179,3
19758,1769,M,Other,57,Arts,77,81,Full,0,4749.0,3
19759,1769,M,Other,57,Arts,77,82,Full,0,4886.0,3
19760,1769,M,Other,57,Arts,77,83,Full,0,5155.0,3
19761,1769,M,Other,57,Arts,77,84,Full,0,5427.0,3
19762,1769,M,Other,57,Arts,77,85,Full,0,5427.0,3
19763,1769,M,Other,57,Arts,77,86,Full,0,5917.0,3
19764,1769,M,Other,57,Arts,77,87,Full,0,6214.0,3
19765,1769,M,Other,57,Arts,77,88,Full,0,6304.0,3
19766,1769,M,Other,57,Arts,77,89,Full,0,6649.0,3
19767,1769,M,Other,57,Arts,77,90,Full,0,6861.0,3
19768,1769,M,Other,57,Arts,77,91,Full,0,7078.0,3
19769,1769,M,Other,57,Arts,77,92,Full,0,7283.0,3
19770,1769,M,Other,57,Arts,77,93,Full,0,7283.0,3
19771,1769,M,Other,57,Arts,77,94,Full,0,7283.0,3
19772,1769,M,Other,57,Arts,77,95,Full,0,7494.0,3
19773,1770,M,Other,51,Other,64,76,Assoc,0,1946.0,2
19774,1770,M,Other,51,Other,64,77,Assoc,0,2147.0,2
19775,1770,M,Other,51,Other,64,78,Assoc,0,2249.0,2
19776,1770,M,Other,51,Other,64,79,Assoc,0,2484.0,2
19777,1770,M,Other,51,Other,64,80,Assoc,0,2690.0,2
19778,1770,M,Other,51,Other,64,81,Assoc,0,3005.0,2
19779,1770,M,Other,51,Other,64,82,Full,0,3322.0,3
19780,1770,M,Other,51,Other,64,83,Full,0,3554.0,3
19781,1770,M,Other,51,Other,64,84,Full,0,3851.0,3
19782,1770,M,Other,51,Other,64,85,Full,0,3851.0,3
19783,1770,M,Other,51,Other,64,86,Full,0,3966.0,3
19784,1770,M,Other,51,Other,64,87,Full,0,4165.0,3
19785,1770,M,Other,51,Other,64,88,Full,0,4473.0,3
19786,1770,M,Other,51,Other,64,89,Full,0,4718.0,3
19787,1770,M,Other,51,Other,64,90,Full,0,5082.0,3
19788,1770,M,Other,51,Other,64,91,Full,0,5318.0,3
19789,1770,M,Other,51,Other,64,92,Full,0,5472.0,3
19790,1770,M,Other,51,Other,64,93,Full,0,5551.0,3
19791,1770,M,Other,51,Other,64,94,Full,0,5551.0,3
19792,1770,M,Other,51,Other,64,95,Full,0,5712.0,3
